class,instance,seed,mode,box_types,requested_units,loaded_units,requested_volume_util_pct,util_pct,runtime_s,valid,validation_reason
BR1,1,2502505,space_evenly,3,112,97,98.82607357620336,84.02040304929075,0.0022069689999852926,True,
BR1,1,2502505,space_evenly_infill,3,112,100,98.82607357620336,87.32619421581263,0.01549714899999799,True,
BR1,1,2502505,front_to_back,3,112,82,98.82607357620336,80.25232621747965,0.016772054999989905,True,
BR1,1,2502505,front_to_back_infill,3,112,100,98.82607357620336,87.32619421581263,0.018937966000009965,True,
BR1,2,2502605,space_evenly,3,138,82,98.86383742965182,86.60815257886274,0.0004910410000036336,True,
BR1,2,2502605,space_evenly_infill,3,138,102,98.86383742965182,88.31804456154647,0.0033042889999990166,True,
BR1,2,2502605,front_to_back,3,138,79,98.86383742965182,87.85337933812391,0.37647784399999296,True,
BR1,2,2502605,front_to_back_infill,3,138,89,98.86383742965182,88.70832532946578,0.3677146199999868,True,
BR1,3,2502705,space_evenly,3,127,102,99.58005119373392,82.46580714545415,0.0005256659999872682,True,
BR1,3,2502705,space_evenly_infill,3,127,106,99.58005119373392,84.95341582911317,0.0022789779999925486,True,
BR1,3,2502705,front_to_back,3,127,74,99.58005119373392,65.87114094495045,0.015887098000007427,True,
BR1,3,2502705,front_to_back_infill,3,127,85,99.58005119373392,72.71206482501275,0.022363597000008895,True,
BR1,4,2502805,space_evenly,3,197,165,99.82281597441244,87.31852711998357,0.0019319360000054075,True,
BR1,4,2502805,space_evenly_infill,3,197,165,99.82281597441244,87.31852711998357,0.004673424999992903,True,
BR1,4,2502805,front_to_back,3,197,121,99.82281597441244,86.0583948883369,1.4975006280000116,True,
BR1,4,2502805,front_to_back_infill,3,197,121,99.82281597441244,86.0583948883369,1.5840075809999803,True,
BR1,5,2502905,space_evenly,3,136,113,99.48405795752821,85.4212681981361,0.0015854259999912301,True,
BR1,5,2502905,space_evenly_infill,3,136,113,99.48405795752821,85.4212681981361,0.005081111999999166,True,
BR1,5,2502905,front_to_back,3,136,113,99.48405795752821,85.31789700235497,0.18928061400001184,True,
BR1,5,2502905,front_to_back_infill,3,136,121,99.48405795752821,90.24525733458914,0.25445075999999744,True,
BR1,6,2503005,space_evenly,3,147,104,99.83396267550071,77.53019147466802,0.0031267089999857944,True,
BR1,6,2503005,space_evenly_infill,3,147,130,99.83396267550071,88.23880128762012,0.022734506999995574,True,
BR1,6,2503005,front_to_back,3,147,86,99.83396267550071,74.44520735057472,0.4864353039999969,True,
BR1,6,2503005,front_to_back_infill,3,147,116,99.83396267550071,86.80129559628868,0.5100098409999987,True,
BR1,7,2503105,space_evenly,3,126,62,99.80326105813234,64.79395884693791,0.0008146520000025248,True,
BR1,7,2503105,space_evenly_infill,3,126,102,99.80326105813234,86.15819010010762,0.007202967000011995,True,
BR1,7,2503105,front_to_back,3,126,50,99.80326105813234,60.85008717291877,0.0017218710000008741,True,
BR1,7,2503105,front_to_back_infill,3,126,96,99.80326105813234,85.34735898957847,0.008419660000015483,True,
BR1,8,2503205,space_evenly,3,180,130,99.75227337533674,82.16155604490851,0.0005430950000118173,True,
BR1,8,2503205,space_evenly_infill,3,180,162,99.75227337533674,88.89025517769916,0.008090215999999373,True,
BR1,8,2503205,front_to_back,3,180,107,99.75227337533674,80.1060631540046,0.03989220099998647,True,
BR1,8,2503205,front_to_back_infill,3,180,139,99.75227337533674,86.83476228679525,0.06637700999999652,True,
BR1,9,2503305,space_evenly,3,101,77,99.18733436979264,70.36734927194162,0.0004397029999836377,True,
BR1,9,2503305,space_evenly_infill,3,101,81,99.18733436979264,75.64358738993712,0.0022342750000063916,True,
BR1,9,2503305,front_to_back,3,101,77,99.18733436979264,67.5299056618196,0.013910512999984803,True,
BR1,9,2503305,front_to_back_infill,3,101,81,99.18733436979264,72.8061437798151,0.016465222999983098,True,
BR1,10,2503405,space_evenly,3,130,92,99.58554478255292,82.70764469607792,0.0005644519999918884,True,
BR1,10,2503405,space_evenly_infill,3,130,117,99.58554478255292,91.52131532402204,0.00698658500002125,True,
BR1,10,2503405,front_to_back,3,130,74,99.58554478255292,77.31678897905657,0.08137812100000019,True,
BR1,10,2503405,front_to_back_infill,3,130,93,99.58554478255292,84.0151786562941,0.09226649799998654,True,
BR1,11,2503505,space_evenly,3,102,57,98.80206529693629,75.40113168594353,0.00045441000000323584,True,
BR1,11,2503505,space_evenly_infill,3,102,81,98.80206529693629,83.89575541332859,0.004395162000008668,True,
BR1,11,2503505,front_to_back,3,102,51,98.80206529693629,71.88338038167315,0.04805417200000761,True,
BR1,11,2503505,front_to_back_infill,3,102,72,98.80206529693629,79.31617614313508,0.050417395000010856,True,
BR1,12,2503605,space_evenly,3,104,85,99.70125245848901,84.83542165038973,0.0012364119999972445,True,
BR1,12,2503605,space_evenly_infill,3,104,85,99.70125245848901,84.83542165038973,0.0031104759999891485,True,
BR1,12,2503605,front_to_back,3,104,75,99.70125245848901,81.3661588281939,0.05744356700000708,True,
BR1,12,2503605,front_to_back_infill,3,104,75,99.70125245848901,81.3661588281939,0.06077429800001255,True,
BR1,13,2503705,space_evenly,3,284,180,99.84664478979795,83.55658861760301,0.000897421999979997,True,
BR1,13,2503705,space_evenly_infill,3,284,234,99.84664478979795,91.95549827482036,0.007673542000020461,True,
BR1,13,2503705,front_to_back,3,284,171,99.84664478979795,82.2640000106349,0.0024974289999875054,True,
BR1,13,2503705,front_to_back_infill,3,284,225,99.84664478979795,90.66290966785223,0.00977322899998967,True,
BR1,14,2503805,space_evenly,3,132,76,98.66389804856293,73.24200172684135,0.0004516559999956371,True,
BR1,14,2503805,space_evenly_infill,3,132,114,98.66389804856293,86.02046818803295,0.00481370599999309,True,
BR1,14,2503805,front_to_back,3,132,46,98.66389804856293,72.73810702827087,0.07668530799998052,True,
BR1,14,2503805,front_to_back_infill,3,132,77,98.66389804856293,83.16264545713771,0.11509070900001461,True,
BR1,15,2503905,space_evenly,3,119,78,99.84067595403332,77.8235152188695,0.0004752469999971254,True,
BR1,15,2503905,space_evenly_infill,3,119,102,99.84067595403332,90.23523726786846,0.0026208250000081534,True,
BR1,15,2503905,front_to_back,3,119,75,99.84067595403332,76.9424804965965,0.08553862700000536,True,
BR1,15,2503905,front_to_back_infill,3,119,99,99.84067595403332,89.35420254559546,0.0929531929999996,True,
BR1,16,2504005,space_evenly,3,159,99,99.80396229663252,79.70355890170764,0.000596275999981799,True,
BR1,16,2504005,space_evenly_infill,3,159,99,99.80396229663252,79.70355890170764,0.002195997000001171,True,
BR1,16,2504005,front_to_back,3,159,93,99.80396229663252,77.6717485963598,0.16135161599999037,True,
BR1,16,2504005,front_to_back_infill,3,159,98,99.80396229663252,78.78641870518804,0.10664268100001095,True,
BR1,17,2504105,space_evenly,3,213,144,99.43016894198065,85.21662952207438,0.0008821570000066004,True,
BR1,17,2504105,space_evenly_infill,3,213,176,99.43016894198065,90.69147433566792,0.009625020000015638,True,
BR1,17,2504105,front_to_back,3,213,137,99.43016894198065,83.79527558008377,0.17545028699998966,True,
BR1,17,2504105,front_to_back_infill,3,213,169,99.43016894198065,89.27012039367729,0.1978892070000029,True,
BR1,18,2504205,space_evenly,3,82,52,98.45292828556825,74.37121505688673,0.0004567149999843423,True,
BR1,18,2504205,space_evenly_infill,3,82,69,98.45292828556825,84.06625274762526,0.0027230299999985164,True,
BR1,18,2504205,front_to_back,3,82,52,98.45292828556825,74.37121505688673,0.00039811999999983527,True,
BR1,18,2504205,front_to_back_infill,3,82,69,98.45292828556825,84.06625274762526,0.002475556000007373,True,
BR1,19,2504305,space_evenly,3,130,75,99.91312618770193,80.49783613086507,0.00046950000000833825,True,
BR1,19,2504305,space_evenly_infill,3,130,103,99.91312618770193,87.03032141981188,0.00468549400000029,True,
BR1,19,2504305,front_to_back,3,130,62,99.91312618770193,79.50118346459676,0.13150917900000536,True,
BR1,19,2504305,front_to_back_infill,3,130,94,99.91312618770193,86.96688093767884,0.1364701979999836,True,
BR1,20,2504405,space_evenly,3,88,72,99.78646456818,87.13213726195279,0.0005634770000142453,True,
BR1,20,2504405,space_evenly_infill,3,88,72,99.78646456818,87.13213726195279,0.0016611929999896802,True,
BR1,20,2504405,front_to_back,3,88,65,99.78646456818,70.30871443374825,0.06857007199999998,True,
BR1,20,2504405,front_to_back_infill,3,88,65,99.78646456818,70.30871443374825,0.0706701500000122,True,
BR1,21,2504505,space_evenly,3,79,66,99.74964123840714,85.7760782622047,0.00043095699999184944,True,
BR1,21,2504505,space_evenly_infill,3,79,68,99.74964123840714,87.05745037657505,0.0036088729999903535,True,
BR1,21,2504505,front_to_back,3,79,55,99.74964123840714,84.22827539862584,0.038494366000008995,True,
BR1,21,2504505,front_to_back_infill,3,79,55,99.74964123840714,84.22827539862584,0.04006333899999959,True,
BR1,22,2504605,space_evenly,3,116,84,99.39668895785324,73.57081943873003,0.0006652429999860487,True,
BR1,22,2504605,space_evenly_infill,3,116,93,99.39668895785324,80.0994163435763,0.0029417610000166405,True,
BR1,22,2504605,front_to_back,3,116,74,99.39668895785324,68.92990340190404,0.05164489399999184,True,
BR1,22,2504605,front_to_back_infill,3,116,84,99.39668895785324,76.18389996284434,0.052525245999987646,True,
BR1,23,2504705,space_evenly,3,128,110,99.67616739593255,85.35040322875463,0.0018519170000104168,True,
BR1,23,2504705,space_evenly_infill,3,128,110,99.67616739593255,85.35040322875463,0.0036381589999905373,True,
BR1,23,2504705,front_to_back,3,128,82,99.67616739593255,82.36359249468754,0.06271329099999434,True,
BR1,23,2504705,front_to_back_infill,3,128,104,99.67616739593255,89.26015682484524,0.06193451100000402,True,
BR1,24,2504805,space_evenly,3,114,82,99.47403789080752,76.76015848654785,0.0011360780000018167,True,
BR1,24,2504805,space_evenly_infill,3,114,82,99.47403789080752,76.76015848654785,0.002613365000001977,True,
BR1,24,2504805,front_to_back,3,114,68,99.47403789080752,73.8082435072294,0.02670594299999607,True,
BR1,24,2504805,front_to_back_infill,3,114,68,99.47403789080752,73.8082435072294,0.02916161499999248,True,
BR1,25,2504905,space_evenly,3,139,109,99.95609781712099,82.58429318814927,0.0005548960000112402,True,
BR1,25,2504905,space_evenly_infill,3,139,109,99.95609781712099,82.58429318814927,0.0021580939999807924,True,
BR1,25,2504905,front_to_back,3,139,103,99.95609781712099,82.8132093393004,0.09509890100000007,True,
BR1,25,2504905,front_to_back_infill,3,139,103,99.95609781712099,82.8132093393004,0.08747215199997527,True,
BR1,26,2505005,space_evenly,3,124,101,99.54301848943257,80.82245638196827,0.0005236220000028879,True,
BR1,26,2505005,space_evenly_infill,3,124,101,99.54301848943257,80.82245638196827,0.0020160660000101416,True,
BR1,26,2505005,front_to_back,3,124,97,99.54301848943257,76.90364983007429,0.06896943599997485,True,
BR1,26,2505005,front_to_back_infill,3,124,97,99.54301848943257,76.90364983007429,0.07063247700000375,True,
BR1,27,2505105,space_evenly,3,103,68,99.25058541782847,70.44156755718417,0.0006334619999961433,True,
BR1,27,2505105,space_evenly_infill,3,103,84,99.25058541782847,77.81155096009853,0.0041757980000056705,True,
BR1,27,2505105,front_to_back,3,103,55,99.25058541782847,66.72104200717723,0.041847141000005195,True,
BR1,27,2505105,front_to_back_infill,3,103,71,99.25058541782847,74.09102541009159,0.04764311099998508,True,
BR1,28,2505205,space_evenly,3,111,76,99.24124000236627,77.37054838180077,0.0005300029999943945,True,
BR1,28,2505205,space_evenly_infill,3,111,76,99.24124000236627,77.37054838180077,0.0020853100000124414,True,
BR1,28,2505205,front_to_back,3,111,68,99.24124000236627,78.51494302686442,0.08405718000000206,True,
BR1,28,2505205,front_to_back_infill,3,111,68,99.24124000236627,78.51494302686442,0.09221629199998915,True,
BR1,29,2505305,space_evenly,3,109,84,99.71435996865364,78.45092094881889,0.0005817219999926238,True,
BR1,29,2505305,space_evenly_infill,3,109,93,99.71435996865364,83.71702932772165,0.009207974999981161,True,
BR1,29,2505305,front_to_back,3,109,85,99.71435996865364,75.71836400725566,0.10132881999999199,True,
BR1,29,2505305,front_to_back_infill,3,109,85,99.71435996865364,75.71836400725566,0.10455956799998489,True,
BR1,30,2505405,space_evenly,3,405,345,99.82288908932715,89.41111253648268,0.18709019299998886,True,
BR1,30,2505405,space_evenly_infill,3,405,345,99.82288908932715,89.41111253648268,0.1964684479999903,True,
BR1,30,2505405,front_to_back,3,405,328,99.82288908932715,87.78524953123369,1.1492338820000043,True,
BR1,30,2505405,front_to_back_infill,3,405,328,99.82288908932715,87.78524953123369,1.1719700920000093,True,
BR1,31,2505505,space_evenly,3,129,106,99.86453135666054,82.27413971994329,0.0019449210000175299,True,
BR1,31,2505505,space_evenly_infill,3,129,106,99.86453135666054,82.27413971994329,0.003630082999990236,True,
BR1,31,2505505,front_to_back,3,129,100,99.86453135666054,79.03804700757271,0.18145018399999913,True,
BR1,31,2505505,front_to_back_infill,3,129,100,99.86453135666054,79.03804700757271,0.1342703189999952,True,
BR1,32,2505605,space_evenly,3,155,128,99.85358405988511,88.16706890947775,0.01076492699999676,True,
BR1,32,2505605,space_evenly_infill,3,155,136,99.85358405988511,91.1118718016379,0.013123087999986183,True,
BR1,32,2505605,front_to_back,3,155,121,99.85358405988511,87.33817176820445,0.2809566840000173,True,
BR1,32,2505605,front_to_back_infill,3,155,129,99.85358405988511,90.2829746603646,0.27793461400000297,True,
BR1,33,2505705,space_evenly,3,282,253,99.51242322103104,89.45616461756579,0.017981671000001143,True,
BR1,33,2505705,space_evenly_infill,3,282,253,99.51242322103104,89.45616461756579,0.020138564999996333,True,
BR1,33,2505705,front_to_back,3,282,249,99.51242322103104,89.05416552286137,0.09198993399999722,True,
BR1,33,2505705,front_to_back_infill,3,282,253,99.51242322103104,89.45616461756579,0.09701487500001349,True,
BR1,34,2505805,space_evenly,3,160,142,99.04324481332765,89.21811574888616,0.053679724000005535,True,
BR1,34,2505805,space_evenly_infill,3,160,142,99.04324481332765,89.21811574888616,0.05886389700000905,True,
BR1,34,2505805,front_to_back,3,160,138,99.04324481332765,87.2851302209865,0.1307970169999919,True,
BR1,34,2505805,front_to_back_infill,3,160,140,99.04324481332765,87.71225425910995,0.1355875359999743,True,
BR1,35,2505905,space_evenly,3,150,115,99.70119928400558,79.92802833668222,0.0008063610000021981,True,
BR1,35,2505905,space_evenly_infill,3,150,124,99.70119928400558,87.10371217715611,0.0028748940000014045,True,
BR1,35,2505905,front_to_back,3,150,98,99.70119928400558,79.2781298002434,0.050836777000000666,True,
BR1,35,2505905,front_to_back_infill,3,150,104,99.70119928400558,84.061919027226,0.059795712000010326,True,
BR1,36,2506005,space_evenly,3,172,147,98.96648079969106,88.58410973618145,0.015892503000003444,True,
BR1,36,2506005,space_evenly_infill,3,172,147,98.96648079969106,88.58410973618145,0.01898470299997257,True,
BR1,36,2506005,front_to_back,3,172,109,98.96648079969106,88.10785912218233,0.22519726100000526,True,
BR1,36,2506005,front_to_back_infill,3,172,119,98.96648079969106,89.48953160591593,0.23294916899999407,True,
BR1,37,2506105,space_evenly,3,99,87,99.52701296992119,87.08265508171921,0.0006172680000133823,True,
BR1,37,2506105,space_evenly_infill,3,99,88,99.52701296992119,87.53729691501587,0.003033392000020285,True,
BR1,37,2506105,front_to_back,3,99,61,99.52701296992119,81.65913693825313,0.05749072500000807,True,
BR1,37,2506105,front_to_back_infill,3,99,63,99.52701296992119,82.56842060484645,0.060039665000005016,True,
BR1,38,2506205,space_evenly,3,93,66,99.78544095937403,82.76155032865154,0.0004348049999975956,True,
BR1,38,2506205,space_evenly_infill,3,93,66,99.78544095937403,82.76155032865154,0.0015175270000042929,True,
BR1,38,2506205,front_to_back,3,93,66,99.78544095937403,78.56718695683097,0.03226448099999857,True,
BR1,38,2506205,front_to_back_infill,3,93,69,99.78544095937403,80.15633962808437,0.03204052499998511,True,
BR1,39,2506305,space_evenly,3,243,120,99.68193682738433,76.87387211935544,0.0005511250000154178,True,
BR1,39,2506305,space_evenly_infill,3,243,204,99.68193682738433,92.38840503801643,0.02428473500000905,True,
BR1,39,2506305,front_to_back,3,243,119,99.68193682738433,77.17607600228916,0.13457359600002405,True,
BR1,39,2506305,front_to_back_infill,3,243,200,99.68193682738433,90.15379389969033,0.22341949100001557,True,
BR1,40,2506405,space_evenly,3,107,75,99.5618289629447,77.48478711263219,0.0005566769999916232,True,
BR1,40,2506405,space_evenly_infill,3,107,89,99.5618289629447,86.30196725648247,0.003943348000007063,True,
BR1,40,2506405,front_to_back,3,107,66,99.5618289629447,73.13774650527324,0.060516371999995044,True,
BR1,40,2506405,front_to_back_infill,3,107,80,99.5618289629447,82.55726725694774,0.07147098599998003,True,
BR1,41,2506505,space_evenly,3,109,91,99.86340139888772,84.58094851314173,0.0010597419999953672,True,
BR1,41,2506505,space_evenly_infill,3,109,91,99.86340139888772,84.58094851314173,0.0024452809999786496,True,
BR1,41,2506505,front_to_back,3,109,72,99.86340139888772,84.41100286411061,0.15010554600002024,True,
BR1,41,2506505,front_to_back_infill,3,109,73,99.86340139888772,84.82863525694243,0.150604823000009,True,
BR1,42,2506605,space_evenly,3,168,136,99.9581915624059,85.9150763618816,0.000802013999987139,True,
BR1,42,2506605,space_evenly_infill,3,168,146,99.9581915624059,89.23050540352453,0.0034048699999971177,True,
BR1,42,2506605,front_to_back,3,168,121,99.9581915624059,84.37567506668412,0.17252154499999506,True,
BR1,42,2506605,front_to_back_infill,3,168,131,99.9581915624059,87.69110410832705,0.18219706100001076,True,
BR1,43,2506705,space_evenly,3,141,87,99.2795854517272,75.04619200907156,0.0016546139999888965,True,
BR1,43,2506705,space_evenly_infill,3,141,121,99.2795854517272,82.4964555883391,0.003977775000009842,True,
BR1,43,2506705,front_to_back,3,141,73,99.2795854517272,71.33053192429814,0.03272581799998875,True,
BR1,43,2506705,front_to_back_infill,3,141,107,99.2795854517272,78.78079550356568,0.03221934999999121,True,
BR1,44,2506805,space_evenly,3,142,100,99.55734236590558,73.47293850836269,0.0004495080000026519,True,
BR1,44,2506805,space_evenly_infill,3,142,100,99.55734236590558,73.47293850836269,0.0019737180000163335,True,
BR1,44,2506805,front_to_back,3,142,98,99.55734236590558,72.98738235976393,0.04087979599998448,True,
BR1,44,2506805,front_to_back_infill,3,142,98,99.55734236590558,72.98738235976393,0.04477373099999227,True,
BR1,45,2506905,space_evenly,3,140,95,99.73899637150619,81.59293470638713,0.0005112739999901805,True,
BR1,45,2506905,space_evenly_infill,3,140,127,99.73899637150619,93.01640898090437,0.0042650560000083715,True,
BR1,45,2506905,front_to_back,3,140,89,99.73899637150619,81.5328342464943,0.0999924559999954,True,
BR1,45,2506905,front_to_back_infill,3,140,105,99.73899637150619,87.24457138375294,0.11164420499997618,True,
BR1,46,2507005,space_evenly,3,116,100,98.82954321124693,89.12116537197878,0.0008096720000025925,True,
BR1,46,2507005,space_evenly_infill,3,116,100,98.82954321124693,89.12116537197878,0.0023730819999912,True,
BR1,46,2507005,front_to_back,3,116,76,98.82954321124693,83.78618274341783,0.09650601000001302,True,
BR1,46,2507005,front_to_back_infill,3,116,76,98.82954321124693,83.78618274341783,0.10339916600000265,True,
BR1,47,2507105,space_evenly,3,137,115,99.16869671335165,84.67204305006179,0.017881969999990588,True,
BR1,47,2507105,space_evenly_infill,3,137,115,99.16869671335165,84.67204305006179,0.020389398999981267,True,
BR1,47,2507105,front_to_back,3,137,110,99.16869671335165,84.28144988205234,0.16917145900001174,True,
BR1,47,2507105,front_to_back_infill,3,137,110,99.16869671335165,84.28144988205234,0.16975915800000507,True,
BR1,48,2507205,space_evenly,3,153,123,99.88551533718272,81.006160928586,0.0009860819999971682,True,
BR1,48,2507205,space_evenly_infill,3,153,123,99.88551533718272,81.006160928586,0.0030501709999839477,True,
BR1,48,2507205,front_to_back,3,153,110,99.88551533718272,80.0546766625833,0.1258522739999819,True,
BR1,48,2507205,front_to_back_infill,3,153,110,99.88551533718272,80.0546766625833,0.11659740700000043,True,
BR1,49,2507305,space_evenly,3,86,67,99.43734749724324,77.77970609133648,0.001362857999993139,True,
BR1,49,2507305,space_evenly_infill,3,86,75,99.43734749724324,83.65894285138862,0.0032183739999993577,True,
BR1,49,2507305,front_to_back,3,86,52,99.43734749724324,73.95443345578974,0.030422162000007802,True,
BR1,49,2507305,front_to_back_infill,3,86,65,99.43734749724324,83.50819319087447,0.035303338000005624,True,
BR1,50,2507405,space_evenly,3,168,117,99.43974034899743,81.25526344300792,0.0006700799999919127,True,
BR1,50,2507405,space_evenly_infill,3,168,144,99.43974034899743,88.14667649508368,0.0063593630000013945,True,
BR1,50,2507405,front_to_back,3,168,104,99.43974034899743,83.1045390403734,0.20712904500001628,True,
BR1,50,2507405,front_to_back_infill,3,168,128,99.43974034899743,89.2302395311074,0.16655517399999553,True,
BR1,51,2507505,space_evenly,3,129,99,99.77908993200978,82.41751142088202,0.0006331650000106492,True,
BR1,51,2507505,space_evenly_infill,3,129,99,99.77908993200978,82.41751142088202,0.002108768999988797,True,
BR1,51,2507505,front_to_back,3,129,90,99.77908993200978,77.22299251369742,0.2630964479999989,True,
BR1,51,2507505,front_to_back_infill,3,129,90,99.77908993200978,77.22299251369742,0.26313303599999927,True,
BR1,52,2507605,space_evenly,3,187,166,99.97930183232623,84.76220038671143,0.0011248210000189829,True,
BR1,52,2507605,space_evenly_infill,3,187,166,99.97930183232623,84.76220038671143,0.0039144669999870985,True,
BR1,52,2507605,front_to_back,3,187,116,99.97930183232623,89.83028698933386,0.0553185429999985,True,
BR1,52,2507605,front_to_back_infill,3,187,116,99.97930183232623,89.83028698933386,0.05649545799997213,True,
BR1,53,2507705,space_evenly,3,170,122,99.88788824850563,76.35940899220395,0.0007144459999892661,True,
BR1,53,2507705,space_evenly_infill,3,170,137,99.88788824850563,80.24390470866697,0.005141546999993807,True,
BR1,53,2507705,front_to_back,3,170,79,99.88788824850563,69.07963610042268,0.029413566000016544,True,
BR1,53,2507705,front_to_back_infill,3,170,127,99.88788824850563,81.51002239310434,0.036023415999977715,True,
BR1,54,2507805,space_evenly,3,142,108,99.99918244231732,79.61045702803824,0.0005282730000146785,True,
BR1,54,2507805,space_evenly_infill,3,142,108,99.99918244231732,79.61045702803824,0.002162072999993825,True,
BR1,54,2507805,front_to_back,3,142,91,99.99918244231732,76.0259983343093,0.022304726000015762,True,
BR1,54,2507805,front_to_back_infill,3,142,91,99.99918244231732,76.0259983343093,0.024011251999979777,True,
BR1,55,2507905,space_evenly,3,114,58,99.30298222443487,66.06676986947659,0.00040894800000046416,True,
BR1,55,2507905,space_evenly_infill,3,114,96,99.30298222443487,80.49141863539653,0.007579611000011255,True,
BR1,55,2507905,front_to_back,3,114,63,99.30298222443487,66.86267224378373,0.014894312999985004,True,
BR1,55,2507905,front_to_back_infill,3,114,97,99.30298222443487,79.76893692908052,0.02558560700001067,True,
BR1,56,2508005,space_evenly,3,408,316,99.73662678358849,81.85675990590775,0.0009558460000107516,True,
BR1,56,2508005,space_evenly_infill,3,408,346,99.73662678358849,87.57408036392617,0.007994276999994554,True,
BR1,56,2508005,front_to_back,3,408,256,99.73662678358849,78.89595149423621,0.979231494000004,True,
BR1,56,2508005,front_to_back_infill,3,408,325,99.73662678358849,88.603066439523,1.7748302409999894,True,
BR1,57,2508105,space_evenly,3,124,102,99.50600240215729,82.1141775801755,0.0016641500000105225,True,
BR1,57,2508105,space_evenly_infill,3,124,102,99.50600240215729,82.1141775801755,0.0029787470000144367,True,
BR1,57,2508105,front_to_back,3,124,96,99.50600240215729,76.76290361925474,0.055406838999999763,True,
BR1,57,2508105,front_to_back_infill,3,124,101,99.50600240215729,80.82417125905877,0.05884962799999016,True,
BR1,58,2508205,space_evenly,3,92,50,99.93500084082152,75.59826278962646,0.0005084210000063649,True,
BR1,58,2508205,space_evenly_infill,3,92,78,99.93500084082152,83.45734509109786,0.004089736000025823,True,
BR1,58,2508205,front_to_back,3,92,46,99.93500084082152,72.75017098919827,0.04602051199998414,True,
BR1,58,2508205,front_to_back_infill,3,92,76,99.93500084082152,81.17061631220335,0.05186859500000196,True,
BR1,59,2508305,space_evenly,3,195,174,99.97632406125435,90.26837826466402,0.004027132000004485,True,
BR1,59,2508305,space_evenly_infill,3,195,174,99.97632406125435,90.26837826466402,0.006275650000020505,True,
BR1,59,2508305,front_to_back,3,195,166,99.97632406125435,85.51565622962337,0.31438770499997304,True,
BR1,59,2508305,front_to_back_infill,3,195,166,99.97632406125435,85.51565622962337,0.31095314400002394,True,
BR1,60,2508405,space_evenly,3,105,93,99.85128094007169,93.05175339535694,0.0018989149999981692,True,
BR1,60,2508405,space_evenly_infill,3,105,93,99.85128094007169,93.05175339535694,0.003962168999976257,True,
BR1,60,2508405,front_to_back,3,105,91,99.85128094007169,91.91849880457114,0.021073560000019143,True,
BR1,60,2508405,front_to_back_infill,3,105,92,99.85128094007169,92.48512609996403,0.023796054000001732,True,
BR1,61,2508505,space_evenly,3,101,83,98.44194775474067,83.94222326503292,0.004423862999999528,True,
BR1,61,2508505,space_evenly_infill,3,101,83,98.44194775474067,83.94222326503292,0.005980367000006481,True,
BR1,61,2508505,front_to_back,3,101,76,98.44194775474067,76.17845622510355,0.04621625699999754,True,
BR1,61,2508505,front_to_back_infill,3,101,76,98.44194775474067,76.17845622510355,0.0487817409999991,True,
BR1,62,2508605,space_evenly,3,120,81,99.61222507961217,71.4994739049546,0.0008690189999924769,True,
BR1,62,2508605,space_evenly_infill,3,120,100,99.61222507961217,85.42288004966497,0.01073151200000666,True,
BR1,62,2508605,front_to_back,3,120,81,99.61222507961217,71.83620132125297,0.023321519000006674,True,
BR1,62,2508605,front_to_back_infill,3,120,103,99.61222507961217,87.95804001512813,0.0340974679999988,True,
BR1,63,2508705,space_evenly,3,94,57,99.7694487334835,74.73904954598962,0.0005080859999964105,True,
BR1,63,2508705,space_evenly_infill,3,94,57,99.7694487334835,74.73904954598962,0.0016877679999822703,True,
BR1,63,2508705,front_to_back,3,94,66,99.7694487334835,77.68353339124921,0.034809081000020115,True,
BR1,63,2508705,front_to_back_infill,3,94,66,99.7694487334835,77.68353339124921,0.0402705699999899,True,
BR1,64,2508805,space_evenly,3,139,92,99.96899927616235,74.91021820813955,0.0005300699999963854,True,
BR1,64,2508805,space_evenly_infill,3,139,123,99.96899927616235,87.89706217625879,0.00836939999999231,True,
BR1,64,2508805,front_to_back,3,139,70,99.96899927616235,71.1454647815426,0.026466702999982772,True,
BR1,64,2508805,front_to_back_infill,3,139,104,99.96899927616235,85.40303267372602,0.04283343600002354,True,
BR1,65,2508905,space_evenly,3,476,406,99.99300755542941,88.46043253454181,0.0015495530000180224,True,
BR1,65,2508905,space_evenly_infill,3,476,406,99.99300755542941,88.46043253454181,0.007382654999986471,True,
BR1,65,2508905,front_to_back,3,476,384,99.99300755542941,87.28957029035261,0.6750080729999866,True,
BR1,65,2508905,front_to_back_infill,3,476,384,99.99300755542941,87.28957029035261,0.7025905170000044,True,
BR1,66,2509005,space_evenly,3,145,110,99.49509498624442,81.76733371840521,0.001142235000003211,True,
BR1,66,2509005,space_evenly_infill,3,145,118,99.49509498624442,85.09818336024183,0.00328739100001485,True,
BR1,66,2509005,front_to_back,3,145,99,99.49509498624442,77.5940407356424,0.07058575100001008,True,
BR1,66,2509005,front_to_back_infill,3,145,111,99.49509498624442,82.59031519839732,0.0820154500000001,True,
BR1,67,2509105,space_evenly,3,221,194,99.61704069376748,89.90939068024123,0.11490198199999213,True,
BR1,67,2509105,space_evenly_infill,3,221,194,99.61704069376748,89.90939068024123,0.12073006399998576,True,
BR1,67,2509105,front_to_back,3,221,168,99.61704069376748,82.09194399929278,1.628267668999996,True,
BR1,67,2509105,front_to_back_infill,3,221,168,99.61704069376748,82.09194399929278,2.0688581940000006,True,
BR1,68,2509205,space_evenly,3,238,192,99.91512023083044,82.62038536877502,0.002046298000010438,True,
BR1,68,2509205,space_evenly_infill,3,238,215,99.91512023083044,89.88508329450488,0.007747108999978991,True,
BR1,68,2509205,front_to_back,3,238,168,99.91512023083044,77.80517002208735,0.14823880299999814,True,
BR1,68,2509205,front_to_back_infill,3,238,201,99.91512023083044,88.22843226335195,0.17285677899999996,True,
BR1,69,2509305,space_evenly,3,144,109,99.07257054093738,79.95049455592992,0.0007327020000218454,True,
BR1,69,2509305,space_evenly_infill,3,144,121,99.07257054093738,85.75714814610487,0.0032692000000054122,True,
BR1,69,2509305,front_to_back,3,144,92,99.07257054093738,73.37866014924748,0.05108689899998353,True,
BR1,69,2509305,front_to_back_infill,3,144,108,99.07257054093738,81.12086493614741,0.06325846000001434,True,
BR1,70,2509405,space_evenly,3,163,115,99.42655307710766,72.4885458839294,0.0005329370000026756,True,
BR1,70,2509405,space_evenly_infill,3,163,130,99.42655307710766,82.71910379725632,0.005775279000005185,True,
BR1,70,2509405,front_to_back,3,163,113,99.42655307710766,70.47751350798049,0.020376726999984385,True,
BR1,70,2509405,front_to_back_infill,3,163,143,99.42655307710766,83.20939912169047,0.0347509700000046,True,
BR1,71,2509505,space_evenly,3,96,60,99.66598448235638,74.94794550413066,0.00048634099999844693,True,
BR1,71,2509505,space_evenly_infill,3,96,60,99.66598448235638,74.94794550413066,0.001629108999992468,True,
BR1,71,2509505,front_to_back,3,96,58,99.66598448235638,71.77279074976687,0.02893174100000806,True,
BR1,71,2509505,front_to_back_infill,3,96,60,99.66598448235638,72.93604904282607,0.030577386999993905,True,
BR1,72,2509605,space_evenly,3,74,58,99.57899102747061,80.18283381445163,0.0005334269999934804,True,
BR1,72,2509605,space_evenly_infill,3,74,64,99.57899102747061,88.39729448228326,0.003468830000002754,True,
BR1,72,2509605,front_to_back,3,74,42,99.57899102747061,76.8762782647305,0.021577435000011747,True,
BR1,72,2509605,front_to_back_infill,3,74,63,99.57899102747061,87.15761448632452,0.025961641000009195,True,
BR1,73,2509705,space_evenly,3,127,107,99.59467750008142,82.85667947950157,0.0005351089999976466,True,
BR1,73,2509705,space_evenly_infill,3,127,111,99.59467750008142,84.62978262935856,0.0025046080000095117,True,
BR1,73,2509705,front_to_back,3,127,85,99.59467750008142,79.88326206844752,0.03970115099997429,True,
BR1,73,2509705,front_to_back_infill,3,127,85,99.59467750008142,79.88326206844752,0.043469968000010795,True,
BR1,74,2509805,space_evenly,3,132,60,99.30393936513654,70.53576615457423,0.0004421229999991283,True,
BR1,74,2509805,space_evenly_infill,3,132,96,99.30393936513654,86.5954172900821,0.03602278799999681,True,
BR1,74,2509805,front_to_back,3,132,50,99.30393936513654,66.42719981176234,0.04792477399999484,True,
BR1,74,2509805,front_to_back_infill,3,132,96,99.30393936513654,86.4020748683433,0.08643688399999405,True,
BR1,75,2509905,space_evenly,3,137,114,99.76756103932186,82.87211337331611,0.0005935289999854376,True,
BR1,75,2509905,space_evenly_infill,3,137,114,99.76756103932186,82.87211337331611,0.002346891999991385,True,
BR1,75,2509905,front_to_back,3,137,115,99.76756103932186,80.22131220002113,0.06959399900000562,True,
BR1,75,2509905,front_to_back_infill,3,137,115,99.76756103932186,80.22131220002113,0.072537662000002,True,
BR1,76,2510005,space_evenly,3,269,234,99.66473488199586,86.18477734182086,0.0016976330000204598,True,
BR1,76,2510005,space_evenly_infill,3,269,234,99.66473488199586,86.18477734182086,0.004936265999987199,True,
BR1,76,2510005,front_to_back,3,269,224,99.66473488199586,85.1550800575082,0.4015302580000082,True,
BR1,76,2510005,front_to_back_infill,3,269,227,99.66473488199586,86.12239037914071,0.40373686800000996,True,
BR1,77,2510105,space_evenly,3,194,159,99.79232040816734,81.12576363543309,0.006140404999996463,True,
BR1,77,2510105,space_evenly_infill,3,194,159,99.79232040816734,81.12576363543309,0.0060210719999815865,True,
BR1,77,2510105,front_to_back,3,194,161,99.79232040816734,82.40091433524252,0.17254482700002427,True,
BR1,77,2510105,front_to_back_infill,3,194,176,99.79232040816734,90.3060989138447,0.18298912199998085,True,
BR1,78,2510205,space_evenly,3,169,132,99.93243517199619,86.70290950832879,0.2421308520000025,True,
BR1,78,2510205,space_evenly_infill,3,169,132,99.93243517199619,86.70290950832879,0.2480858139999782,True,
BR1,78,2510205,front_to_back,3,169,109,99.93243517199619,84.71325327471733,0.04877768200000787,True,
BR1,78,2510205,front_to_back_infill,3,169,115,99.93243517199619,86.04128599829443,0.06661836200001403,True,
BR1,79,2510305,space_evenly,3,200,120,99.80175223216511,71.45381031731208,0.0007723490000159927,True,
BR1,79,2510305,space_evenly_infill,3,200,182,99.80175223216511,89.1880788125606,0.02962868000000185,True,
BR1,79,2510305,front_to_back,3,200,110,99.80175223216511,68.91764668347423,0.08758592099999873,True,
BR1,79,2510305,front_to_back_infill,3,200,172,99.80175223216511,86.65191517872276,0.18313458400001537,True,
BR1,80,2510405,space_evenly,3,133,104,99.96377488316568,81.35759773636224,0.0005385390000185453,True,
BR1,80,2510405,space_evenly_infill,3,133,104,99.96377488316568,81.35759773636224,0.0018565059999957612,True,
BR1,80,2510405,front_to_back,3,133,107,99.96377488316568,78.49056252621335,0.1100558269999965,True,
BR1,80,2510405,front_to_back_infill,3,133,107,99.96377488316568,78.49056252621335,0.11152270499999872,True,
BR1,81,2510505,space_evenly,3,73,52,99.13425294171212,71.09082799982187,0.00047576599999388236,True,
BR1,81,2510505,space_evenly_infill,3,73,52,99.13425294171212,71.09082799982187,0.001267202000008183,True,
BR1,81,2510505,front_to_back,3,73,57,99.13425294171212,75.5758298044309,0.11815646400000901,True,
BR1,81,2510505,front_to_back_infill,3,73,57,99.13425294171212,75.5758298044309,0.12061459000000241,True,
BR1,82,2510605,space_evenly,3,164,130,99.484147689469,82.31792890704502,0.0007246280000003935,True,
BR1,82,2510605,space_evenly_infill,3,164,130,99.484147689469,82.31792890704502,0.0024170529999878454,True,
BR1,82,2510605,front_to_back,3,164,133,99.484147689469,82.40766084782726,0.41513839699999266,True,
BR1,82,2510605,front_to_back_infill,3,164,133,99.484147689469,82.40766084782726,0.404344712000011,True,
BR1,83,2510705,space_evenly,3,120,110,99.26607913293687,90.67334848362991,0.0543908189999911,True,
BR1,83,2510705,space_evenly_infill,3,120,110,99.26607913293687,90.67334848362991,0.05284871800000701,True,
BR1,83,2510705,front_to_back,3,120,110,99.26607913293687,90.67334848362991,0.14712985799999956,True,
BR1,83,2510705,front_to_back_infill,3,120,110,99.26607913293687,90.67334848362991,0.1472349720000068,True,
BR1,84,2510805,space_evenly,3,69,58,99.91972647045725,83.92999313384483,0.0008618779999949311,True,
BR1,84,2510805,space_evenly_infill,3,69,58,99.91972647045725,83.92999313384483,0.0022041539999975157,True,
BR1,84,2510805,front_to_back,3,69,53,99.91972647045725,83.99938583471642,0.02029360699998506,True,
BR1,84,2510805,front_to_back_infill,3,69,55,99.91972647045725,85.84321104753067,0.02617900499998882,True,
BR1,85,2510905,space_evenly,3,319,263,99.89157058148292,90.77966421643079,0.08072543700001233,True,
BR1,85,2510905,space_evenly_infill,3,319,263,99.89157058148292,90.77966421643079,0.0745210620000023,True,
BR1,85,2510905,front_to_back,3,319,256,99.89157058148292,90.51787294090121,2.043331034000005,True,
BR1,85,2510905,front_to_back_infill,3,319,257,99.89157058148292,90.66666179233901,2.214339961999997,True,
BR1,86,2511005,space_evenly,3,156,129,99.20189088463064,88.0856188944892,0.025281691000003548,True,
BR1,86,2511005,space_evenly_infill,3,156,129,99.20189088463064,88.0856188944892,0.031191069000016114,True,
BR1,86,2511005,front_to_back,3,156,108,99.20189088463064,86.37811976355965,0.2831949609999924,True,
BR1,86,2511005,front_to_back_infill,3,156,108,99.20189088463064,86.37811976355965,0.2915901140000017,True,
BR1,87,2511105,space_evenly,3,98,42,99.94148148098913,62.839318010662815,0.0007836049999809802,True,
BR1,87,2511105,space_evenly_infill,3,98,79,99.94148148098913,83.34704127203999,0.011973035000011123,True,
BR1,87,2511105,front_to_back,3,98,36,99.94148148098913,60.70357817745787,0.05281044300002691,True,
BR1,87,2511105,front_to_back_infill,3,98,78,99.94148148098913,83.0938110883421,0.06882155200000284,True,
BR1,88,2511205,space_evenly,3,126,88,99.93083329068297,71.91767792348325,0.0005247130000043398,True,
BR1,88,2511205,space_evenly_infill,3,126,93,99.93083329068297,75.90576418047154,0.0033311279999850285,True,
BR1,88,2511205,front_to_back,3,126,81,99.93083329068297,69.48628796242691,0.010598708999992823,True,
BR1,88,2511205,front_to_back_infill,3,126,90,99.93083329068297,75.67425577325336,0.020756291999987297,True,
BR1,89,2511305,space_evenly,3,96,59,99.41650309974004,69.96170772512248,0.0005207499999926313,True,
BR1,89,2511305,space_evenly_infill,3,96,77,99.41650309974004,79.29382956647508,0.002773757999989357,True,
BR1,89,2511305,front_to_back,3,96,59,99.41650309974004,69.96170772512248,0.00047269800001004114,True,
BR1,89,2511305,front_to_back_infill,3,96,77,99.41650309974004,79.29382956647508,0.00281128000000308,True,
BR1,90,2511405,space_evenly,3,90,50,99.32320846856823,69.28029666044304,0.00035914399998659974,True,
BR1,90,2511405,space_evenly_infill,3,90,74,99.32320846856823,81.73556861136831,0.0036340919999986454,True,
BR1,90,2511405,front_to_back,3,90,50,99.32320846856823,68.9994955070885,0.02475005600001623,True,
BR1,90,2511405,front_to_back_infill,3,90,79,99.32320846856823,84.0496157811232,0.03309438799999498,True,
BR1,91,2511505,space_evenly,3,238,167,99.71680599489126,84.86030398522813,0.0007433609999907276,True,
BR1,91,2511505,space_evenly_infill,3,238,185,99.71680599489126,86.93903412538943,0.006607956999999942,True,
BR1,91,2511505,front_to_back,3,238,129,99.71680599489126,85.01168176932777,0.42777206699997805,True,
BR1,91,2511505,front_to_back_infill,3,238,140,99.71680599489126,86.65565068618348,0.4595323259999873,True,
BR1,92,2511605,space_evenly,3,88,54,99.86867896636781,68.73400860496078,0.0006953429999896343,True,
BR1,92,2511605,space_evenly_infill,3,88,54,99.86867896636781,68.73400860496078,0.0015161729999988438,True,
BR1,92,2511605,front_to_back,3,88,53,99.86867896636781,68.22762135247969,0.05894364200000268,True,
BR1,92,2511605,front_to_back_infill,3,88,53,99.86867896636781,68.22762135247969,0.06431793999999513,True,
BR1,93,2511705,space_evenly,3,100,56,99.8867516439224,79.72455617585068,0.0006903420000128335,True,
BR1,93,2511705,space_evenly_infill,3,100,69,99.8867516439224,92.03841723491357,0.02780499700000405,True,
BR1,93,2511705,front_to_back,3,100,46,99.8867516439224,79.77271231740382,0.03934252600001287,True,
BR1,93,2511705,front_to_back_infill,3,100,71,99.8867516439224,92.51751933058642,0.05839339899998208,True,
BR1,94,2511805,space_evenly,3,133,117,99.00828923728515,90.94177659937215,0.0013392839999823991,True,
BR1,94,2511805,space_evenly_infill,3,133,117,99.00828923728515,90.94177659937215,0.004964651000022968,True,
BR1,94,2511805,front_to_back,3,133,101,99.00828923728515,84.77624509714646,0.2522264990000167,True,
BR1,94,2511805,front_to_back_infill,3,133,101,99.00828923728515,84.77624509714646,0.2589199399999984,True,
BR1,95,2511905,space_evenly,3,139,109,98.98521815828848,84.56924347997749,0.0007790660000068783,True,
BR1,95,2511905,space_evenly_infill,3,139,109,98.98521815828848,84.56924347997749,0.0020974039999828165,True,
BR1,95,2511905,front_to_back,3,139,111,98.98521815828848,84.89626655305052,0.08361152999998467,True,
BR1,95,2511905,front_to_back_infill,3,139,111,98.98521815828848,84.89626655305052,0.08349948200000767,True,
BR1,96,2512005,space_evenly,3,182,138,99.84111464352159,83.977451360303,0.0006829509999874972,True,
BR1,96,2512005,space_evenly_infill,3,182,162,99.84111464352159,89.55183880687095,0.004261868000014601,True,
BR1,96,2512005,front_to_back,3,182,109,99.84111464352159,75.29694293247971,0.04783309000001168,True,
BR1,96,2512005,front_to_back_infill,3,182,165,99.84111464352159,88.3038469744716,0.07351257700000247,True,
BR1,97,2512105,space_evenly,3,140,119,99.60498005624531,86.24741688329729,0.003269402999990234,True,
BR1,97,2512105,space_evenly_infill,3,140,125,99.60498005624531,89.08055336026177,0.005822226000020692,True,
BR1,97,2512105,front_to_back,3,140,103,99.60498005624531,82.133971781631,0.23295216500000038,True,
BR1,97,2512105,front_to_back_infill,3,140,112,99.60498005624531,86.38367649707773,0.2513389260000167,True,
BR1,98,2512205,space_evenly,3,122,102,99.99462937717392,86.38475328036712,0.017208457999998927,True,
BR1,98,2512205,space_evenly_infill,3,122,102,99.99462937717392,86.38475328036712,0.0186802460000024,True,
BR1,98,2512205,front_to_back,3,122,104,99.99462937717392,90.08822311481501,0.24786474399999747,True,
BR1,98,2512205,front_to_back_infill,3,122,104,99.99462937717392,90.08822311481501,0.2554926939999973,True,
BR1,99,2512305,space_evenly,3,154,96,99.96970383806774,73.91768988774201,0.0006376589999774751,True,
BR1,99,2512305,space_evenly_infill,3,154,134,99.96970383806774,86.97580095727363,0.010124012000005678,True,
BR1,99,2512305,front_to_back,3,154,72,99.96970383806774,71.78964706101307,0.07942882699998677,True,
BR1,99,2512305,front_to_back_infill,3,154,90,99.96970383806774,78.01417232919525,0.099113224000007,True,
BR1,100,2512405,space_evenly,3,214,149,99.57300225127469,76.55711836839416,0.0006554530000073555,True,
BR1,100,2512405,space_evenly_infill,3,214,149,99.57300225127469,76.55711836839416,0.0028741050000178348,True,
BR1,100,2512405,front_to_back,3,214,153,99.57300225127469,79.72112642166967,0.1816364599999929,True,
BR1,100,2512405,front_to_back_infill,3,214,153,99.57300225127469,79.72112642166967,0.19574078899998426,True,
BR2,1,2502505,space_evenly,5,81,68,98.82478409498026,79.3016262751075,0.0013335399999903075,True,
BR2,1,2502505,space_evenly_infill,5,81,75,98.82478409498026,89.13193985168307,0.005346770000016932,True,
BR2,1,2502505,front_to_back,5,81,50,98.82478409498026,77.85681573911535,0.13169711699998743,True,
BR2,1,2502505,front_to_back_infill,5,81,63,98.82478409498026,81.09039595714403,0.07989295700002685,True,
BR2,2,2502605,space_evenly,5,114,87,99.9194539512297,82.71621908153044,0.009037075000009054,True,
BR2,2,2502605,space_evenly_infill,5,114,103,99.9194539512297,89.38748977222045,0.012769568000010167,True,
BR2,2,2502605,front_to_back,5,114,54,99.9194539512297,81.34595917130227,0.046387017000000696,True,
BR2,2,2502605,front_to_back_infill,5,114,83,99.9194539512297,88.79719983170276,0.06116726799999128,True,
BR2,3,2502705,space_evenly,5,166,136,99.23793321417818,82.35904607635457,0.002724742999987484,True,
BR2,3,2502705,space_evenly_infill,5,166,137,99.23793321417818,82.62086393912585,0.009685337999997046,True,
BR2,3,2502705,front_to_back,5,166,87,99.23793321417818,69.03799050968406,0.035093845000005786,True,
BR2,3,2502705,front_to_back_infill,5,166,135,99.23793321417818,83.99092112163596,0.04829147399999556,True,
BR2,4,2502805,space_evenly,5,201,138,98.96279181990334,84.12216571694823,0.0009014630000194757,True,
BR2,4,2502805,space_evenly_infill,5,201,160,98.96279181990334,88.12401087152314,0.005680480999984638,True,
BR2,4,2502805,front_to_back,5,201,108,98.96279181990334,80.17883908138421,0.22061400000001186,True,
BR2,4,2502805,front_to_back_infill,5,201,144,98.96279181990334,86.6534738557682,0.23686734000000342,True,
BR2,5,2502905,space_evenly,5,117,98,99.71793927606929,84.68251509989159,0.0015719939999883081,True,
BR2,5,2502905,space_evenly_infill,5,117,98,99.71793927606929,84.68251509989159,0.003935097999999471,True,
BR2,5,2502905,front_to_back,5,117,55,99.71793927606929,66.8918417713484,0.08747969300000591,True,
BR2,5,2502905,front_to_back_infill,5,117,69,99.71793927606929,74.58821015353467,0.09522928300000899,True,
BR2,6,2503005,space_evenly,5,142,118,99.89190956881477,81.97439515686806,0.002533940000006396,True,
BR2,6,2503005,space_evenly_infill,5,142,121,99.89190956881477,84.24521147159719,0.03120283999999174,True,
BR2,6,2503005,front_to_back,5,142,87,99.89190956881477,75.91553499180115,0.31187460099999953,True,
BR2,6,2503005,front_to_back_infill,5,142,110,99.89190956881477,85.65324520548947,0.33554126199999246,True,
BR2,7,2503105,space_evenly,5,166,94,98.42939857665202,72.27502374573025,0.001088627000001452,True,
BR2,7,2503105,space_evenly_infill,5,166,145,98.42939857665202,86.48578479887749,0.016371766000020216,True,
BR2,7,2503105,front_to_back,5,166,76,98.42939857665202,69.1900263280161,0.3138553649999949,True,
BR2,7,2503105,front_to_back_infill,5,166,113,98.42939857665202,86.22500383853303,0.3382943650000243,True,
BR2,8,2503205,space_evenly,5,122,102,99.86799434489369,87.83327938338869,0.02224238499999842,True,
BR2,8,2503205,space_evenly_infill,5,122,108,99.86799434489369,89.19567611688018,0.019505428999991636,True,
BR2,8,2503205,front_to_back,5,122,66,99.86799434489369,84.22698591740274,0.1405254100000093,True,
BR2,8,2503205,front_to_back_infill,5,122,79,99.86799434489369,87.61549663970499,0.10223477400001002,True,
BR2,9,2503305,space_evenly,5,118,84,99.97958764517465,70.48828798768479,0.0006638629999997647,True,
BR2,9,2503305,space_evenly_infill,5,118,97,99.97958764517465,80.40815404116104,0.003736482000022079,True,
BR2,9,2503305,front_to_back,5,118,78,99.97958764517465,74.16460560153303,0.03310612000001356,True,
BR2,9,2503305,front_to_back_infill,5,118,100,99.97958764517465,84.36533262965767,0.055791671999998016,True,
BR2,10,2503405,space_evenly,5,174,107,99.0264948510483,71.95743914346542,0.0008819350000237591,True,
BR2,10,2503405,space_evenly_infill,5,174,147,99.0264948510483,83.60300994163435,0.00878424500001529,True,
BR2,10,2503405,front_to_back,5,174,93,99.0264948510483,74.35180637043605,0.08062509999999179,True,
BR2,10,2503405,front_to_back_infill,5,174,131,99.0264948510483,86.37043605070453,0.12003304200001708,True,
BR2,11,2503505,space_evenly,5,94,58,99.67494438281373,70.58845542083948,0.0007959480000181429,True,
BR2,11,2503505,space_evenly_infill,5,94,70,99.67494438281373,78.84758265474937,0.006688072000002876,True,
BR2,11,2503505,front_to_back,5,94,49,99.67494438281373,69.32048992310305,0.02986197699999593,True,
BR2,11,2503505,front_to_back_infill,5,94,67,99.67494438281373,78.75698662861146,0.044945001000002094,True,
BR2,12,2503605,space_evenly,5,86,62,99.7475674335535,79.46820199125146,0.0007158559999993486,True,
BR2,12,2503605,space_evenly_infill,5,86,62,99.7475674335535,82.66000035892776,0.003991249999984348,True,
BR2,12,2503605,front_to_back,5,86,73,99.7475674335535,84.50643112142991,0.028299728999996887,True,
BR2,12,2503605,front_to_back_infill,5,86,74,99.7475674335535,85.13867572937113,0.02281197900001075,True,
BR2,13,2503705,space_evenly,5,228,182,99.6556353985195,82.01657913925135,0.002395240000026888,True,
BR2,13,2503705,space_evenly_infill,5,228,205,99.6556353985195,89.1754232855051,0.043945540999999366,True,
BR2,13,2503705,front_to_back,5,228,122,99.6556353985195,81.80358542248123,0.12764717400000336,True,
BR2,13,2503705,front_to_back_infill,5,228,178,99.6556353985195,90.54930903082193,0.14282141600000386,True,
BR2,14,2503805,space_evenly,5,95,74,99.5822745518222,77.77661532448731,0.0007746800000063558,True,
BR2,14,2503805,space_evenly_infill,5,95,82,99.5822745518222,86.65226081286504,0.02506956599998489,True,
BR2,14,2503805,front_to_back,5,95,61,99.5822745518222,74.65418307044091,0.05649003400000652,True,
BR2,14,2503805,front_to_back_infill,5,95,83,99.5822745518222,82.05224260060446,0.07186398499999314,True,
BR2,15,2503905,space_evenly,5,127,88,99.74914937443543,77.34162146281675,0.0008315909999794258,True,
BR2,15,2503905,space_evenly_infill,5,127,100,99.74914937443543,83.54748248731623,0.0029360890000020845,True,
BR2,15,2503905,front_to_back,5,127,81,99.74914937443543,75.50600506088146,0.04386843399998952,True,
BR2,15,2503905,front_to_back_infill,5,127,93,99.74914937443543,81.71186608538093,0.05083447199999114,True,
BR2,16,2504005,space_evenly,5,163,112,99.04508930322152,80.64797760822503,0.0006822710000164989,True,
BR2,16,2504005,space_evenly_infill,5,163,118,99.04508930322152,83.43846150267102,0.004698562000015727,True,
BR2,16,2504005,front_to_back,5,163,120,99.04508930322152,83.78590357737984,0.06909770200002185,True,
BR2,16,2504005,front_to_back_infill,5,163,124,99.04508930322152,86.42318513826363,0.08860123799999542,True,
BR2,17,2504105,space_evenly,5,112,34,99.70299059941601,53.4089961920423,0.0005171979999829546,True,
BR2,17,2504105,space_evenly_infill,5,112,87,99.70299059941601,85.03681335955721,0.014799311999979636,True,
BR2,17,2504105,front_to_back,5,112,38,99.70299059941601,47.84979670730305,0.0013676979999956984,True,
BR2,17,2504105,front_to_back_infill,5,112,89,99.70299059941601,83.11863692529184,0.04765202600000862,True,
BR2,18,2504205,space_evenly,5,98,79,99.60404285597492,78.05199268053235,0.0006075190000274233,True,
BR2,18,2504205,space_evenly_infill,5,98,85,99.60404285597492,81.47399335717766,0.004103291000006948,True,
BR2,18,2504205,front_to_back,5,98,60,99.60404285597492,69.82409216201468,0.025181200999981,True,
BR2,18,2504205,front_to_back_infill,5,98,82,99.60404285597492,82.3755102257855,0.031132517999992615,True,
BR2,19,2504305,space_evenly,5,143,93,99.50784024524071,75.52730476489899,0.0006998400000099991,True,
BR2,19,2504305,space_evenly_infill,5,143,127,99.50784024524071,88.9703858008177,0.01753943099998878,True,
BR2,19,2504305,front_to_back,5,143,71,99.50784024524071,74.26731876308176,0.03728717699999606,True,
BR2,19,2504305,front_to_back_infill,5,143,111,99.50784024524071,86.0787008941954,0.049354264000015746,True,
BR2,20,2504405,space_evenly,5,120,98,99.93601447941184,87.24407287297082,0.0030010279999999057,True,
BR2,20,2504405,space_evenly_infill,5,120,106,99.93601447941184,88.96373566698416,0.011479566000019759,True,
BR2,20,2504405,front_to_back,5,120,78,99.93601447941184,79.97746066583758,0.04088752700002374,True,
BR2,20,2504405,front_to_back_infill,5,120,101,99.93601447941184,86.8968700834374,0.05246258500000067,True,
BR2,21,2504505,space_evenly,5,84,58,99.61493697826693,75.13482722613313,0.0009429160000138381,True,
BR2,21,2504505,space_evenly_infill,5,84,66,99.61493697826693,80.40521615095173,0.0035930820000089625,True,
BR2,21,2504505,front_to_back,5,84,44,99.61493697826693,73.3716677046769,0.04437962599999423,True,
BR2,21,2504505,front_to_back_infill,5,84,51,99.61493697826693,77.965145455476,0.05003463400001351,True,
BR2,22,2504605,space_evenly,5,100,78,97.90665352370685,72.63036887803834,0.0010347569999851203,True,
BR2,22,2504605,space_evenly_infill,5,100,80,97.90665352370685,80.19552922236971,0.01426891500000238,True,
BR2,22,2504605,front_to_back,5,100,63,97.90665352370685,74.72856087913374,0.06536615500002085,True,
BR2,22,2504605,front_to_back_infill,5,100,74,97.90665352370685,82.34423033590986,0.07942047100002014,True,
BR2,23,2504705,space_evenly,5,120,72,98.58794494579858,78.98991080645087,0.0006675470000061523,True,
BR2,23,2504705,space_evenly_infill,5,120,108,98.58794494579858,86.5883517305968,0.015005710999986377,True,
BR2,23,2504705,front_to_back,5,120,47,98.58794494579858,72.98453087809018,0.00907888200001139,True,
BR2,23,2504705,front_to_back_infill,5,120,92,98.58794494579858,83.40429357366428,0.047032677999993666,True,
BR2,24,2504805,space_evenly,5,93,60,98.44415449580288,72.94571350518883,0.0005889729999921656,True,
BR2,24,2504805,space_evenly_infill,5,93,64,98.44415449580288,75.60943607795645,0.00299231899998631,True,
BR2,24,2504805,front_to_back,5,93,52,98.44415449580288,61.87212733161801,0.05458081599999787,True,
BR2,24,2504805,front_to_back_infill,5,93,69,98.44415449580288,78.51349402219104,0.05759569299999612,True,
BR2,25,2504905,space_evenly,5,152,129,99.66837733411057,84.08409278681485,0.0008359320000010939,True,
BR2,25,2504905,space_evenly_infill,5,152,132,99.66837733411057,88.22049597170054,0.032923447000001715,True,
BR2,25,2504905,front_to_back,5,152,112,99.66837733411057,80.8246697698409,0.15156687999999008,True,
BR2,25,2504905,front_to_back_infill,5,152,116,99.66837733411057,82.70904052626786,0.14661398699999495,True,
BR2,26,2505005,space_evenly,5,169,139,99.17813518415986,79.34382022770643,0.03827074099999095,True,
BR2,26,2505005,space_evenly_infill,5,169,148,99.17813518415986,81.63467667587693,0.015157493999993221,True,
BR2,26,2505005,front_to_back,5,169,111,99.17813518415986,80.80904976533436,0.06653861999998867,True,
BR2,26,2505005,front_to_back_infill,5,169,142,99.17813518415986,88.07398697623965,0.08047117200001708,True,
BR2,27,2505105,space_evenly,5,114,69,99.62067982247699,71.16496652333927,0.0007503680000127133,True,
BR2,27,2505105,space_evenly_infill,5,114,92,99.62067982247699,85.40881539879865,0.008658842000016875,True,
BR2,27,2505105,front_to_back,5,114,56,99.62067982247699,65.43580144913761,0.06139136699999881,True,
BR2,27,2505105,front_to_back_infill,5,114,89,99.62067982247699,85.5168127746379,0.07543626500000755,True,
BR2,28,2505205,space_evenly,5,122,76,99.675615710667,78.58843016295985,0.000800859999998238,True,
BR2,28,2505205,space_evenly_infill,5,122,80,99.675615710667,79.86727648936743,0.0033777359999760392,True,
BR2,28,2505205,front_to_back,5,122,62,99.675615710667,74.26493920494842,0.11426635300000498,True,
BR2,28,2505205,front_to_back_infill,5,122,71,99.675615710667,77.14234343936548,0.11367076799999154,True,
BR2,29,2505305,space_evenly,5,156,92,99.85471401765791,78.87190333410658,0.000778681999975106,True,
BR2,29,2505305,space_evenly_infill,5,156,141,99.85471401765791,90.28974111338063,0.006590049000010367,True,
BR2,29,2505305,front_to_back,5,156,85,99.85471401765791,76.66003093425573,0.1516691569999864,True,
BR2,29,2505305,front_to_back_infill,5,156,134,99.85471401765791,88.07786871352978,0.19297385699999836,True,
BR2,30,2505405,space_evenly,5,196,167,99.50119675821762,85.33520862011551,0.0011624299999937193,True,
BR2,30,2505405,space_evenly_infill,5,196,167,99.50119675821762,85.33520862011551,0.004994864999986248,True,
BR2,30,2505405,front_to_back,5,196,119,99.50119675821762,85.4859449870088,0.8501871809999955,True,
BR2,30,2505405,front_to_back_infill,5,196,128,99.50119675821762,87.10789966772595,0.39432784600001014,True,
BR2,31,2505505,space_evenly,5,142,115,99.94505081818913,83.01550501468613,0.06456099199999699,True,
BR2,31,2505505,space_evenly_infill,5,142,115,99.94505081818913,83.01550501468613,0.06618234500001563,True,
BR2,31,2505505,front_to_back,5,142,95,99.94505081818913,73.2459100513732,0.26752136199999654,True,
BR2,31,2505505,front_to_back_infill,5,142,97,99.94505081818913,74.24133638111748,0.285560084999986,True,
BR2,32,2505605,space_evenly,5,142,119,99.74308748332481,84.85517597098269,0.0010644359999787412,True,
BR2,32,2505605,space_evenly_infill,5,142,123,99.74308748332481,86.32757741706276,0.00362183000001437,True,
BR2,32,2505605,front_to_back,5,142,95,99.74308748332481,80.58013361418323,0.2703235150000012,True,
BR2,32,2505605,front_to_back_infill,5,142,97,99.74308748332481,81.3784088998133,0.27148538299999814,True,
BR2,33,2505705,space_evenly,5,116,104,98.15495842087736,88.59526640748537,0.35095727199998805,True,
BR2,33,2505705,space_evenly_infill,5,116,104,98.15495842087736,88.59526640748537,0.36692691299998614,True,
BR2,33,2505705,front_to_back,5,116,95,98.15495842087736,86.04599194007767,0.44089590100000464,True,
BR2,33,2505705,front_to_back_infill,5,116,95,98.15495842087736,86.04599194007767,0.46527499699999453,True,
BR2,34,2505805,space_evenly,5,156,136,99.72397790334341,86.74049057449047,0.027368507000005593,True,
BR2,34,2505805,space_evenly_infill,5,156,136,99.72397790334341,86.74049057449047,0.028884664000003113,True,
BR2,34,2505805,front_to_back,5,156,99,99.72397790334341,78.42695919722482,0.1525113929999975,True,
BR2,34,2505805,front_to_back_infill,5,156,128,99.72397790334341,84.9348778748286,0.15766426499999397,True,
BR2,35,2505905,space_evenly,5,147,123,99.48155543340195,86.60452342036888,0.010904401999994207,True,
BR2,35,2505905,space_evenly_infill,5,147,129,99.48155543340195,91.38831264735148,0.017242776000017557,True,
BR2,35,2505905,front_to_back,5,147,95,99.48155543340195,84.26172214870111,0.05779750899998248,True,
BR2,35,2505905,front_to_back_infill,5,147,113,99.48155543340195,88.25120423587936,0.06864165199999661,True,
BR2,36,2506005,space_evenly,5,104,90,99.94630374195486,83.51788424047895,0.0024362049999808733,True,
BR2,36,2506005,space_evenly_infill,5,104,96,99.94630374195486,91.02298400578006,0.01211238600001252,True,
BR2,36,2506005,front_to_back,5,104,46,99.94630374195486,76.32120312586201,0.08445152000001599,True,
BR2,36,2506005,front_to_back_infill,5,104,84,99.94630374195486,86.92203490771901,0.11401212300000907,True,
BR2,37,2506105,space_evenly,5,105,81,98.8109653760998,87.62978063531544,0.003147846000018717,True,
BR2,37,2506105,space_evenly_infill,5,105,81,98.8109653760998,87.62978063531544,0.005587141000006568,True,
BR2,37,2506105,front_to_back,5,105,67,98.8109653760998,84.81948259898265,0.0755857350000042,True,
BR2,37,2506105,front_to_back_infill,5,105,70,98.8109653760998,86.18340809887263,0.06928601600000661,True,
BR2,38,2506205,space_evenly,5,116,80,99.5091264030586,78.938344851148,0.0007907659999943917,True,
BR2,38,2506205,space_evenly_infill,5,116,80,99.5091264030586,78.938344851148,0.00243760800000814,True,
BR2,38,2506205,front_to_back,5,116,64,99.5091264030586,71.40960238115336,0.08054344900000387,True,
BR2,38,2506205,front_to_back_infill,5,116,85,99.5091264030586,80.57539443834784,0.09667532500000675,True,
BR2,39,2506305,space_evenly,5,266,204,99.90126827789783,82.58705493788223,0.08969103100000098,True,
BR2,39,2506305,space_evenly_infill,5,266,233,99.90126827789783,90.72861338893613,0.3482380960000171,True,
BR2,39,2506305,front_to_back,5,266,162,99.90126827789783,79.32185916605128,0.6937987409999948,True,
BR2,39,2506305,front_to_back_infill,5,266,221,99.90126827789783,90.4463864947447,1.3378569300000152,True,
BR2,40,2506405,space_evenly,5,96,64,98.86196967592146,74.14711784329613,0.0011173009999936312,True,
BR2,40,2506405,space_evenly_infill,5,96,73,98.86196967592146,83.13111298846579,0.03853126600000678,True,
BR2,40,2506405,front_to_back,5,96,57,98.86196967592146,75.02311428326446,0.0527422030000082,True,
BR2,40,2506405,front_to_back_infill,5,96,71,98.86196967592146,83.67853764853129,0.056733302999987245,True,
BR2,41,2506505,space_evenly,5,98,84,98.04395668672453,84.50509511253382,0.0029118749999952342,True,
BR2,41,2506505,space_evenly_infill,5,98,84,98.04395668672453,84.50509511253382,0.004689678000005415,True,
BR2,41,2506505,front_to_back,5,98,69,98.04395668672453,85.93602710835165,0.19230793299999505,True,
BR2,41,2506505,front_to_back_infill,5,98,72,98.04395668672453,87.1889242868471,0.18554569599999127,True,
BR2,42,2506605,space_evenly,5,158,124,99.98040187945212,78.96986402619906,0.005323347000000922,True,
BR2,42,2506605,space_evenly_infill,5,158,131,99.98040187945212,85.24237594226847,0.00965394299998934,True,
BR2,42,2506605,front_to_back,5,158,112,99.98040187945212,80.76899276228812,0.10461665900001549,True,
BR2,42,2506605,front_to_back_infill,5,158,124,99.98040187945212,85.73761649366126,0.129135816999991,True,
BR2,43,2506705,space_evenly,5,102,72,99.41695508284917,72.52485076248885,0.0010756890000038766,True,
BR2,43,2506705,space_evenly_infill,5,102,79,99.41695508284917,81.77011208516426,0.007854816999980585,True,
BR2,43,2506705,front_to_back,5,102,53,99.41695508284917,67.23322527835181,0.07026134299999853,True,
BR2,43,2506705,front_to_back_infill,5,102,74,99.41695508284917,81.59676326919383,0.08669931099998962,True,
BR2,44,2506805,space_evenly,5,129,100,99.32733613784421,76.91161270896741,0.0007095960000071955,True,
BR2,44,2506805,space_evenly_infill,5,129,100,99.32733613784421,76.91161270896741,0.003537746999995761,True,
BR2,44,2506805,front_to_back,5,129,82,99.32733613784421,67.49263699574803,0.04312001000002397,True,
BR2,44,2506805,front_to_back_infill,5,129,96,99.32733613784421,76.14984170620966,0.06472956899997939,True,
BR2,45,2506905,space_evenly,5,161,149,99.12047410369424,91.06911619355778,0.0017827759999988757,True,
BR2,45,2506905,space_evenly_infill,5,161,149,99.12047410369424,91.06911619355778,0.0059022350000077495,True,
BR2,45,2506905,front_to_back,5,161,104,99.12047410369424,77.61182760034856,0.17754635800000074,True,
BR2,45,2506905,front_to_back_infill,5,161,130,99.12047410369424,86.89340044839383,0.1990178660000197,True,
BR2,46,2507005,space_evenly,5,101,73,99.33788462599395,82.55163076170453,0.030281376999994336,True,
BR2,46,2507005,space_evenly_infill,5,101,82,99.33788462599395,85.77534046624716,0.03426757799999791,True,
BR2,46,2507005,front_to_back,5,101,73,99.33788462599395,87.39986746260006,0.13286404899997706,True,
BR2,46,2507005,front_to_back_infill,5,101,78,99.33788462599395,89.19081729845708,0.09616364900000463,True,
BR2,47,2507105,space_evenly,5,160,129,99.83122418960426,82.63588573069384,0.03834625099997879,True,
BR2,47,2507105,space_evenly_infill,5,160,129,99.83122418960426,82.63588573069384,0.0433285399999761,True,
BR2,47,2507105,front_to_back,5,160,92,99.83122418960426,67.75043353821019,0.15989622800000802,True,
BR2,47,2507105,front_to_back_infill,5,160,115,99.83122418960426,80.4321623204281,0.2172644000000048,True,
BR2,48,2507205,space_evenly,5,139,103,99.43376154301716,75.50990009179245,0.0010248819999958414,True,
BR2,48,2507205,space_evenly_infill,5,139,121,99.43376154301716,85.10328146384036,0.010436631000004581,True,
BR2,48,2507205,front_to_back,5,139,79,99.43376154301716,72.622635314105,0.15181424099998253,True,
BR2,48,2507205,front_to_back_infill,5,139,110,99.43376154301716,82.76294283543628,0.17537359499999639,True,
BR2,49,2507305,space_evenly,5,94,72,98.87873625522688,83.33034448424407,0.0007424750000097902,True,
BR2,49,2507305,space_evenly_infill,5,94,74,98.87873625522688,83.68448654386462,0.0032392770000058135,True,
BR2,49,2507305,front_to_back,5,94,72,98.87873625522688,83.33034448424407,0.0007234039999843844,True,
BR2,49,2507305,front_to_back_infill,5,94,74,98.87873625522688,83.68448654386462,0.0029311080000127276,True,
BR2,50,2507405,space_evenly,5,155,103,99.77367610491592,78.0651267779387,0.0008762749999959851,True,
BR2,50,2507405,space_evenly_infill,5,155,135,99.77367610491592,86.23272743225073,0.006429092999979957,True,
BR2,50,2507405,front_to_back,5,155,102,99.77367610491592,82.70666096813453,0.2203579819999959,True,
BR2,50,2507405,front_to_back_infill,5,155,127,99.77367610491592,89.08759897931579,0.2342252779999967,True,
BR2,51,2507505,space_evenly,5,152,126,99.25968822471005,83.6579990043078,0.04411553500000309,True,
BR2,51,2507505,space_evenly_infill,5,152,133,99.25968822471005,87.3586306507028,0.034813778000000184,True,
BR2,51,2507505,front_to_back,5,152,96,99.25968822471005,79.11320581649088,0.3403068810000036,True,
BR2,51,2507505,front_to_back_infill,5,152,124,99.25968822471005,82.69397553043208,0.33921216699999945,True,
BR2,52,2507605,space_evenly,5,101,66,99.9062135048565,82.47505950557036,0.0008296240000049693,True,
BR2,52,2507605,space_evenly_infill,5,101,86,99.9062135048565,89.79872793342022,0.01534121800000321,True,
BR2,52,2507605,front_to_back,5,101,51,99.9062135048565,75.3369434376373,0.06632539599999632,True,
BR2,52,2507605,front_to_back_infill,5,101,91,99.9062135048565,91.7964401012708,0.11983819000002427,True,
BR2,53,2507705,space_evenly,5,141,105,99.9715715917981,81.25540302602691,0.0006534759999965445,True,
BR2,53,2507705,space_evenly_infill,5,141,121,99.9715715917981,85.39886512358747,0.0034689270000001216,True,
BR2,53,2507705,front_to_back,5,141,69,99.9715715917981,68.80954295866813,0.015072376000006216,True,
BR2,53,2507705,front_to_back_infill,5,141,115,99.9715715917981,84.57028702921473,0.028646174000016345,True,
BR2,54,2507805,space_evenly,5,141,91,99.88384698776521,79.11577480872141,0.0006274529999927836,True,
BR2,54,2507805,space_evenly_infill,5,141,112,99.88384698776521,84.01681377165946,0.005171222000001308,True,
BR2,54,2507805,front_to_back,5,141,83,99.88384698776521,75.69561197515954,0.1268952160000083,True,
BR2,54,2507805,front_to_back_infill,5,141,100,99.88384698776521,80.13647895852456,0.1436861430000249,True,
BR2,55,2507905,space_evenly,5,117,76,99.35431886477795,69.69145505991767,0.0007395840000015141,True,
BR2,55,2507905,space_evenly_infill,5,117,95,99.35431886477795,78.19992741683012,0.007489406000019017,True,
BR2,55,2507905,front_to_back,5,117,66,99.35431886477795,65.23225284998614,0.039344431999978724,True,
BR2,55,2507905,front_to_back_infill,5,117,102,99.35431886477795,78.56701746316504,0.053976020999982666,True,
BR2,56,2508005,space_evenly,5,181,117,99.97180423016309,80.78897639784086,0.0007234269999969456,True,
BR2,56,2508005,space_evenly_infill,5,181,150,99.97180423016309,90.58319779379069,0.02986539599999105,True,
BR2,56,2508005,front_to_back,5,181,83,99.97180423016309,75.17741998735777,0.13632187599998247,True,
BR2,56,2508005,front_to_back_infill,5,181,119,99.97180423016309,86.6240583962177,0.15268849299999943,True,
BR2,57,2508105,space_evenly,5,159,131,99.4622929767807,83.12302382017454,0.05635962299999164,True,
BR2,57,2508105,space_evenly_infill,5,159,135,99.4622929767807,84.8900650789209,0.06058554800000593,True,
BR2,57,2508105,front_to_back,5,159,116,99.4622929767807,78.24364016561192,0.12666448699999933,True,
BR2,57,2508105,front_to_back_infill,5,159,132,99.4622929767807,87.16427126696847,0.14236630500002434,True,
BR2,58,2508205,space_evenly,5,114,48,99.06630592210868,76.5269883767226,0.0006016369999883864,True,
BR2,58,2508205,space_evenly_infill,5,114,79,99.06630592210868,87.48010775809067,0.009582883999996739,True,
BR2,58,2508205,front_to_back,5,114,55,99.06630592210868,75.40459135077147,0.03742365699997663,True,
BR2,58,2508205,front_to_back_infill,5,114,75,99.06630592210868,82.62232956082529,0.06623765099999446,True,
BR2,59,2508305,space_evenly,5,201,163,99.56392270822961,81.81491158745109,0.08182167000001073,True,
BR2,59,2508305,space_evenly_infill,5,201,175,99.56392270822961,87.33857057683015,0.0851781410000001,True,
BR2,59,2508305,front_to_back,5,201,161,99.56392270822961,80.01588587692368,0.4114805539999793,True,
BR2,59,2508305,front_to_back_infill,5,201,171,99.56392270822961,84.60461115826654,0.4380979219999972,True,
BR2,60,2508405,space_evenly,5,113,102,99.57956929997786,87.67178183041194,0.057363929999979746,True,
BR2,60,2508405,space_evenly_infill,5,113,102,99.57956929997786,87.67178183041194,0.07286544900000536,True,
BR2,60,2508405,front_to_back,5,113,82,99.57956929997786,76.33923592255402,0.08554196599999386,True,
BR2,60,2508405,front_to_back_infill,5,113,102,99.57956929997786,87.67178183041194,0.09275062399999001,True,
BR2,61,2508505,space_evenly,5,83,67,99.21999014942695,85.92313894293115,0.0010233639999910338,True,
BR2,61,2508505,space_evenly_infill,5,83,67,99.21999014942695,85.92313894293115,0.0027254889999994703,True,
BR2,61,2508505,front_to_back,5,83,55,99.21999014942695,76.81274805065667,0.05872226200000341,True,
BR2,61,2508505,front_to_back_infill,5,83,59,99.21999014942695,80.37490669539861,0.05967674800001532,True,
BR2,62,2508605,space_evenly,5,109,86,99.90245805696449,78.81222827008118,0.0008949209999968843,True,
BR2,62,2508605,space_evenly_infill,5,109,90,99.90245805696449,81.74347166896757,0.0037337219999926674,True,
BR2,62,2508605,front_to_back,5,109,73,99.90245805696449,75.5302659189448,0.10601996599999097,True,
BR2,62,2508605,front_to_back_infill,5,109,78,99.90245805696449,79.1943201675528,0.11782182499999294,True,
BR2,63,2508705,space_evenly,5,120,100,98.63089663478635,82.02089624262453,0.000794084999995448,True,
BR2,63,2508705,space_evenly_infill,5,120,106,98.63089663478635,83.44799302882522,0.005374443999983214,True,
BR2,63,2508705,front_to_back,5,120,73,98.63089663478635,76.94647522966392,0.06781583399998681,True,
BR2,63,2508705,front_to_back_infill,5,120,84,98.63089663478635,83.42549357552538,0.08472152499999197,True,
BR2,64,2508805,space_evenly,5,122,81,99.24189138978824,72.15016341183438,0.000700217999991537,True,
BR2,64,2508805,space_evenly_infill,5,122,101,99.24189138978824,82.86349910700102,0.009530486000016936,True,
BR2,64,2508805,front_to_back,5,122,67,99.24189138978824,68.9398005026318,0.06998067600000013,True,
BR2,64,2508805,front_to_back_infill,5,122,94,99.24189138978824,80.1603609483935,0.08255883900000072,True,
BR2,65,2508905,space_evenly,5,187,144,98.73100424664719,84.86679459561138,0.0009817650000059075,True,
BR2,65,2508905,space_evenly_infill,5,187,144,98.73100424664719,84.86679459561138,0.004411565999987488,True,
BR2,65,2508905,front_to_back,5,187,102,98.73100424664719,82.4915701826743,0.06651422699999898,True,
BR2,65,2508905,front_to_back_infill,5,187,106,98.73100424664719,83.04389354202546,0.06573916400000712,True,
BR2,66,2509005,space_evenly,5,133,105,98.6542668202523,72.98672432553153,0.0010849619999930837,True,
BR2,66,2509005,space_evenly_infill,5,133,116,98.6542668202523,87.2010414222579,0.14444243099998744,True,
BR2,66,2509005,front_to_back,5,133,80,98.6542668202523,73.43927241354328,0.12774244400000612,True,
BR2,66,2509005,front_to_back_infill,5,133,115,98.6542668202523,88.01851934321537,0.13891147500001466,True,
BR2,67,2509105,space_evenly,5,184,160,99.60637588643526,87.2880880516271,0.006629183999990573,True,
BR2,67,2509105,space_evenly_infill,5,184,152,99.60637588643526,86.63842215355328,0.051136355000011235,True,
BR2,67,2509105,front_to_back,5,184,138,99.60637588643526,81.78968029506521,0.3192944190000162,True,
BR2,67,2509105,front_to_back_infill,5,184,141,99.60637588643526,82.9874222406265,0.40917574799999556,True,
BR2,68,2509205,space_evenly,5,130,96,98.87893565953974,84.33464430591015,0.004202669999983755,True,
BR2,68,2509205,space_evenly_infill,5,130,102,98.87893565953974,86.22978289523098,0.007364823000017395,True,
BR2,68,2509205,front_to_back,5,130,86,98.87893565953974,80.56006024668972,0.5887091810000129,True,
BR2,68,2509205,front_to_back_infill,5,130,97,98.87893565953974,84.03448099377792,0.6113799700000015,True,
BR2,69,2509305,space_evenly,5,146,112,99.91746323150642,79.04629569931424,0.0007816240000124708,True,
BR2,69,2509305,space_evenly_infill,5,146,116,99.91746323150642,80.98184689603923,0.0032442340000216063,True,
BR2,69,2509305,front_to_back,5,146,95,99.91746323150642,74.04275959616639,0.05001906100000042,True,
BR2,69,2509305,front_to_back_infill,5,146,105,99.91746323150642,78.88163758797884,0.05106388199999401,True,
BR2,70,2509405,space_evenly,5,123,89,99.86203880274992,71.50511040019781,0.000674871000001076,True,
BR2,70,2509405,space_evenly_infill,5,123,111,99.86203880274992,86.24515696775167,0.03190598300000147,True,
BR2,70,2509405,front_to_back,5,123,70,99.86203880274992,73.3938281706449,0.033971046999994314,True,
BR2,70,2509405,front_to_back_infill,5,123,94,99.86203880274992,85.89097502726854,0.048504901000001155,True,
BR2,71,2509505,space_evenly,5,122,84,99.36980925648113,82.15885743987461,0.0006565120000061597,True,
BR2,71,2509505,space_evenly_infill,5,122,112,99.36980925648113,91.43135739168524,0.010077123000002075,True,
BR2,71,2509505,front_to_back,5,122,69,99.36980925648113,77.05397409472104,0.018171174000002566,True,
BR2,71,2509505,front_to_back_infill,5,122,97,99.36980925648113,86.32647404653166,0.030403923999983817,True,
BR2,72,2509605,space_evenly,5,88,60,99.9772512913091,77.91550707519735,0.0006333000000040556,True,
BR2,72,2509605,space_evenly_infill,5,88,75,99.9772512913091,85.25931866205023,0.0036303450000048088,True,
BR2,72,2509605,front_to_back,5,88,48,99.9772512913091,70.81691294207106,0.05558658800001126,True,
BR2,72,2509605,front_to_back_infill,5,88,71,99.9772512913091,82.90814240924279,0.06145559399999456,True,
BR2,73,2509705,space_evenly,5,132,94,99.72272497957768,77.35072759310354,0.0007956069999863757,True,
BR2,73,2509705,space_evenly_infill,5,132,115,99.72272497957768,84.6972610488268,0.0033073920000106227,True,
BR2,73,2509705,front_to_back,5,132,84,99.72272497957768,77.43836578860085,0.10519018799999458,True,
BR2,73,2509705,front_to_back_infill,5,132,104,99.72272497957768,84.4350643178611,0.10662846399998216,True,
BR2,74,2509805,space_evenly,5,124,80,99.91903520217271,77.48931359053388,0.0006323829999814734,True,
BR2,74,2509805,space_evenly_infill,5,124,106,99.91903520217271,84.0198978916982,0.0032665500000064185,True,
BR2,74,2509805,front_to_back,5,124,77,99.91903520217271,72.15037610976809,0.054996447999997145,True,
BR2,74,2509805,front_to_back_infill,5,124,89,99.91903520217271,77.2696830335511,0.05692121699999575,True,
BR2,75,2509905,space_evenly,5,163,128,99.56855553509816,77.96939941415013,0.01667092499999967,True,
BR2,75,2509905,space_evenly_infill,5,163,128,99.56855553509816,77.96939941415013,0.022110287000003837,True,
BR2,75,2509905,front_to_back,5,163,112,99.56855553509816,78.66500141909403,0.3050375219999921,True,
BR2,75,2509905,front_to_back_infill,5,163,114,99.56855553509816,79.41874972166481,0.31128699900000356,True,
BR2,76,2510005,space_evenly,5,188,138,99.5719719956583,80.92979572357511,0.004608767999997099,True,
BR2,76,2510005,space_evenly_infill,5,188,159,99.5719719956583,90.68549220628243,0.19134693500001276,True,
BR2,76,2510005,front_to_back,5,188,111,99.5719719956583,78.1732305027448,0.4741418440000018,True,
BR2,76,2510005,front_to_back_infill,5,188,154,99.5719719956583,91.59922923586274,0.19177498999999898,True,
BR2,77,2510105,space_evenly,5,202,175,99.58636898704603,86.18775511289275,0.005408880999993926,True,
BR2,77,2510105,space_evenly_infill,5,202,178,99.58636898704603,87.55679533340734,0.009340541000000258,True,
BR2,77,2510105,front_to_back,5,202,165,99.58636898704603,80.94285338266153,0.14365932800001247,True,
BR2,77,2510105,front_to_back_infill,5,202,171,99.58636898704603,84.1049272141024,0.17581331299999192,True,
BR2,78,2510205,space_evenly,5,191,162,99.81474009974204,86.46146411952029,0.1855263989999969,True,
BR2,78,2510205,space_evenly_infill,5,191,164,99.81474009974204,87.00650257464201,0.19745219199998587,True,
BR2,78,2510205,front_to_back,5,191,108,99.81474009974204,78.20399858821746,0.08905769500000815,True,
BR2,78,2510205,front_to_back_infill,5,191,139,99.81474009974204,85.83320759783606,0.11301078199997505,True,
BR2,79,2510305,space_evenly,5,206,142,99.80969849403216,74.45277142084214,0.001169541999985313,True,
BR2,79,2510305,space_evenly_infill,5,206,188,99.80969849403216,92.28039436855633,0.02599061000000802,True,
BR2,79,2510305,front_to_back,5,206,129,99.80969849403216,72.42899378589694,0.31638350099999,True,
BR2,79,2510305,front_to_back_infill,5,206,180,99.80969849403216,87.5991355158357,0.33371716900001047,True,
BR2,80,2510405,space_evenly,5,116,88,99.62447515123155,74.03449428739877,0.0012557379999975637,True,
BR2,80,2510405,space_evenly_infill,5,116,95,99.62447515123155,80.78190751495033,0.009345424000002822,True,
BR2,80,2510405,front_to_back,5,116,76,99.62447515123155,69.73684280492742,0.052443052999990414,True,
BR2,80,2510405,front_to_back_infill,5,116,88,99.62447515123155,78.15636089787775,0.06652589899999839,True,
BR2,81,2510505,space_evenly,5,86,68,98.98111042944377,75.92119807428608,0.0011814880000144967,True,
BR2,81,2510505,space_evenly_infill,5,86,74,98.98111042944377,82.71928990794832,0.004101063999996768,True,
BR2,81,2510505,front_to_back,5,86,57,98.98111042944377,72.58476511168968,0.11236060499999212,True,
BR2,81,2510505,front_to_back_infill,5,86,66,98.98111042944377,78.4998946480547,0.11425191400002177,True,
BR2,82,2510605,space_evenly,5,149,103,99.30566753584792,70.4778192612602,0.0016757050000251184,True,
BR2,82,2510605,space_evenly_infill,5,149,116,99.30566753584792,82.14995071390068,0.010602855999991334,True,
BR2,82,2510605,front_to_back,5,149,77,99.30566753584792,70.99155123926457,0.02681310200000553,True,
BR2,82,2510605,front_to_back_infill,5,149,107,99.30566753584792,82.10395478573675,0.039799624000011136,True,
BR2,83,2510705,space_evenly,5,136,113,99.2896553695261,86.6391533027004,0.0007205160000012256,True,
BR2,83,2510705,space_evenly_infill,5,136,113,99.2896553695261,86.6391533027004,0.0028739199999847642,True,
BR2,83,2510705,front_to_back,5,136,96,99.2896553695261,79.16317986069615,0.11264287099999137,True,
BR2,83,2510705,front_to_back_infill,5,136,109,99.2896553695261,82.92661721882828,0.13453291700000136,True,
BR2,84,2510805,space_evenly,5,85,63,99.76964149098593,88.85856983238739,0.1740260889999945,True,
BR2,84,2510805,space_evenly_infill,5,85,63,99.76964149098593,88.85856983238739,0.1817487339999957,True,
BR2,84,2510805,front_to_back,5,85,62,99.76964149098593,87.93665722598026,0.042282512000014094,True,
BR2,84,2510805,front_to_back_infill,5,85,63,99.76964149098593,88.85856983238739,0.04324886500000957,True,
BR2,85,2510905,space_evenly,5,209,177,99.69900583656424,85.46999264198085,0.03549461200000792,True,
BR2,85,2510905,space_evenly_infill,5,209,184,99.69900583656424,92.08493826110134,0.3458010290000004,True,
BR2,85,2510905,front_to_back,5,209,150,99.69900583656424,81.3037851591346,0.34317323199999805,True,
BR2,85,2510905,front_to_back_infill,5,209,172,99.69900583656424,84.57713989076632,0.35923272200000156,True,
BR2,86,2511005,space_evenly,5,160,125,99.72138897068159,83.5011143377683,0.028502631999998584,True,
BR2,86,2511005,space_evenly_infill,5,160,136,99.72138897068159,86.43989521968041,0.031091056000008166,True,
BR2,86,2511005,front_to_back,5,160,112,99.72138897068159,83.59054717208127,0.3788145430000043,True,
BR2,86,2511005,front_to_back_infill,5,160,131,99.72138897068159,88.66662324083853,0.37950046500000667,True,
BR2,87,2511105,space_evenly,5,102,54,99.2846303808423,68.71953185184792,0.0008661720000020523,True,
BR2,87,2511105,space_evenly_infill,5,102,89,99.2846303808423,84.96508762822528,0.012249507000007043,True,
BR2,87,2511105,front_to_back,5,102,50,99.2846303808423,67.37131941181045,0.06453602800002045,True,
BR2,87,2511105,front_to_back_infill,5,102,78,99.2846303808423,80.78935194263005,0.11715383699998938,True,
BR2,88,2511205,space_evenly,5,140,106,99.53453051251562,75.16164045940096,0.0012068890000023202,True,
BR2,88,2511205,space_evenly_infill,5,140,111,99.53453051251562,78.71741816613171,0.005032171000010521,True,
BR2,88,2511205,front_to_back,5,140,87,99.53453051251562,66.8775012778493,0.03821019300002604,True,
BR2,88,2511205,front_to_back_infill,5,140,102,99.53453051251562,76.61792339019236,0.04467643800001042,True,
BR2,89,2511305,space_evenly,5,100,63,99.86554167184563,69.58410242468997,0.0006142029999978149,True,
BR2,89,2511305,space_evenly_infill,5,100,81,99.86554167184563,80.06425471641052,0.0037828269999806707,True,
BR2,89,2511305,front_to_back,5,100,54,99.86554167184563,62.5710128609135,0.024518897999996625,True,
BR2,89,2511305,front_to_back_infill,5,100,76,99.86554167184563,77.01540265380554,0.040206714999982296,True,
BR2,90,2511405,space_evenly,5,82,64,99.41019860004879,76.93253686819574,0.0007789090000187571,True,
BR2,90,2511405,space_evenly_infill,5,82,69,99.41019860004879,80.99771283253162,0.005426887999988139,True,
BR2,90,2511405,front_to_back,5,82,41,99.41019860004879,68.13265504848516,0.04649924000000283,True,
BR2,90,2511405,front_to_back_infill,5,82,55,99.41019860004879,76.86855799441801,0.054514915999988034,True,
BR2,91,2511505,space_evenly,5,166,80,99.82818659723851,82.30054085096455,0.0006986760000131653,True,
BR2,91,2511505,space_evenly_infill,5,166,105,99.82818659723851,87.72548473526751,0.0049172889999908875,True,
BR2,91,2511505,front_to_back,5,166,80,99.82818659723851,82.30054085096455,0.0005803539999931218,True,
BR2,91,2511505,front_to_back_infill,5,166,105,99.82818659723851,87.72548473526751,0.004661882000021933,True,
BR2,92,2511605,space_evenly,5,81,58,99.47250912440902,71.40400576677273,0.0009525600000017675,True,
BR2,92,2511605,space_evenly_infill,5,81,58,99.47250912440902,71.40400576677273,0.0029158289999884346,True,
BR2,92,2511605,front_to_back,5,81,44,99.47250912440902,68.47744172242787,0.07263522900001362,True,
BR2,92,2511605,front_to_back_infill,5,81,46,99.47250912440902,69.95223602026213,0.07710611400000289,True,
BR2,93,2511705,space_evenly,5,85,54,99.98353585056907,76.45851293569011,0.0007486739999933434,True,
BR2,93,2511705,space_evenly_infill,5,85,70,99.98353585056907,80.291329701073,0.0035852949999934935,True,
BR2,93,2511705,front_to_back,5,85,47,99.98353585056907,72.67548742722573,0.05630392400001938,True,
BR2,93,2511705,front_to_back_infill,5,85,69,99.98353585056907,82.26223528246618,0.06650925400001029,True,
BR2,94,2511805,space_evenly,5,168,134,99.929716626531,84.06287616792768,0.011532144999989669,True,
BR2,94,2511805,space_evenly_infill,5,168,134,99.929716626531,84.06287616792768,0.013630215000006274,True,
BR2,94,2511805,front_to_back,5,168,121,99.929716626531,84.54092806755287,0.22313917899998614,True,
BR2,94,2511805,front_to_back_infill,5,168,131,99.929716626531,86.78263135260597,0.2371707620000052,True,
BR2,95,2511905,space_evenly,5,149,120,99.54715280551898,85.8311038823355,0.0014349530000004052,True,
BR2,95,2511905,space_evenly_infill,5,149,123,99.54715280551898,87.21593692442777,0.00458387400001925,True,
BR2,95,2511905,front_to_back,5,149,110,99.54715280551898,81.47241473970094,0.2574701080000068,True,
BR2,95,2511905,front_to_back_infill,5,149,114,99.54715280551898,83.31885879582394,0.2897063280000225,True,
BR2,96,2512005,space_evenly,5,202,167,99.91296001744124,83.21926298836608,0.11100063699998941,True,
BR2,96,2512005,space_evenly_infill,5,202,176,99.91296001744124,85.79460956967884,0.12163042899999255,True,
BR2,96,2512005,front_to_back,5,202,131,99.91296001744124,80.9973073770955,0.5723179839999943,True,
BR2,96,2512005,front_to_back_infill,5,202,157,99.91296001744124,88.49108097742676,0.5731920560000106,True,
BR2,97,2512105,space_evenly,5,165,141,99.79986453800348,86.789397805622,0.09971344699999918,True,
BR2,97,2512105,space_evenly_infill,5,165,146,99.79986453800348,88.47157258881967,0.03349713399998677,True,
BR2,97,2512105,front_to_back,5,165,125,99.79986453800348,83.04564829997852,0.0706663830000025,True,
BR2,97,2512105,front_to_back_infill,5,165,138,99.79986453800348,86.80840768344699,0.08778214399998774,True,
BR2,98,2512205,space_evenly,5,138,114,99.50181491158745,83.66114294564039,0.019866694999990386,True,
BR2,98,2512205,space_evenly_infill,5,138,114,99.50181491158745,83.66114294564039,0.02512000900000544,True,
BR2,98,2512205,front_to_back,5,138,98,99.50181491158745,82.41206768314123,0.25360934400001156,True,
BR2,98,2512205,front_to_back_infill,5,138,104,99.50181491158745,84.23685643088879,0.25868075600001816,True,
BR2,99,2512305,space_evenly,5,174,105,99.85798424838865,77.99106801614643,0.0008381129999861514,True,
BR2,99,2512305,space_evenly_infill,5,174,154,99.85798424838865,92.37996358877247,0.014381830999980139,True,
BR2,99,2512305,front_to_back,5,174,97,99.85798424838865,77.42372286522728,0.10214128499998765,True,
BR2,99,2512305,front_to_back_infill,5,174,142,99.85798424838865,88.83894180119258,0.039008581000018694,True,
BR2,100,2512405,space_evenly,5,139,119,99.41159110683351,83.74008711309747,0.0025222859999871616,True,
BR2,100,2512405,space_evenly_infill,5,139,119,99.41159110683351,83.74008711309747,0.005051640000004909,True,
BR2,100,2512405,front_to_back,5,139,90,99.41159110683351,77.68826592027416,0.1108351080000034,True,
BR2,100,2512405,front_to_back_infill,5,139,90,99.41159110683351,77.68826592027416,0.1148002619999886,True,
BR3,1,2502505,space_evenly,8,94,65,99.66777912117202,83.7696255386409,0.06867361400000505,True,
BR3,1,2502505,space_evenly_infill,8,94,80,99.66777912117202,88.07770254326907,0.037269743999985394,True,
BR3,1,2502505,front_to_back,8,94,62,99.66777912117202,78.17356949007664,0.12177910599999109,True,
BR3,1,2502505,front_to_back_infill,8,94,77,99.66777912117202,85.22446611156937,0.126252060999974,True,
BR3,2,2502605,space_evenly,8,115,76,99.78241001381872,74.97374842221338,0.024793142999982365,True,
BR3,2,2502605,space_evenly_infill,8,115,88,99.78241001381872,84.96938146776198,0.13878258599999072,True,
BR3,2,2502605,front_to_back,8,115,54,99.78241001381872,76.9190970175097,0.04748339799999712,True,
BR3,2,2502605,front_to_back_infill,8,115,94,99.78241001381872,89.98290440357837,0.0696288119999906,True,
BR3,3,2502705,space_evenly,8,143,114,99.97559955891766,80.13285644684113,0.001206390000021429,True,
BR3,3,2502705,space_evenly_infill,8,143,112,99.97559955891766,81.55706851731594,0.005650814999995646,True,
BR3,3,2502705,front_to_back,8,143,92,99.97559955891766,72.74053311407721,0.16261338200001774,True,
BR3,3,2502705,front_to_back_infill,8,143,100,99.97559955891766,76.9955818651083,0.11487976099999742,True,
BR3,4,2502805,space_evenly,8,185,162,99.6052592222833,79.412033119727,0.01132785100000433,True,
BR3,4,2502805,space_evenly_infill,8,185,168,99.6052592222833,86.93920694246056,0.01244414900000379,True,
BR3,4,2502805,front_to_back,8,185,89,99.6052592222833,70.94466463850324,0.3008647999999994,True,
BR3,4,2502805,front_to_back_infill,8,185,141,99.6052592222833,83.8180309355851,0.3140138729999933,True,
BR3,5,2502905,space_evenly,8,113,84,99.83152994288396,81.09531127345576,0.0017514609999977893,True,
BR3,5,2502905,space_evenly_infill,8,113,82,99.83152994288396,84.19895964123177,0.025397666000003483,True,
BR3,5,2502905,front_to_back,8,113,70,99.83152994288396,78.56039391657322,0.10016383699999665,True,
BR3,5,2502905,front_to_back_infill,8,113,84,99.83152994288396,85.30608229681863,0.06313652700001171,True,
BR3,6,2503005,space_evenly,8,143,116,99.5654448278177,79.73809572869315,0.001439135999987684,True,
BR3,6,2503005,space_evenly_infill,8,143,120,99.5654448278177,83.73615220132392,0.008539186999996673,True,
BR3,6,2503005,front_to_back,8,143,76,99.5654448278177,64.8915672580777,0.27649756799999636,True,
BR3,6,2503005,front_to_back_infill,8,143,115,99.5654448278177,84.09185626139512,0.23680602000001727,True,
BR3,7,2503105,space_evenly,8,144,84,99.63317582608222,73.85494399729873,0.0008822819999920739,True,
BR3,7,2503105,space_evenly_infill,8,144,118,99.63317582608222,89.14728733696205,0.012660872999987305,True,
BR3,7,2503105,front_to_back,8,144,64,99.63317582608222,65.73566565480056,0.13814606299999355,True,
BR3,7,2503105,front_to_back_infill,8,144,97,99.63317582608222,83.1658359261433,0.15921085499999776,True,
BR3,8,2503205,space_evenly,8,104,78,98.5737938863967,80.66715365631072,0.050436937000000626,True,
BR3,8,2503205,space_evenly_infill,8,104,87,98.5737938863967,83.90361859006528,0.044284159000000045,True,
BR3,8,2503205,front_to_back,8,104,46,98.5737938863967,70.87241380914747,0.05149071399998206,True,
BR3,8,2503205,front_to_back_infill,8,104,82,98.5737938863967,80.3893169804072,0.06534427599999049,True,
BR3,9,2503305,space_evenly,8,133,105,99.89633634456001,77.79443542324563,0.0010042659999953685,True,
BR3,9,2503305,space_evenly_infill,8,133,117,99.89633634456001,87.18621903500276,0.009399713000021848,True,
BR3,9,2503305,front_to_back,8,133,76,99.89633634456001,73.93682605496514,0.06626891000001933,True,
BR3,9,2503305,front_to_back_infill,8,133,101,99.89633634456001,86.48125167416538,0.07139118499998176,True,
BR3,10,2503405,space_evenly,8,180,134,98.96488556518825,76.17705374810316,0.012852661000010812,True,
BR3,10,2503405,space_evenly_infill,8,180,141,98.96488556518825,81.73292318081783,0.30640745400000924,True,
BR3,10,2503405,front_to_back,8,180,108,98.96488556518825,75.57654765995716,0.17204764500002057,True,
BR3,10,2503405,front_to_back_infill,8,180,130,98.96488556518825,82.98952263272184,0.19813241800000014,True,
BR3,11,2503505,space_evenly,8,119,83,99.4201787859069,76.69294593949674,0.022523272000000816,True,
BR3,11,2503505,space_evenly_infill,8,119,93,99.4201787859069,84.32547170751907,0.09306344400002331,True,
BR3,11,2503505,front_to_back,8,119,78,99.4201787859069,72.42165238377886,0.10056692500000963,True,
BR3,11,2503505,front_to_back_infill,8,119,87,99.4201787859069,77.60098000572955,0.10021235700000375,True,
BR3,12,2503605,space_evenly,8,103,87,99.61986891160473,80.90315530737843,0.05276048999999716,True,
BR3,12,2503605,space_evenly_infill,8,103,91,99.61986891160473,85.50976715558389,0.2535226450000039,True,
BR3,12,2503605,front_to_back,8,103,58,99.61986891160473,67.43258306352821,0.10038405299999908,True,
BR3,12,2503605,front_to_back_infill,8,103,82,99.61986891160473,78.23819642787115,0.11380580200000168,True,
BR3,13,2503705,space_evenly,8,199,149,99.54376957901097,79.12489755603427,0.0012599229999921135,True,
BR3,13,2503705,space_evenly_infill,8,199,168,99.54376957901097,85.01580943860374,0.02777236500000413,True,
BR3,13,2503705,front_to_back,8,199,101,99.54376957901097,76.0736027905969,0.3289939369999786,True,
BR3,13,2503705,front_to_back_infill,8,199,165,99.54376957901097,90.59334747331472,0.37076077999998347,True,
BR3,14,2503805,space_evenly,8,104,77,99.8729262782315,80.10023390125897,0.0012170260000061717,True,
BR3,14,2503805,space_evenly_infill,8,104,83,99.8729262782315,86.72005827923384,0.027563412000006338,True,
BR3,14,2503805,front_to_back,8,104,45,99.8729262782315,68.14770010388965,0.05532548499999734,True,
BR3,14,2503805,front_to_back_infill,8,104,81,99.8729262782315,83.04575464894539,0.07091617999998334,True,
BR3,15,2503905,space_evenly,8,103,74,99.6983378321162,75.26579930221784,0.0009474849999833168,True,
BR3,15,2503905,space_evenly_infill,8,103,88,99.6983378321162,83.69270532495923,0.005459884000003967,True,
BR3,15,2503905,front_to_back,8,103,56,99.6983378321162,70.56224372391543,0.06210354099999904,True,
BR3,15,2503905,front_to_back_infill,8,103,77,99.6983378321162,82.59084361982637,0.07598240099997611,True,
BR3,16,2504005,space_evenly,8,128,89,99.25169211176478,80.05001392506784,0.0337254929999915,True,
BR3,16,2504005,space_evenly_infill,8,128,99,99.25169211176478,82.2793541427243,0.03182768199999941,True,
BR3,16,2504005,front_to_back,8,128,61,99.25169211176478,69.6847484281955,0.09252462300000275,True,
BR3,16,2504005,front_to_back_infill,8,128,97,99.25169211176478,82.34917556286852,0.10850689000000102,True,
BR3,17,2504105,space_evenly,8,86,33,99.32204195333806,55.912231527018285,0.0008650709999926676,True,
BR3,17,2504105,space_evenly_infill,8,86,75,99.32204195333806,83.25599658619817,0.027992864999987432,True,
BR3,17,2504105,front_to_back,8,86,35,99.32204195333806,56.699788830832695,0.023240531999988434,True,
BR3,17,2504105,front_to_back_infill,8,86,77,99.32204195333806,81.9976955508245,0.0444159989999946,True,
BR3,18,2504205,space_evenly,8,85,48,99.10583450372587,67.30515041399659,0.0011187909999819112,True,
BR3,18,2504205,space_evenly_infill,8,85,69,99.10583450372587,82.76982228422958,0.007885651000009375,True,
BR3,18,2504205,front_to_back,8,85,35,99.10583450372587,63.061760168456765,0.037359363000007306,True,
BR3,18,2504205,front_to_back_infill,8,85,71,99.10583450372587,83.70214379576744,0.04714818299999024,True,
BR3,19,2504305,space_evenly,8,176,100,99.68392422370239,76.55105647728352,0.0009581639999964864,True,
BR3,19,2504305,space_evenly_infill,8,176,154,99.68392422370239,90.76628086363337,0.008583613000013202,True,
BR3,19,2504305,front_to_back,8,176,77,99.68392422370239,70.67373399863475,0.05238812600001097,True,
BR3,19,2504305,front_to_back_infill,8,176,135,99.68392422370239,87.59648011506958,0.2772213929999907,True,
BR3,20,2504405,space_evenly,8,135,101,99.62435218523864,81.73118171648562,0.10390769600002159,True,
BR3,20,2504405,space_evenly_infill,8,135,105,99.62435218523864,83.45894032560065,0.1457895869999959,True,
BR3,20,2504405,front_to_back,8,135,75,99.62435218523864,75.25421058823608,0.1153975379999963,True,
BR3,20,2504405,front_to_back_infill,8,135,96,99.62435218523864,82.35321682360893,0.32662289500001407,True,
BR3,21,2504505,space_evenly,8,94,56,99.75715213419113,70.23433330165021,0.015504435999986299,True,
BR3,21,2504505,space_evenly_infill,8,94,68,99.75715213419113,82.58907889165765,0.04333110499999293,True,
BR3,21,2504505,front_to_back,8,94,52,99.75715213419113,73.08291696605009,0.2669993689999899,True,
BR3,21,2504505,front_to_back_infill,8,94,73,99.75715213419113,85.99833430930667,0.09810662800001069,True,
BR3,22,2504605,space_evenly,8,111,84,99.87127786924528,81.49745992139482,0.0070907889999887175,True,
BR3,22,2504605,space_evenly_infill,8,111,91,99.87127786924528,83.06382067968954,0.042664341999994804,True,
BR3,22,2504605,front_to_back,8,111,57,99.87127786924528,74.80668748890814,0.1541722709999931,True,
BR3,22,2504605,front_to_back_infill,8,111,85,99.87127786924528,84.21837165108765,0.1347717179999961,True,
BR3,23,2504705,space_evenly,8,130,93,98.95860765273872,81.21048388115237,0.0011076169999739705,True,
BR3,23,2504705,space_evenly_infill,8,130,109,98.95860765273872,84.47503491237177,0.01337754200000063,True,
BR3,23,2504705,front_to_back,8,130,51,98.95860765273872,67.5139931976542,0.04820327999999563,True,
BR3,23,2504705,front_to_back_infill,8,130,98,98.95860765273872,85.15786507107767,0.0739826060000155,True,
BR3,24,2504805,space_evenly,8,112,80,99.53304162697967,75.94792489901833,0.0017498679999903288,True,
BR3,24,2504805,space_evenly_infill,8,112,90,99.53304162697967,81.77338231589498,0.007854052999988426,True,
BR3,24,2504805,front_to_back,8,112,51,99.53304162697967,64.57121093586426,0.04225833600000328,True,
BR3,24,2504805,front_to_back_infill,8,112,87,99.53304162697967,84.61244110095109,0.05147433100000853,True,
BR3,25,2504905,space_evenly,8,135,103,99.37128484839623,76.72842661356309,0.0008584670000004735,True,
BR3,25,2504905,space_evenly_infill,8,135,113,99.37128484839623,83.90620419932189,0.13413022399998908,True,
BR3,25,2504905,front_to_back,8,135,71,99.37128484839623,64.33086227077644,0.1635175449999906,True,
BR3,25,2504905,front_to_back_infill,8,135,92,99.37128484839623,78.26395946509129,0.12969468800000072,True,
BR3,26,2505005,space_evenly,8,161,136,99.66777912117202,81.46034413196311,0.013819694999995136,True,
BR3,26,2505005,space_evenly_infill,8,161,140,99.66777912117202,82.43016694793752,0.08225359000002186,True,
BR3,26,2505005,front_to_back,8,161,94,99.66777912117202,68.11582864788588,0.055720937999979014,True,
BR3,26,2505005,front_to_back_infill,8,161,144,99.66777912117202,87.16522840767016,0.0895772150000198,True,
BR3,27,2505105,space_evenly,8,120,82,99.9846724551523,71.62391548979349,0.0013703760000112197,True,
BR3,27,2505105,space_evenly_infill,8,120,96,99.9846724551523,85.48215630506466,0.09302251299999398,True,
BR3,27,2505105,front_to_back,8,120,47,99.9846724551523,65.60242369295457,0.09287797400000386,True,
BR3,27,2505105,front_to_back_infill,8,120,93,99.9846724551523,84.0454881118472,0.11198869099999342,True,
BR3,28,2505205,space_evenly,8,143,113,99.61964292005017,75.67874237029248,0.0023072179999985565,True,
BR3,28,2505205,space_evenly_infill,8,143,117,99.61964292005017,82.79528953838566,0.0173319620000143,True,
BR3,28,2505205,front_to_back,8,143,75,99.61964292005017,67.75172301943329,0.1360786179999991,True,
BR3,28,2505205,front_to_back_infill,8,143,110,99.61964292005017,80.56544416313666,0.16694673000000648,True,
BR3,29,2505305,space_evenly,8,194,147,99.63184646399655,74.73375868488867,0.0014433279999934712,True,
BR3,29,2505305,space_evenly_infill,8,194,164,99.63184646399655,87.78681153168435,0.09695082900000784,True,
BR3,29,2505305,front_to_back,8,194,97,99.63184646399655,70.91532561727267,0.0731134309999959,True,
BR3,29,2505305,front_to_back_infill,8,194,147,99.63184646399655,83.95170826351413,0.15042008399998963,True,
BR3,30,2505405,space_evenly,8,161,132,99.93118889504088,81.37787715497903,0.019982712000000902,True,
BR3,30,2505405,space_evenly_infill,8,161,140,99.93118889504088,87.18544468158787,0.044616792999988775,True,
BR3,30,2505405,front_to_back,8,161,78,99.93118889504088,79.3612780752964,0.12850344900002142,True,
BR3,30,2505405,front_to_back_infill,8,161,119,99.93118889504088,87.33707836788899,0.14972427399999333,True,
BR3,31,2505505,space_evenly,8,136,105,99.40802841644394,78.52486006802346,0.0012619359999916924,True,
BR3,31,2505505,space_evenly_infill,8,136,110,99.40802841644394,81.57106005326754,0.007438968000002433,True,
BR3,31,2505505,front_to_back,8,136,82,99.40802841644394,63.76488636280551,0.25061358600001427,True,
BR3,31,2505505,front_to_back_infill,8,136,112,99.40802841644394,82.24912777230155,0.2181304880000141,True,
BR3,32,2505605,space_evenly,8,141,108,99.17264159534085,82.67403842255236,0.00296142900000973,True,
BR3,32,2505605,space_evenly_infill,8,141,112,99.17264159534085,84.32530553725836,0.006426336000004085,True,
BR3,32,2505605,front_to_back,8,141,82,99.17264159534085,75.79738128962745,0.13056805499999768,True,
BR3,32,2505605,front_to_back_infill,8,141,92,99.17264159534085,79.95026524097014,0.15159447400000658,True,
BR3,33,2505705,space_evenly,8,131,104,99.71218646164358,83.24537830653894,1.5273647900000071,True,
BR3,33,2505705,space_evenly_infill,8,131,110,99.71218646164358,89.48775026072114,3.321326069999998,True,
BR3,33,2505705,front_to_back,8,131,64,99.71218646164358,74.59043351162295,0.14796364200000767,True,
BR3,33,2505705,front_to_back_infill,8,131,113,99.71218646164358,88.8937646936053,0.18275134700002127,True,
BR3,34,2505805,space_evenly,8,164,133,99.21098372129659,77.70726915128871,0.001587647000008019,True,
BR3,34,2505805,space_evenly_infill,8,164,137,99.21098372129659,80.97853678444594,0.007624093000003995,True,
BR3,34,2505805,front_to_back,8,164,91,99.21098372129659,64.19516098907198,0.14198064100000352,True,
BR3,34,2505805,front_to_back_infill,8,164,138,99.21098372129659,79.86347451380243,0.14981817400001773,True,
BR3,35,2505905,space_evenly,8,149,126,99.6340399114379,83.84829718687043,0.0033618930000045566,True,
BR3,35,2505905,space_evenly_infill,8,149,128,99.6340399114379,86.10252306277049,0.010092253999999912,True,
BR3,35,2505905,front_to_back,8,149,94,99.6340399114379,77.12579288139897,0.12147367399998643,True,
BR3,35,2505905,front_to_back_infill,8,149,106,99.6340399114379,79.78544760618446,0.2449103180000236,True,
BR3,36,2506005,space_evenly,8,111,67,99.50201099249509,78.50973525089383,0.012713719000004176,True,
BR3,36,2506005,space_evenly_infill,8,111,87,99.50201099249509,91.69308219911052,0.28503227199999515,True,
BR3,36,2506005,front_to_back,8,111,42,99.50201099249509,74.58566774854584,0.06396834800000306,True,
BR3,36,2506005,front_to_back_infill,8,111,94,99.50201099249509,92.66025293772404,0.0819606500000134,True,
BR3,37,2506105,space_evenly,8,112,74,99.35042051046175,86.2144088227103,1.4424176539999962,True,
BR3,37,2506105,space_evenly_infill,8,112,83,99.35042051046175,88.82022438302644,0.8652111789999992,True,
BR3,37,2506105,front_to_back,8,112,70,99.35042051046175,84.50111367308726,0.09840595700001131,True,
BR3,37,2506105,front_to_back_infill,8,112,75,99.35042051046175,85.94878898437402,0.10026026799999954,True,
BR3,38,2506205,space_evenly,8,103,67,99.27834249817711,74.08499010622268,0.0012370249999946736,True,
BR3,38,2506205,space_evenly_infill,8,103,83,99.27834249817711,85.09806371765413,0.012753353000022116,True,
BR3,38,2506205,front_to_back,8,103,53,99.27834249817711,67.121292990739,0.04318330899999978,True,
BR3,38,2506205,front_to_back_infill,8,103,82,99.27834249817711,85.09623584478634,0.0496547789999795,True,
BR3,39,2506305,space_evenly,8,232,187,99.35324208148856,81.12378953273587,0.0016370810000125857,True,
BR3,39,2506305,space_evenly_infill,8,232,204,99.35324208148856,90.98666915700497,0.05148979399999121,True,
BR3,39,2506305,front_to_back,8,232,133,99.35324208148856,75.47156793605237,0.356028938999998,True,
BR3,39,2506305,front_to_back_infill,8,232,189,99.35324208148856,89.41941772611285,0.3833992120000005,True,
BR3,40,2506405,space_evenly,8,86,65,99.14559572370804,76.66056267908999,0.006624762000001283,True,
BR3,40,2506405,space_evenly_infill,8,86,68,99.14559572370804,83.79111800016085,0.013554881999993995,True,
BR3,40,2506405,front_to_back,8,86,54,99.14559572370804,73.34313294750814,0.02788212599998019,True,
BR3,40,2506405,front_to_back_infill,8,86,63,99.14559572370804,80.34109437074979,0.037761200999995026,True,
BR3,41,2506505,space_evenly,8,124,90,98.88050430680082,80.75453262620132,0.0031917229999862684,True,
BR3,41,2506505,space_evenly_infill,8,124,89,98.88050430680082,83.85203934114156,0.01316773900001067,True,
BR3,41,2506505,front_to_back,8,124,56,98.88050430680082,69.89507345057864,0.057474549999994906,True,
BR3,41,2506505,front_to_back_infill,8,124,88,98.88050430680082,82.55682856745948,0.09207891000002633,True,
BR3,42,2506605,space_evenly,8,131,109,98.92829819718561,79.21060817650738,0.0015299199999958546,True,
BR3,42,2506605,space_evenly_infill,8,131,114,98.92829819718561,86.78629042174677,0.014630492000009099,True,
BR3,42,2506605,front_to_back,8,131,88,98.92829819718561,78.27260696545852,0.09111921000001644,True,
BR3,42,2506605,front_to_back_infill,8,131,106,98.92829819718561,85.72554256251824,0.15403612800000133,True,
BR3,43,2506705,space_evenly,8,92,57,98.64532686022622,68.34116881502658,0.0562125890000118,True,
BR3,43,2506705,space_evenly_infill,8,92,57,98.64532686022622,68.34116881502658,0.03535106799998289,True,
BR3,43,2506705,front_to_back,8,92,48,98.64532686022622,65.56066842984391,0.08403208699999709,True,
BR3,43,2506705,front_to_back_infill,8,92,60,98.64532686022622,73.08121538258044,0.08787515399998824,True,
BR3,44,2506805,space_evenly,8,142,112,99.61560498271497,75.60992129511772,0.0035582849999968857,True,
BR3,44,2506805,space_evenly_infill,8,142,116,99.61560498271497,79.6062230097954,0.011960241999986465,True,
BR3,44,2506805,front_to_back,8,142,79,99.61560498271497,63.85353487348793,0.05923876899998959,True,
BR3,44,2506805,front_to_back_infill,8,142,106,99.61560498271497,76.83783311321312,0.08554712299999778,True,
BR3,45,2506905,space_evenly,8,147,107,99.05713332371761,79.72354918407079,0.0011888300000180152,True,
BR3,45,2506905,space_evenly_infill,8,147,121,99.05713332371761,84.05606651064387,0.007872727000005852,True,
BR3,45,2506905,front_to_back,8,147,88,99.05713332371761,78.14080736147548,0.14029241099999012,True,
BR3,45,2506905,front_to_back_infill,8,147,111,99.05713332371761,86.11672064984536,0.16370803699999215,True,
BR3,46,2507005,space_evenly,8,110,85,99.73058483290916,83.24904069908493,0.10850653099998908,True,
BR3,46,2507005,space_evenly_infill,8,110,85,99.73058483290916,83.24904069908493,0.04184593700000505,True,
BR3,46,2507005,front_to_back,8,110,66,99.73058483290916,79.69613441445921,0.1789034969999932,True,
BR3,46,2507005,front_to_back_infill,8,110,81,99.73058483290916,84.48909623983288,0.17944087399999376,True,
BR3,47,2507105,space_evenly,8,148,104,99.52196139399567,66.61150257131861,0.0011913080000169884,True,
BR3,47,2507105,space_evenly_infill,8,148,127,99.52196139399567,83.65932171958303,0.036653880000017125,True,
BR3,47,2507105,front_to_back,8,148,78,99.52196139399567,65.45463850989145,0.14520077099999185,True,
BR3,47,2507105,front_to_back_infill,8,148,105,99.52196139399567,79.97067427239028,0.1479183300000102,True,
BR3,48,2507205,space_evenly,8,103,79,98.87729389736394,77.44329107512823,0.0010517579999884674,True,
BR3,48,2507205,space_evenly_infill,8,103,88,98.87729389736394,84.65480122381074,0.010709908000023916,True,
BR3,48,2507205,front_to_back,8,103,58,98.87729389736394,73.14533051597195,0.08374657400000274,True,
BR3,48,2507205,front_to_back_infill,8,103,75,98.87729389736394,80.19090968912202,0.09069981799999027,True,
BR3,49,2507305,space_evenly,8,105,77,99.4515650247494,87.48114466051749,0.6212434679999888,True,
BR3,49,2507305,space_evenly_infill,8,105,95,99.4515650247494,90.38953632515133,0.06262650399997938,True,
BR3,49,2507305,front_to_back,8,105,65,99.4515650247494,80.89362378122422,0.13839449900001455,True,
BR3,49,2507305,front_to_back_infill,8,105,93,99.4515650247494,88.9197271351383,0.16233238500001335,True,
BR3,50,2507405,space_evenly,8,136,109,99.87921416089668,78.6164464689152,0.17710683399999994,True,
BR3,50,2507405,space_evenly_infill,8,136,109,99.87921416089668,84.75989394349281,0.3626643540000032,True,
BR3,50,2507405,front_to_back,8,136,89,99.87921416089668,82.36586570385403,0.16432451000000015,True,
BR3,50,2507405,front_to_back_infill,8,136,103,99.87921416089668,86.07697937029447,0.16277719199999297,True,
BR3,51,2507505,space_evenly,8,165,136,99.58426859495069,80.37672127464555,0.0012745770000037737,True,
BR3,51,2507505,space_evenly_infill,8,165,135,99.58426859495069,84.94472180107293,0.562986163000005,True,
BR3,51,2507505,front_to_back,8,165,103,99.58426859495069,76.59313078729475,0.13078663400000323,True,
BR3,51,2507505,front_to_back_infill,8,165,136,99.58426859495069,83.71872426438087,0.21738323700000706,True,
BR3,52,2507605,space_evenly,8,143,99,99.43791912294007,83.10641344091418,0.10555675300000189,True,
BR3,52,2507605,space_evenly_infill,8,143,126,99.43791912294007,88.59542925434087,0.08388099500001545,True,
BR3,52,2507605,front_to_back,8,143,69,99.43791912294007,77.42198140089506,0.17534888200000864,True,
BR3,52,2507605,front_to_back_infill,8,143,114,99.43791912294007,83.79696386993255,0.22829531099998235,True,
BR3,53,2507705,space_evenly,8,100,76,99.53507555097073,76.15060608940891,0.0024198790000014014,True,
BR3,53,2507705,space_evenly_infill,8,100,78,99.53507555097073,78.19987091894149,0.005514903999994658,True,
BR3,53,2507705,front_to_back,8,100,40,99.53507555097073,68.83184300765514,0.05529835600000865,True,
BR3,53,2507705,front_to_back_infill,8,100,73,99.53507555097073,84.61880209853099,0.05999149400000192,True,
BR3,54,2507805,space_evenly,8,178,128,99.5216157598534,76.01503774391301,0.0016546549999816307,True,
BR3,54,2507805,space_evenly_infill,8,178,149,99.5216157598534,89.10523296738211,0.0993146649999801,True,
BR3,54,2507805,front_to_back,8,178,102,99.5216157598534,73.77847244332098,0.2498706400000117,True,
BR3,54,2507805,front_to_back_infill,8,178,134,99.5216157598534,85.01351628900598,0.27423503999997934,True,
BR3,55,2507905,space_evenly,8,154,112,99.883750609014,75.47253172356447,0.0013312419999920166,True,
BR3,55,2507905,space_evenly_infill,8,154,127,99.883750609014,82.92979771761823,0.018979263999995055,True,
BR3,55,2507905,front_to_back,8,154,58,99.883750609014,59.39054398161226,0.040348086999983934,True,
BR3,55,2507905,front_to_back_infill,8,154,116,99.883750609014,84.10423594581786,0.059896107000014354,True,
BR3,56,2508005,space_evenly,8,212,140,98.99260941148476,78.39625757985644,0.1449952559999872,True,
BR3,56,2508005,space_evenly_infill,8,212,181,98.99260941148476,83.98701612050934,0.3770616689999997,True,
BR3,56,2508005,front_to_back,8,212,110,98.99260941148476,70.3121541581449,0.18725025899999537,True,
BR3,56,2508005,front_to_back_infill,8,212,187,98.99260941148476,88.39586541804117,0.6497576349999861,True,
BR3,57,2508105,space_evenly,8,118,72,99.92709113641183,80.23380820362637,0.002469308000002002,True,
BR3,57,2508105,space_evenly_infill,8,118,85,99.92709113641183,85.2850384950026,0.009146678999996993,True,
BR3,57,2508105,front_to_back,8,118,62,99.92709113641183,73.20597601431989,0.19644438699998545,True,
BR3,57,2508105,front_to_back_infill,8,118,90,99.92709113641183,84.64777554518801,0.1568247379999832,True,
BR3,58,2508205,space_evenly,8,87,46,99.48693934984888,78.65732435304932,0.0025348180000150933,True,
BR3,58,2508205,space_evenly_infill,8,87,76,99.48693934984888,88.4100297710639,0.0074752609999961805,True,
BR3,58,2508205,front_to_back,8,87,46,99.48693934984888,78.65732435304932,0.0007244530000036775,True,
BR3,58,2508205,front_to_back_infill,8,87,76,99.48693934984888,88.4100297710639,0.011095819000018992,True,
BR3,59,2508305,space_evenly,8,216,172,99.88646583107398,80.9482206820824,0.036937769000019216,True,
BR3,59,2508305,space_evenly_infill,8,216,179,99.88646583107398,84.90957679093322,0.44995948599998314,True,
BR3,59,2508305,front_to_back,8,216,151,99.88646583107398,75.14403305857634,0.8673663200000021,True,
BR3,59,2508305,front_to_back_infill,8,216,179,99.88646583107398,83.99311789248253,0.7285730559999877,True,
BR3,60,2508405,space_evenly,8,114,93,99.51099748019416,84.34898147600401,0.010940108999989206,True,
BR3,60,2508405,space_evenly_infill,8,114,93,99.51099748019416,84.34898147600401,0.014553948000013861,True,
BR3,60,2508405,front_to_back,8,114,79,99.51099748019416,74.10752611697987,0.17392787500000395,True,
BR3,60,2508405,front_to_back_infill,8,114,99,99.51099748019416,83.27310547624064,0.16269783299998153,True,
BR3,61,2508505,space_evenly,8,90,56,99.39068688803647,79.86074932152682,0.008747330999995029,True,
BR3,61,2508505,space_evenly_infill,8,90,73,99.39068688803647,87.0800229447896,0.01656790699999533,True,
BR3,61,2508505,front_to_back,8,90,44,99.39068688803647,59.26515522628734,0.05339112399997248,True,
BR3,61,2508505,front_to_back_infill,8,90,69,99.39068688803647,77.79711408784823,0.08411632500002497,True,
BR3,62,2508605,space_evenly,8,114,79,99.79399208099005,76.2995112600292,0.0011276990000510523,True,
BR3,62,2508605,space_evenly_infill,8,114,88,99.79399208099005,79.90932753554216,0.008049844000026951,True,
BR3,62,2508605,front_to_back,8,114,55,99.79399208099005,72.18570390719458,0.08879687699999295,True,
BR3,62,2508605,front_to_back_infill,8,114,78,99.79399208099005,84.4786308368135,0.11894545600000583,True,
BR3,63,2508705,space_evenly,8,124,69,98.71706588517901,75.94999205706154,0.08335625399996616,True,
BR3,63,2508705,space_evenly_infill,8,124,95,98.71706588517901,81.16928030330725,0.11238980499996387,True,
BR3,63,2508705,front_to_back,8,124,74,98.71706588517901,74.86927385590114,0.2131716629999687,True,
BR3,63,2508705,front_to_back_infill,8,124,95,98.71706588517901,83.2136530803646,0.2714238809999756,True,
BR3,64,2508805,space_evenly,8,134,80,99.98172791813256,72.00491731035487,0.09594624400000384,True,
BR3,64,2508805,space_evenly_infill,8,134,105,99.98172791813256,86.03855415920839,0.28242310899997847,True,
BR3,64,2508805,front_to_back,8,134,76,99.98172791813256,69.41892253873596,0.09160432000004448,True,
BR3,64,2508805,front_to_back_infill,8,134,98,99.98172791813256,77.83362501753096,0.20295606999997062,True,
BR3,65,2508905,space_evenly,8,140,92,99.01601947781327,81.0109266916631,3.8685800150000205,True,
BR3,65,2508905,space_evenly_infill,8,140,92,99.01601947781327,81.0109266916631,3.8500055599999996,True,
BR3,65,2508905,front_to_back,8,140,81,99.01601947781327,79.137416823476,0.26778975700000274,True,
BR3,65,2508905,front_to_back_infill,8,140,100,99.01601947781327,82.75637911013831,0.2765906360000372,True,
BR3,66,2509005,space_evenly,8,97,54,99.40430287919888,68.70725519298682,0.0010789369999884002,True,
BR3,66,2509005,space_evenly_infill,8,97,86,99.40430287919888,85.17557882086912,0.01059195200002705,True,
BR3,66,2509005,front_to_back,8,97,45,99.40430287919888,65.40004493243849,0.057555332000049475,True,
BR3,66,2509005,front_to_back_infill,8,97,79,99.40430287919888,84.80599289721837,0.07563792800004876,True,
BR3,67,2509105,space_evenly,8,169,121,99.85887824439125,74.58420545025162,0.0011510759999850961,True,
BR3,67,2509105,space_evenly_infill,8,169,135,99.85887824439125,81.92335429958902,0.006500329000004967,True,
BR3,67,2509105,front_to_back,8,169,97,99.85887824439125,68.28020426977808,0.07898998799998935,True,
BR3,67,2509105,front_to_back_infill,8,169,119,99.85887824439125,77.6733438308626,0.0890844369999968,True,
BR3,68,2509205,space_evenly,8,119,79,98.60484113790736,79.61578112319133,0.011524320000035004,True,
BR3,68,2509205,space_evenly_infill,8,119,100,98.60484113790736,87.61540358435899,0.19548898200002895,True,
BR3,68,2509205,front_to_back,8,119,53,98.60484113790736,69.14081334360488,0.08359470300001703,True,
BR3,68,2509205,front_to_back_infill,8,119,108,98.60484113790736,88.74794031961852,0.10035665599997401,True,
BR3,69,2509305,space_evenly,8,162,132,99.45825171604028,80.24346601917871,0.0009413939999944887,True,
BR3,69,2509305,space_evenly_infill,8,162,141,99.45825171604028,87.2800088535515,0.025851073000012548,True,
BR3,69,2509305,front_to_back,8,162,79,99.45825171604028,64.80090808724071,0.08916461000001163,True,
BR3,69,2509305,front_to_back_infill,8,162,128,99.45825171604028,81.79747035688719,0.10602676799999244,True,
BR3,70,2509405,space_evenly,8,108,81,99.76973454633192,73.77572731061409,0.0018717789999982415,True,
BR3,70,2509405,space_evenly_infill,8,108,88,99.76973454633192,83.89059748843621,0.04049340500000653,True,
BR3,70,2509405,front_to_back,8,108,51,99.76973454633192,61.97693423845166,0.021246249000000716,True,
BR3,70,2509405,front_to_back_infill,8,108,87,99.76973454633192,83.3396034911707,0.07245514900000671,True,
BR3,71,2509505,space_evenly,8,131,108,99.81646162364297,81.70345122337869,0.0018567889999872023,True,
BR3,71,2509505,space_evenly_infill,8,131,111,99.81646162364297,83.94806581139942,0.016133774999957495,True,
BR3,71,2509505,front_to_back,8,131,70,99.81646162364297,71.21753614701682,0.1403465350000488,True,
BR3,71,2509505,front_to_back_infill,8,131,107,99.81646162364297,87.36223322195495,0.2222454000000198,True,
BR3,72,2509605,space_evenly,8,138,97,99.3041852971224,77.84967041790492,0.013522813000008682,True,
BR3,72,2509605,space_evenly_infill,8,138,120,99.3041852971224,85.95962328537216,0.22993125499999678,True,
BR3,72,2509605,front_to_back,8,138,50,99.3041852971224,64.7381056989088,0.07476043699995216,True,
BR3,72,2509605,front_to_back_infill,8,138,95,99.3041852971224,81.24299010755205,0.08814307000000099,True,
BR3,73,2509705,space_evenly,8,105,69,99.57030032283558,77.09319692305851,0.0008746760000235554,True,
BR3,73,2509705,space_evenly_infill,8,105,86,99.57030032283558,83.50759497793591,0.00668716900003119,True,
BR3,73,2509705,front_to_back,8,105,61,99.57030032283558,70.49598499416078,0.14136862399999472,True,
BR3,73,2509705,front_to_back_infill,8,105,75,99.57030032283558,75.58055568664543,0.1423790439999948,True,
BR3,74,2509805,space_evenly,8,114,92,99.51141955265636,81.32423739482253,0.09785946400000967,True,
BR3,74,2509805,space_evenly_infill,8,114,97,99.51141955265636,85.43097586476665,0.5008310070000448,True,
BR3,74,2509805,front_to_back,8,114,55,99.51141955265636,62.19733582544412,0.06739708300000302,True,
BR3,74,2509805,front_to_back_infill,8,114,91,99.51141955265636,82.06729097941417,0.1232168989999991,True,
BR3,75,2509905,space_evenly,8,139,94,98.93774996161467,78.60368459289283,0.0012525160000222968,True,
BR3,75,2509905,space_evenly_infill,8,139,118,98.93774996161467,86.1411676186007,0.006291616999988037,True,
BR3,75,2509905,front_to_back,8,139,83,98.93774996161467,75.63511270664102,0.09538188400000536,True,
BR3,75,2509905,front_to_back_infill,8,139,117,98.93774996161467,87.83611424803637,0.10077190600003405,True,
BR3,76,2510005,space_evenly,8,144,127,98.82701077647374,86.2389887276742,0.2879464430000098,True,
BR3,76,2510005,space_evenly_infill,8,144,132,98.82701077647374,87.38396829205553,0.28904465700003357,True,
BR3,76,2510005,front_to_back,8,144,100,98.82701077647374,84.12942403393596,0.08430286600003001,True,
BR3,76,2510005,front_to_back_infill,8,144,100,98.82701077647374,85.16598082661064,0.09834782800004405,True,
BR3,77,2510105,space_evenly,8,201,166,99.95972697561484,82.36722497658661,0.03218936399997574,True,
BR3,77,2510105,space_evenly_infill,8,201,178,99.95972697561484,88.46926614560104,0.07316422900004227,True,
BR3,77,2510105,front_to_back,8,201,132,99.95972697561484,71.78557921303094,0.489379093000025,True,
BR3,77,2510105,front_to_back_infill,8,201,161,99.95972697561484,79.64662897038913,0.5182976149999945,True,
BR3,78,2510205,space_evenly,8,155,105,99.78877101139861,73.9020034151312,0.0011294600000155697,True,
BR3,78,2510205,space_evenly_infill,8,155,136,99.78877101139861,84.41735721488008,0.014303591999976106,True,
BR3,78,2510205,front_to_back,8,155,71,99.78877101139861,56.0829016783861,0.0694540659999916,True,
BR3,78,2510205,front_to_back_infill,8,155,125,99.78877101139861,80.51405102490493,0.1118511660000081,True,
BR3,79,2510305,space_evenly,8,195,131,99.91141795742186,77.825416206652,0.0009150280000085331,True,
BR3,79,2510305,space_evenly_infill,8,195,176,99.91141795742186,88.76469028189787,0.020562568000002557,True,
BR3,79,2510305,front_to_back,8,195,79,99.91141795742186,55.103826502295476,0.0932141549999983,True,
BR3,79,2510305,front_to_back_infill,8,195,162,99.91141795742186,84.67416338258842,0.17868008800002144,True,
BR3,80,2510405,space_evenly,8,114,91,99.24132641090183,73.59758614432485,0.0015422260000264032,True,
BR3,80,2510405,space_evenly_infill,8,114,95,99.24132641090183,82.7942194019067,0.05729654900000014,True,
BR3,80,2510405,front_to_back,8,114,61,99.24132641090183,67.29632344974779,0.08658545499997672,True,
BR3,80,2510405,front_to_back_infill,8,114,91,99.24132641090183,82.29784889274109,0.10753536500004657,True,
BR3,81,2510505,space_evenly,8,80,56,99.48041882881871,75.26834835401709,0.013797666000016306,True,
BR3,81,2510505,space_evenly_infill,8,80,63,99.48041882881871,80.05604590553155,0.013571305000027678,True,
BR3,81,2510505,front_to_back,8,80,57,99.48041882881871,76.92340415066724,0.07820612299997265,True,
BR3,81,2510505,front_to_back_infill,8,80,65,99.48041882881871,82.34161813941154,0.08556103699999085,True,
BR3,82,2510605,space_evenly,8,174,121,99.40580838176089,71.7071368797612,0.0016906769999991411,True,
BR3,82,2510605,space_evenly_infill,8,174,153,99.40580838176089,84.50979108410142,0.020089008000013564,True,
BR3,82,2510605,front_to_back,8,174,92,99.40580838176089,71.83102677933454,0.10860517100002198,True,
BR3,82,2510605,front_to_back_infill,8,174,142,99.40580838176089,85.17091940675887,0.15033671100002266,True,
BR3,83,2510705,space_evenly,8,140,121,99.82579374548432,84.50878409232153,0.26803666300003215,True,
BR3,83,2510705,space_evenly_infill,8,140,122,99.82579374548432,85.40968613096476,0.5800518030000035,True,
BR3,83,2510705,front_to_back,8,140,83,99.82579374548432,73.23439112890092,0.15367368200003284,True,
BR3,83,2510705,front_to_back_infill,8,140,120,99.82579374548432,83.7313133233321,0.15988762599999973,True,
BR3,84,2510805,space_evenly,8,101,65,99.62861611412839,76.82304396001012,0.018791797999995197,True,
BR3,84,2510805,space_evenly_infill,8,101,65,99.62861611412839,76.82304396001012,0.020458443999984866,True,
BR3,84,2510805,front_to_back,8,101,53,99.62861611412839,75.98126530012675,0.035192891999997755,True,
BR3,84,2510805,front_to_back_infill,8,101,64,99.62861611412839,81.41048640694034,0.04635594299998047,True,
BR3,85,2510905,space_evenly,8,146,106,99.86526582921286,85.91252731008235,0.06417032699999936,True,
BR3,85,2510905,space_evenly_infill,8,146,111,99.86526582921286,87.04452565369719,0.028640300999995816,True,
BR3,85,2510905,front_to_back,8,146,92,99.86526582921286,86.30732126228247,0.16739454700001488,True,
BR3,85,2510905,front_to_back_infill,8,146,111,99.86526582921286,89.91404012413584,0.19053793900002347,True,
BR3,86,2511005,space_evenly,8,155,118,99.45231279092259,77.43544451541761,0.09778060499996855,True,
BR3,86,2511005,space_evenly_infill,8,155,116,99.45231279092259,84.95562921698578,0.24039421800000582,True,
BR3,86,2511005,front_to_back,8,155,87,99.45231279092259,72.33373502224354,0.25270700499999066,True,
BR3,86,2511005,front_to_back_infill,8,155,119,99.45231279092259,80.85958546502083,0.26151042899999766,True,
BR3,87,2511105,space_evenly,8,126,54,99.367898298483,68.71953185184792,0.0010982590000025994,True,
BR3,87,2511105,space_evenly_infill,8,126,104,99.367898298483,84.90810784582857,0.024854775999983758,True,
BR3,87,2511105,front_to_back,8,126,43,99.367898298483,62.7428063232437,0.030772031999958926,True,
BR3,87,2511105,front_to_back_infill,8,126,103,99.367898298483,85.98143479379267,0.07613657699999976,True,
BR3,88,2511205,space_evenly,8,167,118,99.61948339659989,71.70100519714107,0.004103364999991754,True,
BR3,88,2511205,space_evenly_infill,8,167,138,99.61948339659989,80.56580309089979,0.009197249000010288,True,
BR3,88,2511205,front_to_back,8,167,86,99.61948339659989,60.903201835051426,0.10584122300002718,True,
BR3,88,2511205,front_to_back_infill,8,167,131,99.61948339659989,82.74429520877963,0.13332317900000135,True,
BR3,89,2511305,space_evenly,8,90,53,99.66579172485395,71.95559133016636,0.0008684439999910865,True,
BR3,89,2511305,space_evenly_infill,8,90,74,99.66579172485395,76.98540559834255,0.009007511999982398,True,
BR3,89,2511305,front_to_back,8,90,52,99.66579172485395,66.79797219107454,0.03374254599998494,True,
BR3,89,2511305,front_to_back_infill,8,90,63,99.66579172485395,72.78003510845268,0.05366787700000941,True,
BR3,90,2511405,space_evenly,8,84,58,99.87446169144043,73.16706558607254,0.0008837780000021667,True,
BR3,90,2511405,space_evenly_infill,8,84,72,99.87446169144043,87.38864099978663,0.009493179999992662,True,
BR3,90,2511405,front_to_back,8,84,50,99.87446169144043,71.62444391122254,0.051919308999970326,True,
BR3,90,2511405,front_to_back_infill,8,84,69,99.87446169144043,82.2757848055243,0.07531058500001109,True,
BR3,91,2511505,space_evenly,8,183,145,99.31880163325425,84.74053178471513,0.02205786900003659,True,
BR3,91,2511505,space_evenly_infill,8,183,154,99.31880163325425,92.4945978048244,0.49697265300000026,True,
BR3,91,2511505,front_to_back,8,183,105,99.31880163325425,81.96257712792651,0.24519316299995353,True,
BR3,91,2511505,front_to_back_infill,8,183,154,99.31880163325425,91.98468774281629,0.2781529519999708,True,
BR3,92,2511605,space_evenly,8,97,69,98.50048621418283,72.92227020480817,0.031141114999968522,True,
BR3,92,2511605,space_evenly_infill,8,97,74,98.50048621418283,75.15879562453763,0.07573744799998394,True,
BR3,92,2511605,front_to_back,8,97,37,98.50048621418283,56.00469530688656,0.053059189999999035,True,
BR3,92,2511605,front_to_back_infill,8,97,78,98.50048621418283,81.17693742892067,0.07568288799996026,True,
BR3,93,2511705,space_evenly,8,84,53,99.15981989802464,74.09713715228042,0.0008647949999840421,True,
BR3,93,2511705,space_evenly_infill,8,84,72,99.15981989802464,86.22228196966263,0.005765276999966318,True,
BR3,93,2511705,front_to_back,8,84,46,99.15981989802464,64.26504223051006,0.05723296000002165,True,
BR3,93,2511705,front_to_back_infill,8,84,71,99.15981989802464,86.63948231981661,0.037315713999987565,True,
BR3,94,2511805,space_evenly,8,154,124,99.69849735556647,83.10403055937563,0.02364133399998991,True,
BR3,94,2511805,space_evenly_infill,8,154,139,99.69849735556647,86.88924286847092,0.11458291599996073,True,
BR3,94,2511805,front_to_back,8,154,67,99.69849735556647,67.86986010458091,0.1806133540000019,True,
BR3,94,2511805,front_to_back_infill,8,154,133,99.69849735556647,90.17239499867397,0.2086210729999607,True,
BR3,95,2511905,space_evenly,8,178,135,99.83837948103033,83.72116696721328,0.07376661200004264,True,
BR3,95,2511905,space_evenly_infill,8,178,149,99.83837948103033,86.09359971977047,0.28320205500000384,True,
BR3,95,2511905,front_to_back,8,178,126,99.83837948103033,80.81109033613585,0.3028717510000547,True,
BR3,95,2511905,front_to_back_infill,8,178,150,99.83837948103033,86.10341041196267,0.3487648640000316,True,
BR3,96,2512005,space_evenly,8,197,152,99.90894534394253,81.9376914696829,0.002212143000008382,True,
BR3,96,2512005,space_evenly_infill,8,197,159,99.90894534394253,89.31180254187325,0.040381138999975974,True,
BR3,96,2512005,front_to_back,8,197,97,99.90894534394253,69.96862705477835,0.2271112599999583,True,
BR3,96,2512005,front_to_back_infill,8,197,156,99.90894534394253,87.76857268386905,0.20571801900001674,True,
BR3,97,2512105,space_evenly,8,166,134,99.7683453629524,84.79059556086119,0.4926148650000073,True,
BR3,97,2512105,space_evenly_infill,8,166,137,99.7683453629524,85.7926022329295,0.4262308639999901,True,
BR3,97,2512105,front_to_back,8,166,120,99.7683453629524,83.5914710787308,0.08261575700004187,True,
BR3,97,2512105,front_to_back_infill,8,166,120,99.7683453629524,83.5914710787308,0.10988561800002117,True,
BR3,98,2512205,space_evenly,8,125,93,99.98327330155715,82.74197879534537,0.051340754000023026,True,
BR3,98,2512205,space_evenly_infill,8,125,101,99.98327330155715,85.86381283645323,0.041848997999977655,True,
BR3,98,2512205,front_to_back,8,125,78,99.98327330155715,78.74814969414702,0.2882396579999522,True,
BR3,98,2512205,front_to_back_infill,8,125,106,99.98327330155715,90.66108179498445,0.7012519969999857,True,
BR3,99,2512305,space_evenly,8,110,73,98.55423232330618,78.72087450755443,0.014078871000037907,True,
BR3,99,2512305,space_evenly_infill,8,110,98,98.55423232330618,86.39239711235967,0.0177609340000231,True,
BR3,99,2512305,front_to_back,8,110,43,98.55423232330618,70.76111961533579,0.06347871399998439,True,
BR3,99,2512305,front_to_back_infill,8,110,73,98.55423232330618,82.28098593468445,0.08505013199999212,True,
BR3,100,2512405,space_evenly,8,137,100,99.91521993298686,79.66499410760255,0.3679668720000109,True,
BR3,100,2512405,space_evenly_infill,8,137,112,99.91521993298686,86.70811396089415,0.15304099900004076,True,
BR3,100,2512405,front_to_back,8,137,57,99.91521993298686,72.73001121316919,0.061503197999968506,True,
BR3,100,2512405,front_to_back_infill,8,137,108,99.91521993298686,89.90117522255183,0.1048897709999892,True,
BR4,1,2502505,space_evenly,10,106,81,97.60199696772509,81.18585744851546,0.8697068390000027,True,
BR4,1,2502505,space_evenly_infill,10,106,86,97.60199696772509,84.08946340964093,1.3251645539999686,True,
BR4,1,2502505,front_to_back,10,106,51,97.60199696772509,70.67945690241352,0.08946736899997632,True,
BR4,1,2502505,front_to_back_infill,10,106,84,97.60199696772509,82.36479556737505,0.09641047500002742,True,
BR4,2,2502605,space_evenly,10,123,68,98.93677288048171,75.20309661604234,0.0491664569999557,True,
BR4,2,2502605,space_evenly_infill,10,123,104,98.93677288048171,89.19391138871146,0.1585031019999974,True,
BR4,2,2502605,front_to_back,10,123,51,98.93677288048171,73.08856675491415,0.04813467799999671,True,
BR4,2,2502605,front_to_back_infill,10,123,100,98.93677288048171,87.87865383477758,0.10421728500000427,True,
BR4,3,2502705,space_evenly,10,135,111,99.8184191093141,83.35930131387502,0.0145186039999885,True,
BR4,3,2502705,space_evenly_infill,10,135,107,99.8184191093141,82.17755159420425,0.03514959199998202,True,
BR4,3,2502705,front_to_back,10,135,74,99.8184191093141,71.04993682206688,0.10471337600000652,True,
BR4,3,2502705,front_to_back_infill,10,135,98,99.8184191093141,78.64828801427203,0.1273330999999871,True,
BR4,4,2502805,space_evenly,10,169,109,99.78511194225783,75.5691397897348,0.018301540999971166,True,
BR4,4,2502805,space_evenly_infill,10,169,137,99.78511194225783,83.93229293025303,0.02757695199994714,True,
BR4,4,2502805,front_to_back,10,169,81,99.78511194225783,67.54297661452686,0.1081289950000155,True,
BR4,4,2502805,front_to_back_infill,10,169,136,99.78511194225783,82.44270283240533,0.1488813569999934,True,
BR4,5,2502905,space_evenly,10,130,88,99.45947140575387,80.15320565696742,0.0017311419999828104,True,
BR4,5,2502905,space_evenly_infill,10,130,110,99.45947140575387,84.63453842222002,0.010199008000029153,True,
BR4,5,2502905,front_to_back,10,130,59,99.45947140575387,71.0364205330609,0.06922996299999795,True,
BR4,5,2502905,front_to_back_infill,10,130,94,99.45947140575387,82.44952578331,0.0853268569999841,True,
BR4,6,2503005,space_evenly,10,132,96,99.5166372988426,72.83707138873804,0.004889230999992833,True,
BR4,6,2503005,space_evenly_infill,10,132,102,99.5166372988426,81.94905086870489,0.48007368300000053,True,
BR4,6,2503005,front_to_back,10,132,70,99.5166372988426,63.4504523486837,0.13728654200002666,True,
BR4,6,2503005,front_to_back_infill,10,132,106,99.5166372988426,83.88508728259114,0.22995500000001812,True,
BR4,7,2503105,space_evenly,10,138,87,99.609041257417,73.91202015844667,0.0015874420000159262,True,
BR4,7,2503105,space_evenly_infill,10,138,118,99.609041257417,88.00743246342094,0.015684937000003174,True,
BR4,7,2503105,front_to_back,10,138,69,99.609041257417,67.69148297652147,0.07014209999999821,True,
BR4,7,2503105,front_to_back_infill,10,138,99,99.609041257417,83.17057510197868,0.19767405700002882,True,
BR4,8,2503205,space_evenly,10,107,71,99.85294264267877,76.01264489215882,0.0047564249999823005,True,
BR4,8,2503205,space_evenly_infill,10,107,86,99.85294264267877,82.66791671014788,0.04487482299998646,True,
BR4,8,2503205,front_to_back,10,107,36,99.85294264267877,53.92857071641317,0.044133096999985355,True,
BR4,8,2503205,front_to_back_infill,10,107,81,99.85294264267877,77.80259438304638,0.0841224650000072,True,
BR4,9,2503305,space_evenly,10,149,117,99.18693888457216,76.0824995463552,0.06054300499999954,True,
BR4,9,2503305,space_evenly_infill,10,149,127,99.18693888457216,80.52987375712954,0.10296349000003602,True,
BR4,9,2503305,front_to_back,10,149,63,99.18693888457216,60.79821546433621,0.12158461699999634,True,
BR4,9,2503305,front_to_back_infill,10,149,113,99.18693888457216,82.30428300523569,0.2504614029999743,True,
BR4,10,2503405,space_evenly,10,133,75,98.82948338995308,72.8171774851261,0.02710879900001828,True,
BR4,10,2503405,space_evenly_infill,10,133,96,98.82948338995308,81.60019302337484,0.18877947800001493,True,
BR4,10,2503405,front_to_back,10,133,55,98.82948338995308,69.65329572124872,0.5377873400000226,True,
BR4,10,2503405,front_to_back_infill,10,133,99,98.82948338995308,83.63650986619307,0.13669922700000825,True,
BR4,11,2503505,space_evenly,10,126,81,99.30344417775964,71.55933175626677,0.34659565100002965,True,
BR4,11,2503505,space_evenly_infill,10,126,91,99.30344417775964,79.31081549052463,0.7362549800000124,True,
BR4,11,2503505,front_to_back,10,126,69,99.30344417775964,58.70327043013504,0.14640766899998425,True,
BR4,11,2503505,front_to_back_infill,10,126,92,99.30344417775964,74.76480925980455,0.16147443899996006,True,
BR4,12,2503605,space_evenly,10,114,82,99.76638455387605,86.16371359957354,0.18651730500005215,True,
BR4,12,2503605,space_evenly_infill,10,114,89,99.76638455387605,88.86005871792332,0.20014404399995556,True,
BR4,12,2503605,front_to_back,10,114,57,99.76638455387605,66.78592817057843,0.07592687599998271,True,
BR4,12,2503605,front_to_back_infill,10,114,98,99.76638455387605,82.68733204340899,0.08929364300001907,True,
BR4,13,2503705,space_evenly,10,169,127,99.66673889533999,81.304861942424,0.024008239000011145,True,
BR4,13,2503705,space_evenly_infill,10,169,134,99.66673889533999,82.48654187058527,0.12134208100002297,True,
BR4,13,2503705,front_to_back,10,169,91,99.66673889533999,77.67602249546522,0.09677133200000299,True,
BR4,13,2503705,front_to_back_infill,10,169,133,99.66673889533999,85.65015111523509,0.1291950080000106,True,
BR4,14,2503805,space_evenly,10,105,79,99.33309892248556,78.03161355975915,0.002479022999978042,True,
BR4,14,2503805,space_evenly_infill,10,105,87,99.33309892248556,87.20588694706015,0.029290431000049466,True,
BR4,14,2503805,front_to_back,10,105,55,99.33309892248556,68.0268610903029,0.09950779899997997,True,
BR4,14,2503805,front_to_back_infill,10,105,80,99.33309892248556,82.90463621674185,0.1311560319999785,True,
BR4,15,2503905,space_evenly,10,100,66,99.5604198391339,73.61479805992897,0.00460014800000863,True,
BR4,15,2503905,space_evenly_infill,10,100,81,99.5604198391339,84.83899098758974,0.14293771799998467,True,
BR4,15,2503905,front_to_back,10,100,50,99.5604198391339,68.22552096038434,0.10715883900002154,True,
BR4,15,2503905,front_to_back_infill,10,100,76,99.5604198391339,85.1251959978225,0.12041022900001508,True,
BR4,16,2504005,space_evenly,10,138,109,99.68433300254374,80.85339063770164,0.1407587389999776,True,
BR4,16,2504005,space_evenly_infill,10,138,118,99.68433300254374,83.313428351704,0.06939592899999525,True,
BR4,16,2504005,front_to_back,10,138,62,99.68433300254374,67.60366864054781,0.1406077649999702,True,
BR4,16,2504005,front_to_back_infill,10,138,111,99.68433300254374,87.21063609311118,0.16619946200000868,True,
BR4,17,2504105,space_evenly,10,91,38,98.564285624079,60.85228726717054,0.001119404000007762,True,
BR4,17,2504105,space_evenly_infill,10,91,75,98.564285624079,83.49236713524465,0.021799282000017683,True,
BR4,17,2504105,front_to_back,10,91,35,98.564285624079,56.34367266851492,0.025249910000013642,True,
BR4,17,2504105,front_to_back_infill,10,91,72,98.564285624079,84.09666522874001,0.04874705800000356,True,
BR4,18,2504205,space_evenly,10,75,41,98.06868282151785,68.32445208679937,0.0014774210000041421,True,
BR4,18,2504205,space_evenly_infill,10,75,59,98.06868282151785,80.98075681912898,0.0122395209999695,True,
BR4,18,2504205,front_to_back,10,75,31,98.06868282151785,61.13490299977202,0.03347311099997796,True,
BR4,18,2504205,front_to_back_infill,10,75,63,98.06868282151785,82.17912356487054,0.049851540999952704,True,
BR4,19,2504305,space_evenly,10,138,93,98.90563257362506,81.5325284932146,0.06401370999998335,True,
BR4,19,2504305,space_evenly_infill,10,138,108,98.90563257362506,87.48799087525865,0.8645469269999921,True,
BR4,19,2504305,front_to_back,10,138,65,98.90563257362506,75.78430036670453,0.12932853400002386,True,
BR4,19,2504305,front_to_back_infill,10,138,104,98.90563257362506,86.50626029840191,0.1807813739999915,True,
BR4,20,2504405,space_evenly,10,139,83,99.88417600488141,77.94910005510206,0.0011061559999916426,True,
BR4,20,2504405,space_evenly_infill,10,139,119,99.88417600488141,87.10351277284326,0.013185507000002872,True,
BR4,20,2504405,front_to_back,10,139,59,99.88417600488141,61.66553449329038,0.05112748400000555,True,
BR4,20,2504405,front_to_back_infill,10,139,120,99.88417600488141,80.69516663886084,0.10230050499995968,True,
BR4,21,2504505,space_evenly,10,114,79,99.517016167037,74.09093235474559,0.0014513220000367255,True,
BR4,21,2504505,space_evenly_infill,10,114,90,99.517016167037,82.35142883160373,0.02338223999998945,True,
BR4,21,2504505,front_to_back,10,114,53,99.517016167037,63.11401739204417,0.0645750570000132,True,
BR4,21,2504505,front_to_back_infill,10,114,88,99.517016167037,82.68039277332183,0.05182845699999916,True,
BR4,22,2504605,space_evenly,10,111,62,99.81305845670367,78.30075620762243,0.005583647000037217,True,
BR4,22,2504605,space_evenly_infill,10,111,72,99.81305845670367,79.59013772855889,0.17052716699998882,True,
BR4,22,2504605,front_to_back,10,111,46,99.81305845670367,67.31919512443162,0.020636700000011388,True,
BR4,22,2504605,front_to_back_infill,10,111,78,99.81305845670367,78.87495754349838,0.053234255999996094,True,
BR4,23,2504705,space_evenly,10,98,57,97.40279870599895,73.6501823552441,0.40462613900001543,True,
BR4,23,2504705,space_evenly_infill,10,98,80,97.40279870599895,84.52965507706644,0.12267236100001355,True,
BR4,23,2504705,front_to_back,10,98,31,97.40279870599895,63.79789442339252,0.020302111999967565,True,
BR4,23,2504705,front_to_back_infill,10,98,77,97.40279870599895,85.26527088078879,0.0439474429999791,True,
BR4,24,2504805,space_evenly,10,137,104,99.9512190582666,72.85500448327363,0.003289849999987382,True,
BR4,24,2504805,space_evenly_infill,10,137,109,99.9512190582666,79.25486596374431,0.0213631959999816,True,
BR4,24,2504805,front_to_back,10,137,62,99.9512190582666,56.92840255210933,0.07734633699999449,True,
BR4,24,2504805,front_to_back_infill,10,137,101,99.9512190582666,80.05796018693489,0.09000974299999598,True,
BR4,25,2504905,space_evenly,10,133,99,99.57477694965905,77.8501356946349,0.0027803899999980786,True,
BR4,25,2504905,space_evenly_infill,10,133,98,99.57477694965905,78.64506098780909,0.011799388000042654,True,
BR4,25,2504905,front_to_back,10,133,87,99.57477694965905,71.78792553711213,0.18485869900001717,True,
BR4,25,2504905,front_to_back_infill,10,133,102,99.57477694965905,79.4719906731956,0.20210230599997203,True,
BR4,26,2505005,space_evenly,10,158,119,99.89784184712202,80.7246651835417,0.1456508669999721,True,
BR4,26,2505005,space_evenly_infill,10,158,131,99.89784184712202,86.05038215836558,0.471945503000029,True,
BR4,26,2505005,front_to_back,10,158,92,99.89784184712202,69.69279439221897,0.08998835900001723,True,
BR4,26,2505005,front_to_back_infill,10,158,120,99.89784184712202,82.69412176026151,0.11897315900000649,True,
BR4,27,2505105,space_evenly,10,119,47,98.80660506845882,65.46870316075777,0.0009838880000074823,True,
BR4,27,2505105,space_evenly_infill,10,119,104,98.80660506845882,86.16397282518024,0.019564082999977472,True,
BR4,27,2505105,front_to_back,10,119,45,98.80660506845882,64.10350147326554,0.08433667799999967,True,
BR4,27,2505105,front_to_back_infill,10,119,97,98.80660506845882,85.76061778114845,0.14458785400000806,True,
BR4,28,2505205,space_evenly,10,175,120,99.86890163451716,75.50042506352689,0.2220506869999781,True,
BR4,28,2505205,space_evenly_infill,10,175,145,99.86890163451716,81.99915784911873,0.2831589780000172,True,
BR4,28,2505205,front_to_back,10,175,94,99.86890163451716,61.951613214125004,0.22298756300000377,True,
BR4,28,2505205,front_to_back_infill,10,175,138,99.86890163451716,79.50147924766082,0.22988053200003833,True,
BR4,29,2505305,space_evenly,10,127,82,99.73517777891512,72.24474087741886,0.012912070000027143,True,
BR4,29,2505305,space_evenly_infill,10,127,114,99.73517777891512,84.73009629234268,0.12454055900002459,True,
BR4,29,2505305,front_to_back,10,127,52,99.73517777891512,68.39545331579461,0.15802882499997395,True,
BR4,29,2505305,front_to_back_infill,10,127,112,99.73517777891512,87.85259501449337,0.21990867299996353,True,
BR4,30,2505405,space_evenly,10,151,100,99.83615944634728,79.43177082329387,0.13687648000001218,True,
BR4,30,2505405,space_evenly_infill,10,151,115,99.83615944634728,82.50419247567766,0.05226526600000625,True,
BR4,30,2505405,front_to_back,10,151,76,99.83615944634728,73.75213445699879,0.11172991800003729,True,
BR4,30,2505405,front_to_back_infill,10,151,113,99.83615944634728,85.48885961338162,0.13355814800002008,True,
BR4,31,2505505,space_evenly,10,145,103,99.91064692741217,72.92431077560967,0.001158583999995244,True,
BR4,31,2505505,space_evenly_infill,10,145,116,99.91064692741217,83.42619813743079,0.0189181769999891,True,
BR4,31,2505505,front_to_back,10,145,84,99.91064692741217,63.07849683711526,0.2343726280000169,True,
BR4,31,2505505,front_to_back_infill,10,145,117,99.91064692741217,84.54800027384859,0.24682103899999674,True,
BR4,32,2505605,space_evenly,10,156,126,99.41705146160038,81.48280370440038,0.0028325720000452748,True,
BR4,32,2505605,space_evenly_infill,10,156,125,99.41705146160038,84.94361843054183,0.02155203000000938,True,
BR4,32,2505605,front_to_back,10,156,68,99.41705146160038,63.09979321772757,0.10920521899998903,True,
BR4,32,2505605,front_to_back_infill,10,156,100,99.41705146160038,76.63965846029295,0.13039103500000238,True,
BR4,33,2505705,space_evenly,10,132,83,99.78378258017217,78.62699495706492,0.9472797199999832,True,
BR4,33,2505705,space_evenly_infill,10,132,104,99.78378258017217,84.31847261613805,2.858374275000017,True,
BR4,33,2505705,front_to_back,10,132,58,99.78378258017217,69.51335045108578,0.13702983300004234,True,
BR4,33,2505705,front_to_back_infill,10,132,113,99.78378258017217,85.01480244682385,0.1738482749999548,True,
BR4,34,2505805,space_evenly,10,136,92,99.60224821715927,75.86647488402977,0.05198853399997461,True,
BR4,34,2505805,space_evenly_infill,10,136,102,99.60224821715927,84.04133385532951,0.6221515280000176,True,
BR4,34,2505805,front_to_back,10,136,68,99.60224821715927,66.26235226632971,0.10106582800000297,True,
BR4,34,2505805,front_to_back_infill,10,136,112,99.60224821715927,85.65607009992151,0.15967910500000926,True,
BR4,35,2505905,space_evenly,10,151,125,99.48875392909581,83.86654268149614,0.004908063000016227,True,
BR4,35,2505905,space_evenly_infill,10,151,125,99.48875392909581,84.94222924716232,0.09950680399998646,True,
BR4,35,2505905,front_to_back,10,151,82,99.48875392909581,59.49185798956584,0.13992429600000378,True,
BR4,35,2505905,front_to_back_infill,10,151,128,99.48875392909581,81.55923537751556,0.16364791399996648,True,
BR4,36,2506005,space_evenly,10,131,101,99.86125115571416,82.5924920288126,0.014059016000032898,True,
BR4,36,2506005,space_evenly_infill,10,131,114,99.86125115571416,87.57298031680028,0.40952629800000295,True,
BR4,36,2506005,front_to_back,10,131,61,99.86125115571416,73.1031565038043,0.29615750099998195,True,
BR4,36,2506005,front_to_back_infill,10,131,98,99.86125115571416,82.5866960101191,0.2778484759999742,True,
BR4,37,2506105,space_evenly,10,136,92,98.80804077951134,83.17359940072357,0.13400253399998974,True,
BR4,37,2506105,space_evenly_infill,10,136,103,98.80804077951134,86.24578176793193,0.07678354500001205,True,
BR4,37,2506105,front_to_back,10,136,65,98.80804077951134,72.2242554076788,0.1784176430000457,True,
BR4,37,2506105,front_to_back_infill,10,136,99,98.80804077951134,82.33046479151282,0.20195180600001095,True,
BR4,38,2506205,space_evenly,10,115,87,99.65121526958465,78.36355527254914,0.007372640000028241,True,
BR4,38,2506205,space_evenly_infill,10,115,91,99.65121526958465,84.69632384855642,0.06585524000001897,True,
BR4,38,2506205,front_to_back,10,115,63,99.65121526958465,71.58683293441393,0.10764228900001171,True,
BR4,38,2506205,front_to_back_infill,10,115,87,99.65121526958465,82.57119232479506,0.08006617600000254,True,
BR4,39,2506305,space_evenly,10,225,160,99.92861657940513,80.64803410611367,0.01911507500000198,True,
BR4,39,2506305,space_evenly_infill,10,225,183,99.92861657940513,89.16443278446188,0.5646357719999742,True,
BR4,39,2506305,front_to_back,10,225,114,99.92861657940513,71.42670462438542,0.2769161709999821,True,
BR4,39,2506305,front_to_back_infill,10,225,174,99.92861657940513,85.30785034839256,0.38484003399997846,True,
BR4,40,2506405,space_evenly,10,102,70,99.76190128024216,72.84826794090453,0.011482596999996986,True,
BR4,40,2506405,space_evenly_infill,10,102,75,99.76190128024216,76.35076481524193,0.04900812800002541,True,
BR4,40,2506405,front_to_back,10,102,50,99.76190128024216,62.95196815380188,0.07088723900000105,True,
BR4,40,2506405,front_to_back_infill,10,102,73,99.76190128024216,77.82145803104193,0.11162644199998795,True,
BR4,41,2506505,space_evenly,10,113,96,99.70949450342012,80.54160870094073,0.004128543000035734,True,
BR4,41,2506505,space_evenly_infill,10,113,94,99.70949450342012,84.1482876819315,0.1039066440000056,True,
BR4,41,2506505,front_to_back,10,113,57,99.70949450342012,76.7976597909844,0.10179652099998293,True,
BR4,41,2506505,front_to_back_infill,10,113,74,99.70949450342012,83.76723933369713,0.13076124299999492,True,
BR4,42,2506605,space_evenly,10,121,85,99.81491291681317,71.36980792711906,0.004094667000003938,True,
BR4,42,2506605,space_evenly_infill,10,121,97,99.81491291681317,81.62906676787543,0.048601953999991565,True,
BR4,42,2506605,front_to_back,10,121,71,99.81491291681317,69.59171634603561,0.21731229099998473,True,
BR4,42,2506605,front_to_back_infill,10,121,100,99.81491291681317,84.37535269637836,0.26859148700003743,True,
BR4,43,2506705,space_evenly,10,90,58,99.66281395378206,71.54451269241686,0.0015043629999809127,True,
BR4,43,2506705,space_evenly_infill,10,90,68,99.66281395378206,75.56368608177837,0.015239539999981844,True,
BR4,43,2506705,front_to_back,10,90,42,99.66281395378206,69.22331355464111,0.04266944300002251,True,
BR4,43,2506705,front_to_back_infill,10,90,66,99.66281395378206,81.05825862872312,0.05801157499996634,True,
BR4,44,2506805,space_evenly,10,138,106,99.7828054990392,76.82136896378219,0.0026684850000151528,True,
BR4,44,2506805,space_evenly_infill,10,138,100,99.7828054990392,77.39992063708348,0.04750971999999365,True,
BR4,44,2506805,front_to_back,10,138,78,99.7828054990392,61.84548691542133,0.06181460999999899,True,
BR4,44,2506805,front_to_back_infill,10,138,116,99.7828054990392,80.11767180841765,0.09762306999999737,True,
BR4,45,2506905,space_evenly,10,158,122,99.9895778012484,82.65337681233595,0.3052350140000044,True,
BR4,45,2506905,space_evenly_infill,10,158,116,99.9895778012484,80.51147538586396,0.8145876970000359,True,
BR4,45,2506905,front_to_back,10,158,78,99.9895778012484,68.05437888547613,0.1492516189999833,True,
BR4,45,2506905,front_to_back_infill,10,158,123,99.9895778012484,84.65577165813328,0.20716025199999422,True,
BR4,46,2507005,space_evenly,10,98,67,99.87090232445607,80.37709681943474,0.002665346000014779,True,
BR4,46,2507005,space_evenly_infill,10,98,83,99.87090232445607,87.42862488791816,0.01157046899999159,True,
BR4,46,2507005,front_to_back,10,98,53,99.87090232445607,60.530206097650954,0.10496372200003634,True,
BR4,46,2507005,front_to_back_infill,10,98,69,99.87090232445607,77.04529668370688,0.1428483779999965,True,
BR4,47,2507105,space_evenly,10,138,73,99.52568360783553,60.267161898355646,0.001306839999983822,True,
BR4,47,2507105,space_evenly_infill,10,138,110,99.52568360783553,83.6382114496627,0.016641694999975698,True,
BR4,47,2507105,front_to_back,10,138,71,99.52568360783553,64.79555408144071,0.12782376799998474,True,
BR4,47,2507105,front_to_back_infill,10,138,108,99.52568360783553,83.47289198068968,0.12217150700001866,True,
BR4,48,2507205,space_evenly,10,109,91,99.01906704039466,79.6374896060502,0.001685350999991897,True,
BR4,48,2507205,space_evenly_infill,10,109,93,99.01906704039466,82.85714143282634,0.018197576999966714,True,
BR4,48,2507205,front_to_back,10,109,55,99.01906704039466,68.71152576868701,0.1314515280000137,True,
BR4,48,2507205,front_to_back_infill,10,109,82,99.01906704039466,83.5694003447036,0.14417454700003418,True,
BR4,49,2507305,space_evenly,10,106,66,98.42379863886616,76.3905692394919,0.011955747000001793,True,
BR4,49,2507305,space_evenly_infill,10,106,90,98.42379863886616,80.82625835753326,0.01760097300001462,True,
BR4,49,2507305,front_to_back,10,106,39,98.42379863886616,50.56326400931617,0.04687511400004496,True,
BR4,49,2507305,front_to_back_infill,10,106,80,98.42379863886616,75.50057794016674,0.09736899500001073,True,
BR4,50,2507405,space_evenly,10,167,118,99.33126440280735,80.63262347613562,0.4700645720000125,True,
BR4,50,2507405,space_evenly_infill,10,167,142,99.33126440280735,85.81813263178465,0.33163584199996876,True,
BR4,50,2507405,front_to_back,10,167,89,99.33126440280735,76.20252432566447,0.17377864500002715,True,
BR4,50,2507405,front_to_back_infill,10,167,138,99.33126440280735,86.63854844295142,0.19292269299995723,True,
BR4,51,2507505,space_evenly,10,184,133,99.6109887728725,80.64805404654496,0.0637319059999868,True,
BR4,51,2507505,space_evenly_infill,10,184,154,99.6109887728725,84.43081700599741,0.5269531160000156,True,
BR4,51,2507505,front_to_back,10,184,105,99.6109887728725,69.04343757083008,0.16501849200000152,True,
BR4,51,2507505,front_to_back_infill,10,184,151,99.6109887728725,81.96141393610155,0.2307040210000082,True,
BR4,52,2507605,space_evenly,10,143,102,99.81660120666197,78.53162652103948,0.017728316000045652,True,
BR4,52,2507605,space_evenly_infill,10,143,116,99.81660120666197,85.9725180976031,0.12766338700004098,True,
BR4,52,2507605,front_to_back,10,143,55,99.81660120666197,66.35940899220395,0.07661987300002693,True,
BR4,52,2507605,front_to_back_infill,10,143,105,99.81660120666197,81.73749618639252,0.14646897900001932,True,
BR4,53,2507705,space_evenly,10,101,80,99.41552601860708,79.89540579110006,0.002170817999967767,True,
BR4,53,2507705,space_evenly_infill,10,101,86,99.41552601860708,81.55544669557143,0.013297478000026786,True,
BR4,53,2507705,front_to_back,10,101,43,99.41552601860708,69.07173304282341,0.04592134099999612,True,
BR4,53,2507705,front_to_back_infill,10,101,65,99.41552601860708,76.75292675680184,0.0694734159999939,True,
BR4,54,2507805,space_evenly,10,172,96,99.56418858064674,69.11710417080708,0.001276260999986789,True,
BR4,54,2507805,space_evenly_infill,10,172,146,99.56418858064674,85.75149171043037,0.018470594000007168,True,
BR4,54,2507805,front_to_back,10,172,84,99.56418858064674,66.34204087655478,0.13471810300001152,True,
BR4,54,2507805,front_to_back_infill,10,172,133,99.56418858064674,82.36076095344508,0.19043441000002304,True,
BR4,55,2507905,space_evenly,10,143,93,99.73351607630805,75.70281711766383,0.001098135999995975,True,
BR4,55,2507905,space_evenly_infill,10,143,103,99.73351607630805,82.50614663794359,0.048984583999981623,True,
BR4,55,2507905,front_to_back,10,143,57,99.73351607630805,59.40608090098845,0.060823655999968196,True,
BR4,55,2507905,front_to_back_infill,10,143,98,99.73351607630805,82.41305805789504,0.10684568700003183,True,
BR4,56,2508005,space_evenly,10,233,165,98.93604505473981,80.5065068950688,0.06922509200001059,True,
BR4,56,2508005,space_evenly_infill,10,233,199,98.93604505473981,85.24771000763718,0.19423312700001816,True,
BR4,56,2508005,front_to_back,10,233,106,98.93604505473981,68.16628458584721,0.04649595500001169,True,
BR4,56,2508005,front_to_back_infill,10,233,199,98.93604505473981,86.79989311928831,0.1322116800000117,True,
BR4,57,2508105,space_evenly,10,96,55,99.20455293220719,73.27028722861904,0.09002784299997302,True,
BR4,57,2508105,space_evenly_infill,10,96,69,99.20455293220719,84.28914356512313,0.23708450800000946,True,
BR4,57,2508105,front_to_back,10,96,39,99.20455293220719,67.21238420425382,0.04733817999999701,True,
BR4,57,2508105,front_to_back_infill,10,96,67,99.20455293220719,80.19089307209596,0.07631658099995775,True,
BR4,58,2508205,space_evenly,10,106,63,99.64962003508187,71.17068942711806,0.003372104999982639,True,
BR4,58,2508205,space_evenly_infill,10,106,87,99.64962003508187,82.22851268975813,0.5472641970000041,True,
BR4,58,2508205,front_to_back,10,106,53,99.64962003508187,71.97600036158649,0.056481130999998186,True,
BR4,58,2508205,front_to_back_infill,10,106,82,99.64962003508187,82.49360078326013,0.09034628300003078,True,
BR4,59,2508305,space_evenly,10,199,156,99.98219651826776,82.43264288482207,0.0014128560000017387,True,
BR4,59,2508305,space_evenly_infill,10,199,165,99.98219651826776,85.04454692349056,0.010112458999969931,True,
BR4,59,2508305,front_to_back,10,199,127,99.98219651826776,74.37578473905619,0.2671728320000284,True,
BR4,59,2508305,front_to_back_infill,10,199,147,99.98219651826776,80.11979878775472,0.2608078810000052,True,
BR4,60,2508405,space_evenly,10,125,102,99.75722857251105,82.96280577820524,0.017511061999982758,True,
BR4,60,2508405,space_evenly_infill,10,125,102,99.75722857251105,82.96280577820524,0.022828220999997484,True,
BR4,60,2508405,front_to_back,10,125,72,99.75722857251105,68.54164658776017,0.10235168100001601,True,
BR4,60,2508405,front_to_back_infill,10,125,99,99.75722857251105,81.57068783188355,0.1240650720000076,True,
BR4,61,2508505,space_evenly,10,121,108,99.3048433313548,84.61880209853099,0.11605878699998584,True,
BR4,61,2508505,space_evenly_infill,10,121,102,99.3048433313548,83.3114542490068,0.21761488799995732,True,
BR4,61,2508505,front_to_back,10,121,64,99.3048433313548,63.13275475064158,0.09076133100001016,True,
BR4,61,2508505,front_to_back_infill,10,121,93,99.3048433313548,82.52680492475479,0.17495778400001427,True,
BR4,62,2508605,space_evenly,10,125,89,99.49220694711332,77.84490465482781,0.001971307000019351,True,
BR4,62,2508605,space_evenly_infill,10,125,89,99.49220694711332,85.06045938765594,0.021380045999990216,True,
BR4,62,2508605,front_to_back,10,125,50,99.49220694711332,68.21413497412064,0.0894665939999868,True,
BR4,62,2508605,front_to_back_infill,10,125,98,99.49220694711332,83.20120692783757,0.10819862599998942,True,
BR4,63,2508705,space_evenly,10,100,76,99.89449517807138,78.99094770887768,0.008303037000018776,True,
BR4,63,2508705,space_evenly_infill,10,100,80,99.89449517807138,81.11284888277086,0.009464437000019643,True,
BR4,63,2508705,front_to_back,10,100,50,99.89449517807138,72.09468913199967,0.08102959199999304,True,
BR4,63,2508705,front_to_back_infill,10,100,80,99.89449517807138,84.56036998805568,0.10427685799999153,True,
BR4,64,2508805,space_evenly,10,118,69,99.29697350780768,68.49241033951243,0.0011505160000524484,True,
BR4,64,2508805,space_evenly_infill,10,118,90,99.29697350780768,81.93311846410822,0.039872701000035704,True,
BR4,64,2508805,front_to_back,10,118,41,99.29697350780768,52.8950448692938,0.08541483700003027,True,
BR4,64,2508805,front_to_back_infill,10,118,100,99.29697350780768,82.70427476319077,0.12405284999999822,True,
BR4,65,2508905,space_evenly,10,156,109,99.92146128797904,85.07513222167644,1.6462072689999445,True,
BR4,65,2508905,space_evenly_infill,10,156,120,99.92146128797904,86.89413824435137,1.7406565290000344,True,
BR4,65,2508905,front_to_back,10,156,80,99.92146128797904,79.59189913332239,0.11402296200003548,True,
BR4,65,2508905,front_to_back_infill,10,156,101,99.92146128797904,85.4153026857767,0.1866000200000144,True,
BR4,66,2509005,space_evenly,10,105,72,99.90834380759877,74.56418525724153,0.004729591000000255,True,
BR4,66,2509005,space_evenly_infill,10,105,91,99.90834380759877,85.34605953813973,0.04427657599995882,True,
BR4,66,2509005,front_to_back,10,105,48,99.90834380759877,65.69598751994874,0.21896805000000086,True,
BR4,66,2509005,front_to_back_infill,10,105,89,99.90834380759877,85.67829371058856,0.20947025899999971,True,
BR4,67,2509105,space_evenly,10,170,127,99.34361749998837,76.9438896204073,0.0012548479999736628,True,
BR4,67,2509105,space_evenly_infill,10,170,134,99.34361749998837,79.76104716510211,0.057770745000027546,True,
BR4,67,2509105,front_to_back,10,170,104,99.34361749998837,68.0092536894783,0.20735026300002346,True,
BR4,67,2509105,front_to_back_infill,10,170,131,99.34361749998837,79.49686303781836,0.17909645999998247,True,
BR4,68,2509205,space_evenly,10,103,55,99.42136856497356,78.33580483901093,0.09028875899997502,True,
BR4,68,2509205,space_evenly_infill,10,103,80,99.42136856497356,85.61119083590953,0.07827832100002752,True,
BR4,68,2509205,front_to_back,10,103,49,99.42136856497356,73.26317846486596,0.09934919800002717,True,
BR4,68,2509205,front_to_back_infill,10,103,84,99.42136856497356,84.48365914890252,0.10942057799996974,True,
BR4,69,2509305,space_evenly,10,157,121,99.84371686980427,78.30972940170065,0.003201230999991367,True,
BR4,69,2509305,space_evenly_infill,10,157,131,99.84371686980427,83.74888416669934,0.015258606000031705,True,
BR4,69,2509305,front_to_back,10,157,81,99.84371686980427,64.87705727091269,0.07813676000000669,True,
BR4,69,2509305,front_to_back_infill,10,157,128,99.84371686980427,82.3864010246723,0.09988730399999213,True,
BR4,70,2509405,space_evenly,10,117,81,99.58899447716522,73.84494054760412,0.0019377859999849534,True,
BR4,70,2509405,space_evenly_infill,10,117,91,99.58899447716522,82.3513756571203,0.1564316129999952,True,
BR4,70,2509405,front_to_back,10,117,61,99.58899447716522,62.8809602779962,0.06698231799998666,True,
BR4,70,2509405,front_to_back_infill,10,117,87,99.58899447716522,78.74758471526061,0.10095899999998892,True,
BR4,71,2509505,space_evenly,10,138,102,99.85775825683409,78.9979933279317,0.0015125670000202263,True,
BR4,71,2509505,space_evenly_infill,10,138,117,99.85775825683409,84.97457927351691,0.015283974999988459,True,
BR4,71,2509505,front_to_back,10,138,64,99.85775825683409,59.935452823930646,0.06834462300002997,True,
BR4,71,2509505,front_to_back_infill,10,138,109,99.85775825683409,82.4415462873908,0.13481144399997902,True,
BR4,72,2509605,space_evenly,10,129,91,99.86310561582366,76.31435691112084,0.07263976000001549,True,
BR4,72,2509605,space_evenly_infill,10,129,110,99.86310561582366,83.14450298807363,0.051131072999965,True,
BR4,72,2509605,front_to_back,10,129,63,99.86310561582366,71.93698026096708,0.13875197800001615,True,
BR4,72,2509605,front_to_back_infill,10,129,103,99.86310561582366,83.68140574723111,0.15199196200001097,True,
BR4,73,2509705,space_evenly,10,117,79,99.5022037499975,77.12316739127978,0.0011259709999649203,True,
BR4,73,2509705,space_evenly_infill,10,117,105,99.5022037499975,86.57251902815655,0.014672922000045219,True,
BR4,73,2509705,front_to_back,10,117,59,99.5022037499975,70.80603876021033,0.09541443299997354,True,
BR4,73,2509705,front_to_back_infill,10,117,96,99.5022037499975,82.91630136904354,0.12034572400000343,True,
BR4,74,2509805,space_evenly,10,91,56,98.84461817729834,70.43945387146796,0.015059447999988151,True,
BR4,74,2509805,space_evenly_infill,10,91,72,98.84461817729834,80.29543078310726,0.1588222410000526,True,
BR4,74,2509805,front_to_back,10,91,46,98.84461817729834,64.6834090958942,0.045037607999972806,True,
BR4,74,2509805,front_to_back_infill,10,91,68,98.84461817729834,78.76967538971911,0.08000252300001875,True,
BR4,75,2509905,space_evenly,10,148,109,99.86596706771306,77.55064038695072,0.008995441999957166,True,
BR4,75,2509905,space_evenly_infill,10,148,124,99.86596706771306,83.16448994703157,0.03590437299999394,True,
BR4,75,2509905,front_to_back,10,148,81,99.86596706771306,74.55701667219459,0.17722142699994947,True,
BR4,75,2509905,front_to_back_infill,10,148,110,99.86596706771306,84.358742317118,0.19654726900000696,True,
BR4,76,2510005,space_evenly,10,118,91,99.16158462619335,79.41363832444544,0.002967345000001842,True,
BR4,76,2510005,space_evenly_infill,10,118,96,99.16158462619335,83.37428654798565,0.014341130999980578,True,
BR4,76,2510005,front_to_back,10,118,55,99.16158462619335,70.48238562002444,0.08983880599998884,True,
BR4,76,2510005,front_to_back_infill,10,118,93,99.16158462619335,85.21375145315893,0.1231235980000065,True,
BR4,77,2510105,space_evenly,10,179,159,98.9207640375651,82.21014422913949,0.002446293999980753,True,
BR4,77,2510105,space_evenly_infill,10,179,160,98.9207640375651,84.19379839293417,0.025075469000000794,True,
BR4,77,2510105,front_to_back,10,179,118,98.9207640375651,73.22434447493853,0.3048345429999699,True,
BR4,77,2510105,front_to_back_infill,10,179,144,98.9207640375651,81.21860296009055,0.3238994839999805,True,
BR4,78,2510205,space_evenly,10,164,121,99.61438529300138,72.4781236851778,0.00183696799996369,True,
BR4,78,2510205,space_evenly_infill,10,164,139,99.61438529300138,81.7036639213124,0.023034993999999642,True,
BR4,78,2510205,front_to_back,10,164,72,99.61438529300138,56.75066684125622,0.112062796000032,True,
BR4,78,2510205,front_to_back_infill,10,164,140,99.61438529300138,81.4763031238015,0.16380657299998802,True,
BR4,79,2510305,space_evenly,10,217,164,99.64539931045988,79.13228548582535,0.028296395000040775,True,
BR4,79,2510305,space_evenly_infill,10,217,169,99.64539931045988,86.59723186932902,0.41338363800002753,True,
BR4,79,2510305,front_to_back,10,217,117,99.64539931045988,75.07950582293827,0.2822805190000395,True,
BR4,79,2510305,front_to_back_infill,10,217,184,99.64539931045988,86.05017278383708,0.17494589500000757,True,
BR4,80,2510405,space_evenly,10,132,99,99.63763915928483,73.80637575349904,0.0011776609999856191,True,
BR4,80,2510405,space_evenly_infill,10,132,109,99.63763915928483,82.23388331258421,0.012183054000047377,True,
BR4,80,2510405,front_to_back,10,132,67,99.63763915928483,64.50090097515356,0.09449051899997585,True,
BR4,80,2510405,front_to_back_infill,10,132,104,99.63763915928483,80.11968911538264,0.10619015399998943,True,
BR4,81,2510505,space_evenly,10,104,67,99.80042287007944,73.8354289618812,0.0011248209999621395,True,
BR4,81,2510505,space_evenly_infill,10,104,87,99.80042287007944,85.36925358312934,0.010963130000050114,True,
BR4,81,2510505,front_to_back,10,104,48,99.80042287007944,60.756898890713806,0.06555902299999161,True,
BR4,81,2510505,front_to_back_infill,10,104,81,99.80042287007944,81.37865483179914,0.12138404699999228,True,
BR4,82,2510605,space_evenly,10,153,112,98.68559656120615,76.84518780895206,0.01694422099996018,True,
BR4,82,2510605,space_evenly_infill,10,153,130,98.68559656120615,87.34056129655343,0.2499884260000158,True,
BR4,82,2510605,front_to_back,10,153,78,98.68559656120615,71.50326258689874,0.051439728000048035,True,
BR4,82,2510605,front_to_back_infill,10,153,121,98.68559656120615,82.55503725204905,0.08759012000001576,True,
BR4,83,2510705,space_evenly,10,128,89,99.94552606513476,77.0316175478454,0.15932770800003482,True,
BR4,83,2510705,space_evenly_infill,10,128,108,99.94552606513476,86.29616791438376,0.10785094099998105,True,
BR4,83,2510705,front_to_back,10,128,69,99.94552606513476,63.172313242905695,0.17982876499996792,True,
BR4,83,2510705,front_to_back_infill,10,128,102,99.94552606513476,78.73935596395036,0.19844269800000802,True,
BR4,84,2510805,space_evenly,10,125,77,98.93025568285674,79.10904158975752,0.7170006549999925,True,
BR4,84,2510805,space_evenly_infill,10,125,77,98.93025568285674,79.10904158975752,0.10450874500003238,True,
BR4,84,2510805,front_to_back,10,125,58,98.93025568285674,69.83952605582923,0.12714908200001673,True,
BR4,84,2510805,front_to_back_infill,10,125,87,98.93025568285674,76.96947984055632,0.13785760500002198,True,
BR4,85,2510905,space_evenly,10,123,78,99.63678172073958,82.17093469442285,0.8953320450000319,True,
BR4,85,2510905,space_evenly_infill,10,123,99,99.63678172073958,86.73997212327707,0.9914542900000356,True,
BR4,85,2510905,front_to_back,10,123,59,99.63678172073958,61.86776702397704,0.06407397699996409,True,
BR4,85,2510905,front_to_back_infill,10,123,103,99.63678172073958,83.59629998650698,0.1743480380000051,True,
BR4,86,2511005,space_evenly,10,152,108,99.65989932740925,75.59816308747003,0.0018170349999877544,True,
BR4,86,2511005,space_evenly_infill,10,152,117,99.65989932740925,83.84056694634229,0.10822737699999152,True,
BR4,86,2511005,front_to_back,10,152,81,99.65989932740925,67.00274047993959,0.1244647089999944,True,
BR4,86,2511005,front_to_back_infill,10,152,123,99.65989932740925,86.2985208852754,0.1751526159999912,True,
BR4,87,2511105,space_evenly,10,108,54,98.12704514048366,72.04007229071021,0.0011689390000242383,True,
BR4,87,2511105,space_evenly_infill,10,108,88,98.12704514048366,84.58700043403672,0.02152644299997064,True,
BR4,87,2511105,front_to_back,10,108,49,98.12704514048366,69.22800287939828,0.05449445699997568,True,
BR4,87,2511105,front_to_back_infill,10,108,82,98.12704514048366,80.16063679102628,0.11335670500000106,True,
BR4,88,2511205,space_evenly,10,178,132,99.7146790155542,76.28386134487575,0.0017317769999749544,True,
BR4,88,2511205,space_evenly_infill,10,178,140,99.7146790155542,83.81641908405624,0.08408710499998051,True,
BR4,88,2511205,front_to_back,10,178,96,99.7146790155542,64.20677296689024,0.16119152999999642,True,
BR4,88,2511205,front_to_back_infill,10,178,137,99.7146790155542,84.260665305843,0.2162887430000069,True,
BR4,89,2511305,space_evenly,10,93,60,99.1110289860756,73.06671868903628,0.012014264000015373,True,
BR4,89,2511305,space_evenly_infill,10,93,69,99.1110289860756,82.95023333628009,0.18972580999997035,True,
BR4,89,2511305,front_to_back,10,93,38,99.1110289860756,63.83734989009499,0.028628996999998435,True,
BR4,89,2511305,front_to_back_infill,10,93,76,99.1110289860756,82.60664641161969,0.07207047100001773,True,
BR4,90,2511405,space_evenly,10,95,63,98.54228135815607,75.05451713913303,0.1812375330000009,True,
BR4,90,2511405,space_evenly_infill,10,95,72,98.54228135815607,84.39521336593815,0.20343937100000176,True,
BR4,90,2511405,front_to_back,10,95,45,98.54228135815607,68.56709722489018,0.07731067899999289,True,
BR4,90,2511405,front_to_back_infill,10,95,78,98.54228135815607,83.67632093725345,0.10766161800000873,True,
BR4,91,2511505,space_evenly,10,134,99,99.86132427062887,81.61686322392904,0.08465032399999473,True,
BR4,91,2511505,space_evenly_infill,10,134,119,99.86132427062887,88.35930463728023,0.15188660600000503,True,
BR4,91,2511505,front_to_back,10,134,66,99.86132427062887,78.86324918692891,0.0566267770000195,True,
BR4,91,2511505,front_to_back_infill,10,134,103,99.86132427062887,87.98020712790657,0.07542815199997221,True,
BR4,92,2511605,space_evenly,10,93,52,98.69368572949742,71.05566304925087,0.0177295670000035,True,
BR4,92,2511605,space_evenly_infill,10,93,76,98.69368572949742,80.67946687262916,0.02827656400000933,True,
BR4,92,2511605,front_to_back,10,93,44,98.69368572949742,65.18743340726802,0.04507027599998992,True,
BR4,92,2511605,front_to_back_infill,10,93,71,98.69368572949742,80.73617745920355,0.09452066500000456,True,
BR4,93,2511705,space_evenly,10,78,44,98.768711602207,65.25248241752472,0.0013758549999920433,True,
BR4,93,2511705,space_evenly_infill,10,78,64,98.768711602207,81.25442594489395,0.061289536000003864,True,
BR4,93,2511705,front_to_back,10,78,38,98.768711602207,62.95309811157469,0.03177722899999935,True,
BR4,93,2511705,front_to_back_infill,10,78,62,98.768711602207,77.98969212638777,0.03726444000000129,True,
BR4,94,2511805,space_evenly,10,141,122,99.84496979357,80.13362415344561,0.0038491010000143433,True,
BR4,94,2511805,space_evenly_infill,10,141,120,99.84496979357,85.50784955077532,0.03150440599995363,True,
BR4,94,2511805,front_to_back,10,141,75,99.84496979357,76.55287105653046,0.1660226239999929,True,
BR4,94,2511805,front_to_back_infill,10,141,111,99.84496979357,85.98030815942508,0.1742139660000248,True,
BR4,95,2511905,space_evenly,10,181,135,99.24962163031637,80.59337406055643,0.017311800000015864,True,
BR4,95,2511905,space_evenly_infill,10,181,140,99.24962163031637,81.42588041989231,0.05274265100001685,True,
BR4,95,2511905,front_to_back,10,181,109,99.24962163031637,71.70266357634294,0.17376400000000558,True,
BR4,95,2511905,front_to_back_infill,10,181,144,99.24962163031637,81.61392865712494,0.14718626199999107,True,
BR4,96,2512005,space_evenly,10,149,94,99.08500007643832,80.93993875628871,0.08799345599999242,True,
BR4,96,2512005,space_evenly_infill,10,149,119,99.08500007643832,86.28891956761169,0.11290863700003229,True,
BR4,96,2512005,front_to_back,10,149,47,99.08500007643832,58.488874236364566,0.03192530500001567,True,
BR4,96,2512005,front_to_back_infill,10,149,129,99.08500007643832,84.23790662693646,0.09045445999998947,True,
BR4,97,2512105,space_evenly,10,142,104,99.36330202907182,78.3971881333164,0.1510800119999658,True,
BR4,97,2512105,space_evenly_infill,10,142,112,99.36330202907182,81.00739058851524,0.06693408899997166,True,
BR4,97,2512105,front_to_back,10,142,55,99.36330202907182,54.10963647929086,0.0886914160000174,True,
BR4,97,2512105,front_to_back_infill,10,142,112,99.36330202907182,79.07693084857834,0.14630152199998747,True,
BR4,98,2512205,space_evenly,10,116,81,99.34998182097348,78.48556080136605,0.17068128500000057,True,
BR4,98,2512205,space_evenly_infill,10,116,98,99.34998182097348,88.78697039045359,0.33370694699999603,True,
BR4,98,2512205,front_to_back,10,116,77,99.34998182097348,78.32480104434686,0.14994757099998424,True,
BR4,98,2512205,front_to_back_infill,10,116,88,99.34998182097348,85.35284593158704,0.13347592499997063,True,
BR4,99,2512305,space_evenly,10,134,107,99.40330585763462,78.80877525206367,0.021804072999998425,True,
BR4,99,2512305,space_evenly_infill,10,134,111,99.40330585763462,85.16168698707395,0.04929965000002312,True,
BR4,99,2512305,front_to_back,10,134,55,99.40330585763462,70.07374303829693,0.04600264200001902,True,
BR4,99,2512305,front_to_back_infill,10,134,86,99.40330585763462,79.15844400826597,0.06865612799998644,True,
BR4,100,2512405,space_evenly,10,144,109,99.10427582668044,84.27617231457226,0.02103238400002283,True,
BR4,100,2512405,space_evenly_infill,10,144,120,99.10427582668044,85.89493652628381,0.08310591600002226,True,
BR4,100,2512405,front_to_back,10,144,63,99.10427582668044,70.80920264197421,0.14031394399995634,True,
BR4,100,2512405,front_to_back_infill,10,144,113,99.10427582668044,82.36894982389276,0.13557304900001554,True,
BR5,1,2502505,space_evenly,12,98,60,98.69008648165048,77.39050210670656,3.2223748730000352,True,
BR5,1,2502505,space_evenly_infill,12,98,77,98.69008648165048,80.66270694013417,0.7899191519999818,True,
BR5,1,2502505,front_to_back,12,98,37,98.69008648165048,57.26213890371497,0.1150897239999722,True,
BR5,1,2502505,front_to_back_infill,12,98,75,98.69008648165048,81.97938691149972,0.1376779729999953,True,
BR5,2,2502605,space_evenly,12,138,76,98.60848026661687,70.57632166840258,0.0031077559999630466,True,
BR5,2,2502605,space_evenly_infill,12,138,124,98.60848026661687,82.57847390561928,0.019281116999991355,True,
BR5,2,2502605,front_to_back,12,138,43,98.60848026661687,60.01983408231809,0.07642162700000199,True,
BR5,2,2502605,front_to_back_infill,12,138,111,98.60848026661687,82.76320206104297,0.12897622100001627,True,
BR5,3,2502705,space_evenly,12,133,92,99.93207624423306,74.62711393497159,0.04990690699997913,True,
BR5,3,2502705,space_evenly_infill,12,133,99,99.93207624423306,78.73462011152019,0.07260970700002645,True,
BR5,3,2502705,front_to_back,12,133,64,99.93207624423306,60.32064213506186,0.09363898899999867,True,
BR5,3,2502705,front_to_back_infill,12,133,93,99.93207624423306,74.98672631957466,0.0864159779999909,True,
BR5,4,2502805,space_evenly,12,142,92,99.96452929614931,74.92143137733211,0.02073176300001478,True,
BR5,4,2502805,space_evenly_infill,12,142,125,99.96452929614931,84.19327661831555,0.02317016399996419,True,
BR5,4,2502805,front_to_back,12,142,74,99.96452929614931,74.35067308925802,0.0419919180000079,True,
BR5,4,2502805,front_to_back_infill,12,142,103,99.96452929614931,83.68736461278009,0.08072351000004119,True,
BR5,5,2502905,space_evenly,12,129,80,99.21479566707721,77.30310651978988,0.5650174570000104,True,
BR5,5,2502905,space_evenly_infill,12,129,101,99.21479566707721,83.00605657366228,0.09794361999996681,True,
BR5,5,2502905,front_to_back,12,129,63,99.21479566707721,74.43879650191661,0.0687576990000025,True,
BR5,5,2502905,front_to_back_infill,12,129,90,99.21479566707721,81.40145006816304,0.08934692599996197,True,
BR5,6,2503005,space_evenly,12,140,98,99.44955768800004,74.58906426867472,0.1427266209999516,True,
BR5,6,2503005,space_evenly_infill,12,140,115,99.44955768800004,81.94181913895888,0.09404922499999202,True,
BR5,6,2503005,front_to_back,12,140,73,99.44955768800004,65.30884736995682,0.19857089900000346,True,
BR5,6,2503005,front_to_back_infill,12,140,111,99.44955768800004,85.63440814473563,0.2328548809999802,True,
BR5,7,2503105,space_evenly,12,132,97,99.64774563454108,75.68877240722881,0.006784961999983352,True,
BR5,7,2503105,space_evenly_infill,12,132,102,99.64774563454108,84.95045135166214,0.20246973700000126,True,
BR5,7,2503105,front_to_back,12,132,62,99.64774563454108,58.72184494187697,0.09042075700000396,True,
BR5,7,2503105,front_to_back_infill,12,132,107,99.64774563454108,85.05666738230659,0.1438554329999988,True,
BR5,8,2503205,space_evenly,12,98,58,99.12542597746332,63.28057981456728,0.006712387999982639,True,
BR5,8,2503205,space_evenly_infill,12,98,71,99.12542597746332,77.06327962932068,0.06231605200002832,True,
BR5,8,2503205,front_to_back,12,98,41,99.12542597746332,58.284843743457046,0.03682152300001462,True,
BR5,8,2503205,front_to_back_infill,12,98,82,99.12542597746332,86.227160728517,0.058236528000009,True,
BR5,9,2503305,space_evenly,12,135,102,99.55647495714469,76.0316315061473,0.8467956289999847,True,
BR5,9,2503305,space_evenly_infill,12,135,109,99.55647495714469,79.64334212263232,0.882722934999947,True,
BR5,9,2503305,front_to_back,12,135,73,99.55647495714469,70.72538636247317,0.13652488499997162,True,
BR5,9,2503305,front_to_back_infill,12,135,101,99.55647495714469,84.65434259389119,0.1731363360000273,True,
BR5,10,2503405,space_evenly,12,133,80,99.8168670790791,71.19230485463093,0.020653139999978976,True,
BR5,10,2503405,space_evenly_infill,12,133,102,99.8168670790791,82.93573664273593,0.316429104000008,True,
BR5,10,2503405,front_to_back,12,133,54,99.8168670790791,64.66798849570051,0.09663250699998116,True,
BR5,10,2503405,front_to_back_infill,12,133,103,99.8168670790791,86.35024304062331,0.1238497070000335,True,
BR5,11,2503505,space_evenly,12,144,87,99.959387988283,75.99195337129548,1.2812708550000025,True,
BR5,11,2503505,space_evenly_infill,12,144,104,99.959387988283,80.86786739081451,0.5711020330000451,True,
BR5,11,2503505,front_to_back,12,144,71,99.959387988283,64.60189261280136,0.16789950600002612,True,
BR5,11,2503505,front_to_back_infill,12,144,115,99.959387988283,83.00854580416768,0.24491149599998607,True,
BR5,12,2503605,space_evenly,12,109,72,99.68769296521525,76.03773660152571,0.3147698329999571,True,
BR5,12,2503605,space_evenly_infill,12,109,89,99.68769296521525,83.56649901195163,0.3119169409999927,True,
BR5,12,2503605,front_to_back,12,109,57,99.68769296521525,62.006811651326935,0.05460917300001711,True,
BR5,12,2503605,front_to_back_infill,12,109,93,99.68769296521525,78.54608998053149,0.11856472900001336,True,
BR5,13,2503705,space_evenly,12,199,138,99.38140129386812,80.53642751221186,0.034922797999968225,True,
BR5,13,2503705,space_evenly_infill,12,199,159,99.38140129386812,83.91996642031371,0.0854583180000077,True,
BR5,13,2503705,front_to_back,12,199,104,99.38140129386812,70.60994455895421,0.3835644229999957,True,
BR5,13,2503705,front_to_back_infill,12,199,159,99.38140129386812,85.42919784297708,0.33573389700001144,True,
BR5,14,2503805,space_evenly,12,123,75,98.84413960694751,81.52191353696058,0.18230602900001713,True,
BR5,14,2503805,space_evenly_infill,12,123,94,98.84413960694751,87.94871454009721,0.18460421099996438,True,
BR5,14,2503805,front_to_back,12,123,47,98.84413960694751,63.03950000033234,0.08846364900000481,True,
BR5,14,2503805,front_to_back_infill,12,123,102,98.84413960694751,85.8946507134354,0.12587998899999775,True,
BR5,15,2503905,space_evenly,12,104,79,98.25462401984471,73.60711102366862,0.0016518440000368173,True,
BR5,15,2503905,space_evenly_infill,12,104,79,98.25462401984471,83.51221118777838,0.2064101640000331,True,
BR5,15,2503905,front_to_back,12,104,45,98.25462401984471,62.1016450191129,0.125525969000023,True,
BR5,15,2503905,front_to_back_infill,12,104,75,98.25462401984471,79.48420418735763,0.16034947499997543,True,
BR5,16,2504005,space_evenly,12,118,78,99.14082331382052,75.69708756707463,0.010445732000050612,True,
BR5,16,2504005,space_evenly_infill,12,118,91,99.14082331382052,80.27931891462903,0.012213622999979634,True,
BR5,16,2504005,front_to_back,12,118,49,99.14082331382052,56.17506302837989,0.07155316199998651,True,
BR5,16,2504005,front_to_back_infill,12,118,98,99.14082331382052,78.1386039438185,0.09243953699996155,True,
BR5,17,2504105,space_evenly,12,108,47,99.43411382396987,61.172371070156416,0.0009788080000134869,True,
BR5,17,2504105,space_evenly_infill,12,108,91,99.43411382396987,85.99769953891077,0.04061862499997915,True,
BR5,17,2504105,front_to_back,12,108,42,99.43411382396987,62.61600844410797,0.04623365599996987,True,
BR5,17,2504105,front_to_back_infill,12,108,83,99.43411382396987,83.6076926195811,0.07495308000000023,True,
BR5,18,2504205,space_evenly,12,87,66,99.67567553196085,72.62223982888452,0.13350246999999626,True,
BR5,18,2504205,space_evenly_infill,12,87,72,99.67567553196085,82.81460516949035,0.19637128199997278,True,
BR5,18,2504205,front_to_back,12,87,43,99.67567553196085,64.07890827468077,0.06480693899999324,True,
BR5,18,2504205,front_to_back_infill,12,87,75,99.67567553196085,81.11679708816528,0.08890438600002426,True,
BR5,19,2504305,space_evenly,12,142,82,98.8994443931163,76.2950745140683,0.0214228859999821,True,
BR5,19,2504305,space_evenly_infill,12,142,116,98.8994443931163,87.67038932362722,0.9618711319999989,True,
BR5,19,2504305,front_to_back,12,142,69,98.8994443931163,71.1757443264488,0.11899017299998604,True,
BR5,19,2504305,front_to_back_infill,12,142,127,98.8994443931163,90.45124198976258,0.14423830499998758,True,
BR5,20,2504405,space_evenly,12,138,99,98.91956761168802,75.10435492372453,0.0023522580000303606,True,
BR5,20,2504405,space_evenly_infill,12,138,114,98.91956761168802,82.30629366539026,0.041986469000050874,True,
BR5,20,2504405,front_to_back,12,138,72,98.91956761168802,67.41567690120381,0.13253355500000907,True,
BR5,20,2504405,front_to_back_infill,12,138,114,98.91956761168802,84.80740202102918,0.17088371099998767,True,
BR5,21,2504505,space_evenly,12,128,74,99.80376621572489,75.00194419205029,0.007600213999978678,True,
BR5,21,2504505,space_evenly_infill,12,128,95,99.80376621572489,84.04311852392951,0.08046017799995298,True,
BR5,21,2504505,front_to_back,12,128,57,99.80376621572489,65.13888842730483,0.10879965999998831,True,
BR5,21,2504505,front_to_back_infill,12,128,96,99.80376621572489,81.79350885787191,0.10795129600001019,True,
BR5,22,2504605,space_evenly,12,116,72,99.9782848703307,75.0922809925815,0.3864737600000012,True,
BR5,22,2504605,space_evenly_infill,12,116,94,99.9782848703307,79.67483138703646,0.28101132699998743,True,
BR5,22,2504605,front_to_back,12,116,55,99.9782848703307,63.7837566576115,0.1070859940000446,True,
BR5,22,2504605,front_to_back_infill,12,116,91,99.9782848703307,84.55392258194021,0.10396326000000045,True,
BR5,23,2504705,space_evenly,12,143,103,98.5029222702048,75.03895695592034,0.3057225000000017,True,
BR5,23,2504705,space_evenly_infill,12,143,116,98.5029222702048,84.17219293563694,1.078368657999988,True,
BR5,23,2504705,front_to_back,12,143,47,98.5029222702048,58.76469028189788,0.04912296900005231,True,
BR5,23,2504705,front_to_back_infill,12,143,118,98.5029222702048,85.34832277709057,0.08712419599999066,True,
BR5,24,2504805,space_evenly,12,111,74,99.44109297491958,76.44077924546737,0.14789871099998209,True,
BR5,24,2504805,space_evenly_infill,12,111,85,99.44109297491958,82.50911443879983,0.3266840649999949,True,
BR5,24,2504805,front_to_back,12,111,47,99.44109297491958,60.2274538528569,0.0637507410000353,True,
BR5,24,2504805,front_to_back_infill,12,111,79,99.44109297491958,80.54351965893886,0.1044817829999829,True,
BR5,25,2504905,space_evenly,12,143,105,99.183382840993,77.22300248391306,0.041589493000003586,True,
BR5,25,2504905,space_evenly_infill,12,143,113,99.183382840993,83.57697438518666,0.8435793040000021,True,
BR5,25,2504905,front_to_back,12,143,100,99.183382840993,74.47484547827457,0.25757753699997465,True,
BR5,25,2504905,front_to_back_infill,12,143,120,99.183382840993,85.21491132157867,0.2722714160000237,True,
BR5,26,2505005,space_evenly,12,161,120,99.96364527036233,84.53719588349736,0.07241386800001237,True,
BR5,26,2505005,space_evenly_infill,12,161,132,99.96364527036233,87.32252849986142,0.08112077199996293,True,
BR5,26,2505005,front_to_back,12,161,73,99.96364527036233,66.23552906284625,0.08305488799999239,True,
BR5,26,2505005,front_to_back_infill,12,161,129,99.96364527036233,87.23495012565795,0.1298202929999661,True,
BR5,27,2505105,space_evenly,12,120,64,99.20213349321128,67.17002075798896,0.01951226599999245,True,
BR5,27,2505105,space_evenly_infill,12,120,107,99.20213349321128,85.9485264353621,0.1407915409999987,True,
BR5,27,2505105,front_to_back,12,120,42,99.20213349321128,60.00319046900559,0.06941667099999904,True,
BR5,27,2505105,front_to_back_infill,12,120,100,99.20213349321128,85.08398909657217,0.08533324500001527,True,
BR5,28,2505205,space_evenly,12,180,135,99.82804369081431,75.40581436389027,0.27758951900000284,True,
BR5,28,2505205,space_evenly_infill,12,180,149,99.82804369081431,81.98965291020625,0.15021727800001372,True,
BR5,28,2505205,front_to_back,12,180,113,99.82804369081431,68.12134882394659,0.7328803350000044,True,
BR5,28,2505205,front_to_back_infill,12,180,131,99.82804369081431,76.4628300390633,0.578333501999964,True,
BR5,29,2505305,space_evenly,12,120,72,97.6636261940164,70.96229197975913,0.003613233000010041,True,
BR5,29,2505305,space_evenly_infill,12,120,97,97.6636261940164,83.09185692607616,0.09748372399997152,True,
BR5,29,2505305,front_to_back,12,120,38,97.6636261940164,59.10159051526739,0.10200135799999543,True,
BR5,29,2505305,front_to_back_infill,12,120,98,97.6636261940164,82.39665372975797,0.1064658169999575,True,
BR5,30,2505405,space_evenly,12,135,87,98.74162584971162,79.31717648810454,0.0047273039999709,True,
BR5,30,2505405,space_evenly_infill,12,135,115,98.74162584971162,86.65903058928627,0.014040900999987116,True,
BR5,30,2505405,front_to_back,12,135,72,98.74162584971162,70.55622503707258,0.1302766320000046,True,
BR5,30,2505405,front_to_back_infill,12,135,116,98.74162584971162,85.5889771954581,0.1441686949999621,True,
BR5,31,2505505,space_evenly,12,147,99,99.50289169487684,70.28371910313257,0.0016410819999919113,True,
BR5,31,2505505,space_evenly_infill,12,147,119,99.50289169487684,83.26622935085256,0.021790328000008685,True,
BR5,31,2505505,front_to_back,12,147,82,99.50289169487684,60.378216806991915,0.07122458999998571,True,
BR5,31,2505505,front_to_back_infill,12,147,110,99.50289169487684,77.275997503458,0.09979489100004457,True,
BR5,32,2505605,space_evenly,12,163,123,99.8552723497339,78.56225502349315,0.001411931999996341,True,
BR5,32,2505605,space_evenly_infill,12,163,142,99.8552723497339,83.81271016383722,0.010375541999962934,True,
BR5,32,2505605,front_to_back,12,163,78,99.8552723497339,67.30414009881149,0.16873481499999343,True,
BR5,32,2505605,front_to_back_infill,12,163,109,99.8552723497339,77.88074425665728,0.2209283710000136,True,
BR5,33,2505705,space_evenly,12,141,88,99.69044142132735,78.08691834592793,3.1012866180000174,True,
BR5,33,2505705,space_evenly_infill,12,141,111,99.69044142132735,85.27410781525323,0.7012932689999616,True,
BR5,33,2505705,front_to_back,12,141,75,99.69044142132735,68.75917342924238,0.19005603200002952,True,
BR5,33,2505705,front_to_back_infill,12,141,123,99.69044142132735,85.53208714500217,0.2703151800000114,True,
BR5,34,2505805,space_evenly,12,115,68,99.67581511497986,73.42594555863451,0.5523029530000372,True,
BR5,34,2505805,space_evenly_infill,12,115,90,99.67581511497986,83.24836272442124,0.5120842290000382,True,
BR5,34,2505805,front_to_back,12,115,43,99.67581511497986,64.18388135177513,0.07081675300003099,True,
BR5,34,2505805,front_to_back_infill,12,115,89,99.67581511497986,85.024224300606,0.12906936299998506,True,
BR5,35,2505905,space_evenly,12,143,111,99.54135678682549,74.80912022152489,0.008782569999993939,True,
BR5,35,2505905,space_evenly_infill,12,143,123,99.54135678682549,84.88492044764939,0.07341472000001659,True,
BR5,35,2505905,front_to_back,12,143,60,99.54135678682549,48.75916013562152,0.11512427499997102,True,
BR5,35,2505905,front_to_back_infill,12,143,115,99.54135678682549,73.98683665662777,0.1190859190000424,True,
BR5,36,2506005,space_evenly,12,124,94,99.7282717428801,78.99424120344491,1.4754023499999676,True,
BR5,36,2506005,space_evenly_infill,12,124,99,99.7282717428801,86.45158031241338,2.7189936409999973,True,
BR5,36,2506005,front_to_back,12,124,33,99.7282717428801,60.22351229427291,0.12586407200001304,True,
BR5,36,2506005,front_to_back_infill,12,124,101,99.7282717428801,85.29532443414041,0.16870714999998881,True,
BR5,37,2506105,space_evenly,12,122,73,98.7796954564398,75.82204760312692,0.24009754999997313,True,
BR5,37,2506105,space_evenly_infill,12,122,91,98.7796954564398,81.26614094827386,0.09455848199996808,True,
BR5,37,2506105,front_to_back,12,122,47,98.7796954564398,65.58297844904655,0.10716965699998582,True,
BR5,37,2506105,front_to_back_infill,12,122,78,98.7796954564398,76.73265066159027,0.11576948500004391,True,
BR5,38,2506205,space_evenly,12,118,55,98.91588527871073,65.07987139751184,0.005327222999994774,True,
BR5,38,2506205,space_evenly_infill,12,118,91,98.91588527871073,79.4302752909475,0.14669625199996972,True,
BR5,38,2506205,front_to_back,12,118,49,98.91588527871073,63.78196866560628,0.05559757099996432,True,
BR5,38,2506205,front_to_back_infill,12,118,102,98.91588527871073,84.70300389303686,0.07429743500000541,True,
BR5,39,2506305,space_evenly,12,196,140,99.68180389117576,79.36158050517089,0.07971767000003638,True,
BR5,39,2506305,space_evenly_infill,12,196,161,99.68180389117576,89.53036960918749,0.08732456500001717,True,
BR5,39,2506305,front_to_back,12,196,95,99.68180389117576,69.54605608179831,0.19152836899996828,True,
BR5,39,2506305,front_to_back_infill,12,196,167,99.68180389117576,86.49205938792181,0.23673038800001223,True,
BR5,40,2506405,space_evenly,12,106,75,99.68043132482231,75.26974750761227,0.02903428399997665,True,
BR5,40,2506405,space_evenly_infill,12,106,78,99.68043132482231,77.36173803457804,0.026716361000012512,True,
BR5,40,2506405,front_to_back,12,106,50,99.68043132482231,64.52152602791261,0.08147758900003055,True,
BR5,40,2506405,front_to_back_infill,12,106,79,99.68043132482231,80.73452240340688,0.10258386100002781,True,
BR5,41,2506505,space_evenly,12,133,101,99.58208179431976,78.9065132760068,0.0018429020000212404,True,
BR5,41,2506505,space_evenly_infill,12,133,111,99.58208179431976,83.56752262075759,0.010490233999973952,True,
BR5,41,2506505,front_to_back,12,133,52,99.58208179431976,65.27997362545622,0.07909560799998872,True,
BR5,41,2506505,front_to_back_infill,12,133,90,99.58208179431976,81.30063457099159,0.11319284600000401,True,
BR5,42,2506605,space_evenly,12,113,78,99.37610710936197,75.529089433499,0.006883958999992501,True,
BR5,42,2506605,space_evenly_infill,12,113,86,99.37610710936197,81.3208242576676,0.16178881100000808,True,
BR5,42,2506605,front_to_back,12,113,62,99.37610710936197,63.258698514637274,0.08456614300001775,True,
BR5,42,2506605,front_to_back_infill,12,113,85,99.37610710936197,76.79056432085217,0.09987897899998188,True,
BR5,43,2506705,space_evenly,12,113,78,98.34170055986084,73.84196277653224,0.12223083100002441,True,
BR5,43,2506705,space_evenly_infill,12,113,89,98.34170055986084,78.70207068085273,0.05642711800004463,True,
BR5,43,2506705,front_to_back,12,113,58,98.34170055986084,61.825519896894676,0.09421474999999191,True,
BR5,43,2506705,front_to_back_infill,12,113,84,98.34170055986084,75.2469855053005,0.11391385700000001,True,
BR5,44,2506805,space_evenly,12,136,100,99.71469563258027,79.12359145778511,0.08283972499998526,True,
BR5,44,2506805,space_evenly_infill,12,136,110,99.71469563258027,81.79161451689984,0.02702425300003597,True,
BR5,44,2506805,front_to_back,12,136,83,99.71469563258027,65.57938917141526,0.08606569599999148,True,
BR5,44,2506805,front_to_back_infill,12,136,118,99.71469563258027,80.2639614591344,0.10990616200001568,True,
BR5,45,2506905,space_evenly,12,171,129,99.23741143955955,78.230512715016,0.1519018949999804,True,
BR5,45,2506905,space_evenly_infill,12,171,141,99.23741143955955,84.69286086032326,0.5428807250000318,True,
BR5,45,2506905,front_to_back,12,171,104,99.23741143955955,72.51611685358606,0.38510683700002346,True,
BR5,45,2506905,front_to_back_infill,12,171,130,99.23741143955955,84.35143414905207,0.3650922540000465,True,
BR5,46,2507005,space_evenly,12,99,66,99.2174676848694,78.22699987570465,0.0032480309999982637,True,
BR5,46,2507005,space_evenly_infill,12,99,79,99.2174676848694,83.94128938816775,0.10329783999998199,True,
BR5,46,2507005,front_to_back,12,99,56,99.2174676848694,71.6235399450043,0.07580517700000655,True,
BR5,46,2507005,front_to_back_infill,12,99,77,99.2174676848694,84.20424385552226,0.12190291000001707,True,
BR5,47,2507105,space_evenly,12,146,93,99.57975541066986,69.54277920425714,0.0013444479999975556,True,
BR5,47,2507105,space_evenly_infill,12,146,118,99.57975541066986,81.07487565479391,0.03237997200000109,True,
BR5,47,2507105,front_to_back,12,146,82,99.57975541066986,64.3866090698387,0.22171736000001374,True,
BR5,47,2507105,front_to_back_infill,12,146,113,99.57975541066986,78.08023497804226,0.2182572799999889,True,
BR5,48,2507205,space_evenly,12,111,81,99.48648404333454,78.45040914441591,0.0024544209999817213,True,
BR5,48,2507205,space_evenly_infill,12,111,85,99.48648404333454,80.53564651198653,0.009456615999965834,True,
BR5,48,2507205,front_to_back,12,111,70,99.48648404333454,72.24923079786318,0.09520539599998301,True,
BR5,48,2507205,front_to_back_infill,12,111,79,99.48648404333454,78.43912618371385,0.11944329199997128,True,
BR5,49,2507305,space_evenly,12,104,66,98.96077451293834,74.1624188009021,0.0019539820000318286,True,
BR5,49,2507305,space_evenly_infill,12,104,87,98.96077451293834,81.07638448076113,0.012352555999996184,True,
BR5,49,2507305,front_to_back,12,104,44,98.96077451293834,63.98460000491864,0.08423487599998225,True,
BR5,49,2507305,front_to_back_infill,12,104,83,98.96077451293834,79.45209344617845,0.10248067899999569,True,
BR5,50,2507405,space_evenly,12,172,95,99.81607610863813,71.48845349326446,0.0013511189999917406,True,
BR5,50,2507405,space_evenly_infill,12,172,149,99.81607610863813,82.57478824923678,0.016793973000005735,True,
BR5,50,2507405,front_to_back,12,172,75,99.81607610863813,67.08827163653113,0.18922956000000113,True,
BR5,50,2507405,front_to_back_infill,12,172,135,99.81607610863813,83.28070610396541,0.21077528000000711,True,
BR5,51,2507505,space_evenly,12,195,140,99.80347043266083,76.75279049718807,0.258409376999964,True,
BR5,51,2507505,space_evenly_infill,12,195,163,99.80347043266083,84.95750029412136,0.6172711030000073,True,
BR5,51,2507505,front_to_back,12,195,110,99.80347043266083,64.355266035264,0.19037121799999568,True,
BR5,51,2507505,front_to_back_infill,12,195,164,99.80347043266083,84.12562538177617,0.33990603699999156,True,
BR5,52,2507605,space_evenly,12,139,89,99.6579152544964,76.83866396451667,1.5489326730000244,True,
BR5,52,2507605,space_evenly_infill,12,139,105,99.6579152544964,82.50219178573873,0.5204663359999699,True,
BR5,52,2507605,front_to_back,12,139,71,99.6579152544964,72.9952654769319,0.1252562850000345,True,
BR5,52,2507605,front_to_back_infill,12,139,101,99.6579152544964,81.52336918844439,0.17213071499998023,True,
BR5,53,2507705,space_evenly,12,122,95,99.26992763617487,73.80069273058284,0.0017163599999889811,True,
BR5,53,2507705,space_evenly_infill,12,122,98,99.26992763617487,81.02593518961024,0.106560839999986,True,
BR5,53,2507705,front_to_back,12,122,49,99.26992763617487,60.9344418440645,0.04076116299995647,True,
BR5,53,2507705,front_to_back_infill,12,122,93,99.26992763617487,82.66220709998996,0.11047444500002257,True,
BR5,54,2507805,space_evenly,12,183,126,99.90264084425128,70.54878393279809,0.0022862760000066373,True,
BR5,54,2507805,space_evenly_infill,12,183,146,99.90264084425128,83.30820063530214,0.04120406300000923,True,
BR5,54,2507805,front_to_back,12,183,83,99.90264084425128,63.08874954220093,0.09925120000002607,True,
BR5,54,2507805,front_to_back_infill,12,183,150,99.90264084425128,85.08420179450587,0.16819623399999273,True,
BR5,55,2507905,space_evenly,12,136,76,99.74845478274568,67.4099008229416,0.0010447950000411765,True,
BR5,55,2507905,space_evenly_infill,12,136,102,99.74845478274568,84.00204788229297,0.043258018999949854,True,
BR5,55,2507905,front_to_back,12,136,45,99.74845478274568,44.36642270656791,0.02573714700002938,True,
BR5,55,2507905,front_to_back_infill,12,136,109,99.74845478274568,79.16762325346747,0.0731851389999747,True,
BR5,56,2508005,space_evenly,12,218,153,99.98291105038881,74.7431306875926,0.016963351000015336,True,
BR5,56,2508005,space_evenly_infill,12,218,177,99.98291105038881,86.79651653959073,0.856801039000004,True,
BR5,56,2508005,front_to_back,12,218,88,99.98291105038881,59.52536456093497,0.11635997099995166,True,
BR5,56,2508005,front_to_back_infill,12,218,174,99.98291105038881,88.2218718614592,0.15097141500001499,True,
BR5,57,2508105,space_evenly,12,104,65,99.28975507168252,76.42482690043943,0.05156459099998756,True,
BR5,57,2508105,space_evenly_infill,12,104,77,99.28975507168252,82.58132206388781,0.09243153199997778,True,
BR5,57,2508105,front_to_back,12,104,41,99.28975507168252,68.29259392441647,0.08193430099998977,True,
BR5,57,2508105,front_to_back_infill,12,104,75,99.28975507168252,82.92769400211768,0.08324265300001343,True,
BR5,58,2508205,space_evenly,12,115,66,98.56530923288496,74.85829000166835,0.0584447100000034,True,
BR5,58,2508205,space_evenly_infill,12,115,88,98.56530923288496,81.89494915522363,0.12332744799999773,True,
BR5,58,2508205,front_to_back,12,115,44,98.56530923288496,66.40758507418838,0.039195704000007936,True,
BR5,58,2508205,front_to_back_infill,12,115,93,98.56530923288496,83.76565074600477,0.05600630999998657,True,
BR5,59,2508305,space_evenly,12,154,104,99.60603357569819,79.46742763783656,0.02783736899999667,True,
BR5,59,2508305,space_evenly_infill,12,154,125,99.60603357569819,86.11790710550682,0.03713941099999829,True,
BR5,59,2508305,front_to_back,12,154,74,99.60603357569819,70.19326266001366,0.10478983800004471,True,
BR5,59,2508305,front_to_back_infill,12,154,101,99.60603357569819,78.65411394361244,0.13372418699998434,True,
BR5,60,2508405,space_evenly,12,127,96,99.45238922924251,80.13357097896218,0.23259386799998083,True,
BR5,60,2508405,space_evenly_infill,12,127,101,99.45238922924251,82.89694918048151,0.3613353610000445,True,
BR5,60,2508405,front_to_back,12,127,73,99.45238922924251,64.15673245458068,0.08795246599999018,True,
BR5,60,2508405,front_to_back_infill,12,127,105,99.45238922924251,82.87951127332283,0.12714576399997668,True,
BR5,61,2508505,space_evenly,12,106,66,98.39349250671826,82.39212060504586,0.2471182329999806,True,
BR5,61,2508505,space_evenly_infill,12,106,87,98.39349250671826,88.46642795754815,0.3112741609999716,True,
BR5,61,2508505,front_to_back,12,106,55,98.39349250671826,68.55922407793784,0.052296855999998115,True,
BR5,61,2508505,front_to_back_infill,12,106,85,98.39349250671826,86.15866867045845,0.08516500700000051,True,
BR5,62,2508605,space_evenly,12,131,89,98.35032479639158,67.34485845949533,0.002844044000028134,True,
BR5,62,2508605,space_evenly_infill,12,131,99,98.35032479639158,83.76649156752396,0.5955991419999691,True,
BR5,62,2508605,front_to_back,12,131,59,98.35032479639158,65.68548223606679,0.07027252900002168,True,
BR5,62,2508605,front_to_back_infill,12,131,101,98.35032479639158,84.47400465675538,0.10130264800000077,True,
BR5,63,2508705,space_evenly,12,105,72,99.25489919779645,76.90661430752532,0.012458441999967818,True,
BR5,63,2508705,space_evenly_infill,12,105,87,99.25489919779645,83.13850424166208,0.015955621999978575,True,
BR5,63,2508705,front_to_back,12,105,45,99.25489919779645,55.4823756498088,0.10838629300002367,True,
BR5,63,2508705,front_to_back_infill,12,105,79,99.25489919779645,78.30703079666675,0.07944564199999604,True,
BR5,64,2508805,space_evenly,12,115,77,98.6578560978836,76.4779947370555,0.183556555999985,True,
BR5,64,2508805,space_evenly_infill,12,115,86,98.6578560978836,80.89738587592664,0.4510077519999527,True,
BR5,64,2508805,front_to_back,12,115,55,98.6578560978836,64.58129414728401,0.046658852999996725,True,
BR5,64,2508805,front_to_back_infill,12,115,84,98.6578560978836,77.33684240611879,0.1401653309999915,True,
BR5,65,2508905,space_evenly,12,160,100,99.79620214545747,79.27225401982477,0.9254508149999765,True,
BR5,65,2508905,space_evenly_infill,12,160,116,99.79620214545747,82.80482106453987,0.9028296100000262,True,
BR5,65,2508905,front_to_back,12,160,75,99.79620214545747,76.87936238476924,0.19801864200002228,True,
BR5,65,2508905,front_to_back_infill,12,160,119,99.79620214545747,85.56251624314298,0.14699014399997168,True,
BR5,66,2509005,space_evenly,12,108,62,98.93948477913646,65.65680789587904,0.0013148549999755232,True,
BR5,66,2509005,space_evenly_infill,12,108,90,98.93948477913646,85.33777761234604,0.07119466499995042,True,
BR5,66,2509005,front_to_back,12,108,40,98.93948477913646,55.196333486431534,0.10360680999997385,True,
BR5,66,2509005,front_to_back_infill,12,108,89,98.93948477913646,79.16794894717846,0.13217686299998377,True,
BR5,67,2509105,space_evenly,12,141,95,99.56509919367542,71.94413222898794,0.0015682409999726588,True,
BR5,67,2509105,space_evenly_infill,12,141,119,99.56509919367542,83.78168949956829,0.018913484999984576,True,
BR5,67,2509105,front_to_back,12,141,83,99.56509919367542,69.19987690107087,0.11943269500000042,True,
BR5,67,2509105,front_to_back_infill,12,141,114,99.56509919367542,83.28121126155797,0.1736228749999782,True,
BR5,68,2509205,space_evenly,12,103,75,98.67049833131824,80.5382254744327,0.028666196000017408,True,
BR5,68,2509205,space_evenly_infill,12,103,87,98.67049833131824,82.83281078325349,0.026573700000028566,True,
BR5,68,2509205,front_to_back,12,103,45,98.67049833131824,73.03924742153606,0.10117113000001154,True,
BR5,68,2509205,front_to_back_infill,12,103,78,98.67049833131824,84.98392468897913,0.13088977099999966,True,
BR5,69,2509305,space_evenly,12,158,101,99.6964833720067,75.43885565852942,0.16911515399999644,True,
BR5,69,2509305,space_evenly_infill,12,158,119,99.6964833720067,82.82302003149259,0.24969310599999517,True,
BR5,69,2509305,front_to_back,12,158,78,99.6964833720067,59.67100947104018,0.05530399999997826,True,
BR5,69,2509305,front_to_back_infill,12,158,137,99.6964833720067,84.29547132865088,0.11105672999997296,True,
BR5,70,2509405,space_evenly,12,109,71,99.45894963113525,77.93712582611545,0.0525572279999551,True,
BR5,70,2509405,space_evenly_infill,12,109,92,99.45894963113525,87.1656837141845,0.03843088500002523,True,
BR5,70,2509405,front_to_back,12,109,36,99.45894963113525,50.640227427265614,0.028791899999987436,True,
BR5,70,2509405,front_to_back_infill,12,109,79,99.45894963113525,82.96366654015571,0.14471769300001824,True,
BR5,71,2509505,space_evenly,12,141,98,99.87960632271195,77.82250490368439,0.002534207999985938,True,
BR5,71,2509505,space_evenly_infill,12,141,114,99.87960632271195,82.8937553880707,0.0122783790000085,True,
BR5,71,2509505,front_to_back,12,141,60,99.87960632271195,60.608711575619765,0.10430595899998707,True,
BR5,71,2509505,front_to_back_infill,12,141,111,99.87960632271195,82.5086391918542,0.13351735700001655,True,
BR5,72,2509605,space_evenly,12,135,99,99.90908160355632,81.02159814580577,0.17974922299998752,True,
BR5,72,2509605,space_evenly_infill,12,135,111,99.90908160355632,84.00211435039725,0.04338353999997935,True,
BR5,72,2509605,front_to_back,12,135,49,99.90908160355632,63.62875303842322,0.03389904000005117,True,
BR5,72,2509605,front_to_back_infill,12,135,113,99.90908160355632,83.8301447475907,0.13670872500000542,True,
BR5,73,2509705,space_evenly,12,127,80,99.19816202398036,69.24893036203183,0.002938531999973293,True,
BR5,73,2509705,space_evenly_infill,12,127,103,99.19816202398036,81.03853089537189,0.07509658599997238,True,
BR5,73,2509705,front_to_back,12,127,57,99.19816202398036,63.418138879786454,0.08208352600001945,True,
BR5,73,2509705,front_to_back_infill,12,127,96,99.19816202398036,77.25804446849112,0.11314342700001134,True,
BR5,74,2509805,space_evenly,12,101,60,99.75223349447417,64.43025202711101,0.010098577000007936,True,
BR5,74,2509805,space_evenly_infill,12,101,80,99.75223349447417,82.6184112660778,0.02227251599998681,True,
BR5,74,2509805,front_to_back,12,101,47,99.75223349447417,55.41088920365229,0.05267264699995167,True,
BR5,74,2509805,front_to_back_infill,12,101,78,99.75223349447417,76.50131174803803,0.07421570899998642,True,
BR5,75,2509905,space_evenly,12,116,62,98.45853487016453,67.78734659992382,0.05947413100000176,True,
BR5,75,2509905,space_evenly_infill,12,116,90,98.45853487016453,81.16747569427596,0.4829318529999682,True,
BR5,75,2509905,front_to_back,12,116,56,98.45853487016453,63.335834749657856,0.09326354200004516,True,
BR5,75,2509905,front_to_back_infill,12,116,93,98.45853487016453,81.33965134820579,0.1202970809999897,True,
BR5,76,2510005,space_evenly,12,113,62,99.5606325370676,74.48169169301573,0.0037636910000173884,True,
BR5,76,2510005,space_evenly_infill,12,113,94,99.5606325370676,84.37023132894333,0.016856200999995963,True,
BR5,76,2510005,front_to_back,12,113,45,99.5606325370676,68.5054314411415,0.09242552699998896,True,
BR5,76,2510005,front_to_back_infill,12,113,92,99.5606325370676,86.0681125251831,0.11596921199998178,True,
BR5,77,2510105,space_evenly,12,171,123,99.81246356717034,74.25762106666684,0.0013517930000261913,True,
BR5,77,2510105,space_evenly_infill,12,171,142,99.81246356717034,83.9631573944769,0.057435806000000866,True,
BR5,77,2510105,front_to_back,12,171,86,99.81246356717034,63.88669581071479,0.16661266300002353,True,
BR5,77,2510105,front_to_back_infill,12,171,140,99.81246356717034,84.53708288772009,0.20736332900003163,True,
BR5,78,2510205,space_evenly,12,163,110,99.2417651003901,71.72105197739288,0.0043231580000338,True,
BR5,78,2510205,space_evenly_infill,12,163,136,99.2417651003901,82.75211185784333,0.16274914199999557,True,
BR5,78,2510205,front_to_back,12,163,59,99.2417651003901,48.48219419188411,0.07799046000002363,True,
BR5,78,2510205,front_to_back_infill,12,163,135,99.2417651003901,83.38403077207356,0.13357251799999403,True,
BR5,79,2510305,space_evenly,12,190,140,99.78923961153382,74.60214186819242,0.12892082899998059,True,
BR5,79,2510305,space_evenly_infill,12,190,163,99.78923961153382,85.93737308746338,0.5628882729999987,True,
BR5,79,2510305,front_to_back,12,190,68,99.78923961153382,55.590881506645815,0.032471964000023945,True,
BR5,79,2510305,front_to_back_infill,12,190,158,99.78923961153382,83.02844303118484,0.11393008899995039,True,
BR5,80,2510405,space_evenly,12,143,95,99.54790057169217,72.38099384438887,0.0011513580000155343,True,
BR5,80,2510405,space_evenly_infill,12,143,118,99.54790057169217,84.18079058492596,0.013390033000007406,True,
BR5,80,2510405,front_to_back,12,143,63,99.54790057169217,63.689438417633724,0.07125368700002355,True,
BR5,80,2510405,front_to_back_infill,12,143,108,99.54790057169217,80.5594919443981,0.12668492900002093,True,
BR5,81,2510505,space_evenly,12,101,64,99.80159270871484,71.01401745851227,0.0014279609999903187,True,
BR5,81,2510505,space_evenly_infill,12,101,80,99.80159270871484,85.33749512290285,0.04014617600000747,True,
BR5,81,2510505,front_to_back,12,101,47,99.80159270871484,62.19580041223518,0.05728288799997472,True,
BR5,81,2510505,front_to_back_infill,12,101,75,99.80159270871484,78.68193749206537,0.07285542099998565,True,
BR5,82,2510605,space_evenly,12,135,87,99.54135678682549,81.8026116647535,0.42376391300001615,True,
BR5,82,2510605,space_evenly_infill,12,135,110,99.54135678682549,87.84437623339876,0.3425431780000281,True,
BR5,82,2510605,front_to_back,12,135,61,99.54135678682549,67.31374473988039,0.04432578099999773,True,
BR5,82,2510605,front_to_back_infill,12,135,105,99.54135678682549,83.41104340965423,0.10730855600002087,True,
BR5,83,2510705,space_evenly,12,127,89,99.60678798868182,75.20861014529262,0.10969994900000302,True,
BR5,83,2510705,space_evenly_infill,12,127,103,99.60678798868182,80.40109845189139,0.06885910699998021,True,
BR5,83,2510705,front_to_back,12,127,63,99.60678798868182,58.81823698670837,0.10124613200002841,True,
BR5,83,2510705,front_to_back_infill,12,127,99,99.60678798868182,74.28012716677712,0.15061153200002764,True,
BR5,84,2510805,space_evenly,12,138,80,99.23990399347018,78.16534073876639,0.25271551200000886,True,
BR5,84,2510805,space_evenly_infill,12,138,97,99.23990399347018,82.10636757792221,0.13921976900002164,True,
BR5,84,2510805,front_to_back,12,138,54,99.23990399347018,63.453031311129884,0.041469779000010476,True,
BR5,84,2510805,front_to_back_infill,12,138,100,99.23990399347018,83.67554658383855,0.08295951599995988,True,
BR5,85,2510905,space_evenly,12,126,90,99.73800599675236,78.67713849493613,0.8150384460000168,True,
BR5,85,2510905,space_evenly_infill,12,126,101,99.73800599675236,80.86930974867745,0.450584565999975,True,
BR5,85,2510905,front_to_back,12,126,54,99.73800599675236,55.56231019201971,0.05083901200003993,True,
BR5,85,2510905,front_to_back_infill,12,126,96,99.73800599675236,77.47393619460797,0.10866745100003072,True,
BR5,86,2511005,space_evenly,12,126,91,98.7259393771008,77.24616661825573,0.19017519099998026,True,
BR5,86,2511005,space_evenly_infill,12,126,92,98.7259393771008,82.16547101625079,1.3865260799999533,True,
BR5,86,2511005,front_to_back,12,126,64,98.7259393771008,70.62030028960153,0.08889639500000612,True,
BR5,86,2511005,front_to_back_infill,12,126,100,98.7259393771008,81.96281641310193,0.12081787599998961,True,
BR5,87,2511105,space_evenly,12,113,78,99.53857842006646,71.7625413680864,0.028125681000005898,True,
BR5,87,2511105,space_evenly_infill,12,113,92,99.53857842006646,82.64325039664841,0.02551063900000372,True,
BR5,87,2511105,front_to_back,12,113,36,99.53857842006646,53.769592304588755,0.05837093399998139,True,
BR5,87,2511105,front_to_back_infill,12,113,90,99.53857842006646,82.8730971012595,0.09102307699998846,True,
BR5,88,2511205,space_evenly,12,171,113,99.9724190601277,71.31534396246946,0.09621265999999196,True,
BR5,88,2511205,space_evenly_infill,12,171,129,99.9724190601277,76.46335513708715,0.07269329799999014,True,
BR5,88,2511205,front_to_back,12,171,79,99.9724190601277,59.081902662778724,0.10872081200000139,True,
BR5,88,2511205,front_to_back_infill,12,171,144,99.9724190601277,85.18108570330898,0.14641922100003057,True,
BR5,89,2511305,space_evenly,12,93,55,99.58268000725832,73.62980988128132,0.06646511999997529,True,
BR5,89,2511305,space_evenly_infill,12,93,75,99.58268000725832,80.45548597822106,0.04867647399998987,True,
BR5,89,2511305,front_to_back,12,93,40,99.58268000725832,64.4983751871908,0.03815467499998704,True,
BR5,89,2511305,front_to_back_infill,12,93,64,99.58268000725832,78.2898321746835,0.05672411099999408,True,
BR5,90,2511405,space_evenly,12,99,54,99.84418879334468,75.97908514630626,0.01537290600003871,True,
BR5,90,2511405,space_evenly_infill,12,99,70,99.84418879334468,85.12926384580463,0.10519954500000495,True,
BR5,90,2511405,front_to_back,12,99,53,99.84418879334468,72.04214609556385,0.09396087800001851,True,
BR5,90,2511405,front_to_back_infill,12,99,75,99.84418879334468,80.94904820998072,0.11150584699998944,True,
BR5,91,2511505,space_evenly,12,138,84,99.57891126574546,80.22044146785503,0.01269666299998562,True,
BR5,91,2511505,space_evenly_infill,12,138,124,99.57891126574546,88.21188835219587,0.12795960300002207,True,
BR5,91,2511505,front_to_back,12,138,67,99.57891126574546,75.01023941146482,0.06862885399999641,True,
BR5,91,2511505,front_to_back_infill,12,138,116,99.57891126574546,86.73514653890611,0.11492365399999471,True,
BR5,92,2511605,space_evenly,12,116,67,98.17296130692246,70.28616512937019,0.0016620690000195282,True,
BR5,92,2511605,space_evenly_infill,12,116,100,98.17296130692246,84.38035109782045,0.022231763999968734,True,
BR5,92,2511605,front_to_back,12,116,43,98.17296130692246,59.01725910795816,0.06091141200005268,True,
BR5,92,2511605,front_to_back_infill,12,116,97,98.17296130692246,83.63654642365042,0.11291505299999471,True,
BR5,93,2511705,space_evenly,12,84,44,98.87447232633713,62.072083329732976,0.0011460440000519156,True,
BR5,93,2511705,space_evenly_infill,12,84,67,98.87447232633713,78.42121302960955,0.06026493400003119,True,
BR5,93,2511705,front_to_back,12,84,32,98.87447232633713,53.553554348642486,0.03022569500001282,True,
BR5,93,2511705,front_to_back_infill,12,84,65,98.87447232633713,79.57836290388512,0.05031794500001752,True,
BR5,94,2511805,space_evenly,12,130,89,99.22294798006754,75.68707747056959,0.04745556599999645,True,
BR5,94,2511805,space_evenly_infill,12,130,105,99.22294798006754,87.4092195248727,1.1771047759999647,True,
BR5,94,2511805,front_to_back,12,130,64,99.22294798006754,72.98953592634271,0.13298765400003276,True,
BR5,94,2511805,front_to_back_infill,12,130,108,99.22294798006754,88.26394617147042,0.19032946900000525,True,
BR5,95,2511905,space_evenly,12,186,139,99.73238944194044,78.08864984004451,0.01985145899999452,True,
BR5,95,2511905,space_evenly_infill,12,186,135,99.73238944194044,80.37781135155579,0.07090196600000809,True,
BR5,95,2511905,front_to_back,12,186,91,99.73238944194044,61.65834264440694,0.14976583300000357,True,
BR5,95,2511905,front_to_back_infill,12,186,137,99.73238944194044,78.3576296410523,0.15807224399998177,True,
BR5,96,2512005,space_evenly,12,155,113,99.66962028766066,77.423516814104,0.08109569800001282,True,
BR5,96,2512005,space_evenly_infill,12,155,130,99.66962028766066,85.1795868475574,0.1779807089999963,True,
BR5,96,2512005,front_to_back,12,155,49,99.66962028766066,52.043741330066645,0.04583842000005234,True,
BR5,96,2512005,front_to_back_infill,12,155,136,99.66962028766066,84.72275821362982,0.08485333199996603,True,
BR5,97,2512105,space_evenly,12,137,90,98.96189117709031,70.7354163994095,0.007891977999975097,True,
BR5,97,2512105,space_evenly_infill,12,137,109,98.96189117709031,81.11698319885728,0.021757582000020648,True,
BR5,97,2512105,front_to_back,12,137,50,98.96189117709031,50.06834915163435,0.08010871600004066,True,
BR5,97,2512105,front_to_back_infill,12,137,109,98.96189117709031,82.5988064987195,0.08121966400000247,True,
BR5,98,2512205,space_evenly,12,133,102,99.55987812408398,77.15837222271335,0.001812874999984615,True,
BR5,98,2512205,space_evenly_infill,12,133,106,99.55987812408398,84.44941145817063,0.2833453680000275,True,
BR5,98,2512205,front_to_back,12,133,52,99.55987812408398,59.97684915927818,0.09301491999997324,True,
BR5,98,2512205,front_to_back_infill,12,133,104,99.55987812408398,86.46793146606704,0.13037507599995024,True,
BR5,99,2512305,space_evenly,12,135,91,98.4696815712528,77.46116434836996,0.0016626650000262089,True,
BR5,99,2512305,space_evenly_infill,12,135,110,98.4696815712528,84.2108009340098,0.013908087000004343,True,
BR5,99,2512305,front_to_back,12,135,61,98.4696815712528,68.81774844614189,0.057046409999998104,True,
BR5,99,2512305,front_to_back_infill,12,135,90,98.4696815712528,78.43057838550304,0.1321888809999905,True,
BR5,100,2512405,space_evenly,12,135,89,99.61877218788406,73.11557939249482,0.0024403940000183866,True,
BR5,100,2512405,space_evenly_infill,12,135,110,99.61877218788406,84.63007508901741,0.06880081600002086,True,
BR5,100,2512405,front_to_back,12,135,57,99.61877218788406,66.8808579171156,0.05201885600001788,True,
BR5,100,2512405,front_to_back_infill,12,135,99,99.61877218788406,81.76024821848864,0.0995292360000235,True,
BR6,1,2502505,space_evenly,15,129,80,99.73098696494007,70.61663457365032,0.528713487999994,True,
BR6,1,2502505,space_evenly_infill,15,129,103,99.73098696494007,84.33460110164236,0.37388329800000975,True,
BR6,1,2502505,front_to_back,15,129,54,99.73098696494007,61.22843691611924,0.08604904200001329,True,
BR6,1,2502505,front_to_back_infill,15,129,109,99.73098696494007,82.11990380735948,0.13080253499998662,True,
BR6,2,2502605,space_evenly,15,149,96,99.84017744325119,76.90413837064077,0.04234229299999015,True,
BR6,2,2502605,space_evenly_infill,15,149,116,99.84017744325119,86.25497098334907,1.0714217889999986,True,
BR6,2,2502605,front_to_back,15,149,41,99.84017744325119,54.42018543271733,0.0616364859999976,True,
BR6,2,2502605,front_to_back_infill,15,149,116,99.84017744325119,84.84613630880018,0.11272601999996823,True,
BR6,3,2502705,space_evenly,15,138,101,99.73281483780785,78.05569827734614,0.058235380999974495,True,
BR6,3,2502705,space_evenly_infill,15,138,111,99.73281483780785,81.6388010217477,0.095278278999956,True,
BR6,3,2502705,front_to_back,15,138,60,99.73281483780785,57.587327457109794,0.07571264099999553,True,
BR6,3,2502705,front_to_back_infill,15,138,101,99.73281483780785,76.22046406701048,0.2475842769999872,True,
BR6,4,2502805,space_evenly,15,144,78,99.74793300812705,67.67131655368196,0.001880927000001975,True,
BR6,4,2502805,space_evenly_infill,15,144,125,99.74793300812705,83.22714610553406,0.03367224199996599,True,
BR6,4,2502805,front_to_back,15,144,56,99.74793300812705,62.58877313837795,0.09018298600000207,True,
BR6,4,2502805,front_to_back_infill,15,144,118,99.74793300812705,80.24574255175041,0.1121373669999457,True,
BR6,5,2502905,space_evenly,15,145,97,98.15563971894626,76.43846283203311,0.05560497499999428,True,
BR6,5,2502905,space_evenly_infill,15,145,109,98.15563971894626,78.04950345002695,0.33142988700001297,True,
BR6,5,2502905,front_to_back,15,145,49,98.15563971894626,48.96752767233352,0.0610778299999879,True,
BR6,5,2502905,front_to_back_infill,15,145,108,98.15563971894626,82.08468900571027,0.10387840100003132,True,
BR6,6,2503005,space_evenly,15,138,93,99.70530036603985,75.15115179254506,0.004191869000010229,True,
BR6,6,2503005,space_evenly_infill,15,138,107,99.70530036603985,81.77103599181379,0.3283546269999533,True,
BR6,6,2503005,front_to_back,15,138,62,99.70530036603985,59.020579189767105,0.17917011999998067,True,
BR6,6,2503005,front_to_back_infill,15,138,109,99.70530036603985,79.96560940284391,0.19886675399999376,True,
BR6,7,2503105,space_evenly,15,123,73,98.86255127183394,70.61605297773784,0.029532946000017546,True,
BR6,7,2503105,space_evenly_infill,15,123,99,98.86255127183394,83.46622522983009,0.23791476900004227,True,
BR6,7,2503105,front_to_back,15,123,48,98.86255127183394,55.173810769295194,0.11143037499999764,True,
BR6,7,2503105,front_to_back_infill,15,123,98,98.86255127183394,81.74459497992996,0.20258346399998572,True,
BR6,8,2503205,space_evenly,15,104,54,97.89497175437909,71.98063651186024,2.8122040050000123,True,
BR6,8,2503205,space_evenly_infill,15,104,76,97.89497175437909,80.97151775263363,1.894973512999968,True,
BR6,8,2503205,front_to_back,15,104,35,97.89497175437909,56.93102804222852,0.02801359299996875,True,
BR6,8,2503205,front_to_back_infill,15,104,77,97.89497175437909,79.12730370140932,0.06009139100001448,True,
BR6,9,2503305,space_evenly,15,124,78,99.4773878832634,76.95511608322073,2.6343852720000314,True,
BR6,9,2503305,space_evenly_infill,15,124,85,99.4773878832634,79.68610437752288,2.402231647999997,True,
BR6,9,2503305,front_to_back,15,124,45,99.4773878832634,57.97006409519296,0.08286635600001091,True,
BR6,9,2503305,front_to_back_infill,15,124,89,99.4773878832634,83.9284377802046,0.09205491399995935,True,
BR6,10,2503405,space_evenly,15,144,78,99.30499620799465,69.52503886722398,0.305890517000023,True,
BR6,10,2503405,space_evenly_infill,15,144,100,99.30499620799465,77.26168692060584,0.3496344590000149,True,
BR6,10,2503405,front_to_back,15,144,55,99.30499620799465,57.94396207064097,0.09091713999998774,True,
BR6,10,2503405,front_to_back_infill,15,144,104,99.30499620799465,79.05484349752506,0.11991751600004363,True,
BR6,11,2503505,space_evenly,15,131,77,99.77511181596843,70.51606500846471,0.13468790500002115,True,
BR6,11,2503505,space_evenly_infill,15,131,100,99.77511181596843,79.81776439848691,0.18382758500001728,True,
BR6,11,2503505,front_to_back,15,131,47,99.77511181596843,52.545043772570075,0.05996711500000629,True,
BR6,11,2503505,front_to_back_infill,15,131,109,99.77511181596843,83.08921814233612,0.11726667800002133,True,
BR6,12,2503605,space_evenly,15,122,83,99.79136659087087,77.6183880022413,0.30337395499998365,True,
BR6,12,2503605,space_evenly_infill,15,122,98,99.79136659087087,84.04477025632094,0.6529525159999707,True,
BR6,12,2503605,front_to_back,15,122,56,99.79136659087087,56.02304050366871,0.06934409199999436,True,
BR6,12,2503605,front_to_back_infill,15,122,104,99.79136659087087,80.08926334064704,0.11022382200002312,True,
BR6,13,2503705,space_evenly,15,203,138,99.01612582678013,75.2603190070197,0.007619320000003427,True,
BR6,13,2503705,space_evenly_infill,15,203,154,99.01612582678013,82.21704361836407,1.3776487050000128,True,
BR6,13,2503705,front_to_back,15,203,82,99.01612582678013,61.04840805566837,0.28744722999999794,True,
BR6,13,2503705,front_to_back_infill,15,203,149,99.01612582678013,81.18808413000896,0.3192004990000328,True,
BR6,14,2503805,space_evenly,15,143,82,99.94109264257906,78.04813088367351,0.8149064469999985,True,
BR6,14,2503805,space_evenly_infill,15,143,101,99.94109264257906,84.72927208784957,0.7496433759999945,True,
BR6,14,2503805,front_to_back,15,143,47,99.94109264257906,56.575549973711865,0.0948762759999795,True,
BR6,14,2503805,front_to_back_infill,15,143,107,99.94109264257906,83.10674245803038,0.11098423899994714,True,
BR6,15,2503905,space_evenly,15,95,53,99.41991623689498,71.0660918948129,0.04692776999996795,True,
BR6,15,2503905,space_evenly_infill,15,95,71,99.41991623689498,81.52383778857958,0.23572364099999277,True,
BR6,15,2503905,front_to_back,15,95,40,99.41991623689498,57.68392222965927,0.03678334800002858,True,
BR6,15,2503905,front_to_back_infill,15,95,71,99.41991623689498,79.7848460698407,0.0859313799999768,True,
BR6,16,2504005,space_evenly,15,122,75,99.01422816240284,74.10705087003426,0.1507415089999995,True,
BR6,16,2504005,space_evenly_infill,15,122,98,99.01422816240284,84.30088847914995,0.11921173199999657,True,
BR6,16,2504005,front_to_back,15,122,47,99.01422816240284,58.13634735167809,0.07260705499999176,True,
BR6,16,2504005,front_to_back_infill,15,122,108,99.01422816240284,85.94468125552932,0.12410696599999937,True,
BR6,17,2504105,space_evenly,15,121,68,99.34638257312655,65.67650239517813,0.005366947999959848,True,
BR6,17,2504105,space_evenly_infill,15,121,89,99.34638257312655,82.1901240361294,0.559519593999994,True,
BR6,17,2504105,front_to_back,15,121,43,99.34638257312655,53.14530725213545,0.03964311400000042,True,
BR6,17,2504105,front_to_back_infill,15,121,92,99.34638257312655,80.7414284394419,0.08026644199998145,True,
BR6,18,2504205,space_evenly,15,88,48,99.95955415854371,72.26422932559467,0.46800548800001707,True,
BR6,18,2504205,space_evenly_infill,15,88,72,99.95955415854371,77.42819616864553,0.07828231899998173,True,
BR6,18,2504205,front_to_back,15,88,36,99.95955415854371,63.689425124012864,0.060355814999979884,True,
BR6,18,2504205,front_to_back_infill,15,88,76,99.95955415854371,84.1895311406392,0.09621963199998618,True,
BR6,19,2504305,space_evenly,15,132,86,99.7542109205766,78.40457273970226,4.644374865000032,True,
BR6,19,2504305,space_evenly_infill,15,132,110,99.7542109205766,86.14868848460034,7.068546583,True,
BR6,19,2504305,front_to_back,15,132,51,99.7542109205766,57.10141238074791,0.26374689499999704,True,
BR6,19,2504305,front_to_back_infill,15,132,100,99.7542109205766,72.50823705982329,0.24084693500003596,True,
BR6,20,2504405,space_evenly,15,140,93,99.68395413434932,79.59523915556261,0.0768935809999789,True,
BR6,20,2504405,space_evenly_infill,15,140,112,99.68395413434932,83.16298776787477,0.2581316399999878,True,
BR6,20,2504405,front_to_back,15,140,68,99.68395413434932,70.89444466231213,0.08650625000001355,True,
BR6,20,2504405,front_to_back_infill,15,140,115,99.68395413434932,84.94171411935412,0.10692912199999682,True,
BR6,21,2504505,space_evenly,15,129,78,98.13827825010752,74.77527133941871,0.564045507000003,True,
BR6,21,2504505,space_evenly_infill,15,129,90,98.13827825010752,80.28263234962755,0.32669361000000663,True,
BR6,21,2504505,front_to_back,15,129,67,98.13827825010752,64.44957430502612,0.0803287120000391,True,
BR6,21,2504505,front_to_back_infill,15,129,83,98.13827825010752,75.74565581087431,0.09410843799997792,True,
BR6,22,2504605,space_evenly,15,131,75,99.28714619858941,74.04398925609563,0.24546509699996477,True,
BR6,22,2504605,space_evenly_infill,15,131,98,99.28714619858941,81.57316709217332,0.19365752000004477,True,
BR6,22,2504605,front_to_back,15,131,48,99.28714619858941,61.082705597478466,0.10122355199996491,True,
BR6,22,2504605,front_to_back_infill,15,131,103,99.28714619858941,81.32338327968249,0.13088739800002713,True,
BR6,23,2504705,space_evenly,15,116,40,97.92218711967782,67.91375896405471,0.0011425839999787968,True,
BR6,23,2504705,space_evenly_infill,15,116,85,97.92218711967782,82.64745118083911,0.03292031900002712,True,
BR6,23,2504705,front_to_back,15,116,40,97.92218711967782,67.91375896405471,0.001144379999971079,True,
BR6,23,2504705,front_to_back_infill,15,116,87,97.92218711967782,83.71269228391718,0.03877743399999645,True,
BR6,24,2504805,space_evenly,15,105,70,99.29768803992872,78.17563664811985,0.44251061299996763,True,
BR6,24,2504805,space_evenly_infill,15,105,72,99.29768803992872,79.72035539165998,0.38660435199994936,True,
BR6,24,2504805,front_to_back,15,105,45,99.29768803992872,58.399667393606165,0.07445210700001326,True,
BR6,24,2504805,front_to_back_infill,15,105,75,99.29768803992872,80.38674134136623,0.08662502299995367,True,
BR6,25,2504905,space_evenly,15,138,97,99.67677890249196,72.18154965067687,0.04059432200000401,True,
BR6,25,2504905,space_evenly_infill,15,138,109,99.67677890249196,80.30490913477804,0.3436670789999994,True,
BR6,25,2504905,front_to_back,15,138,63,99.67677890249196,56.420878695045005,0.10842872500001022,True,
BR6,25,2504905,front_to_back_infill,15,138,105,99.67677890249196,78.35000907289623,0.12034977899998012,True,
BR6,26,2505005,space_evenly,15,165,104,99.89728019164083,77.34928523524059,0.137758295000026,True,
BR6,26,2505005,space_evenly_infill,15,165,130,99.89728019164083,85.38232121243139,0.3412975599999868,True,
BR6,26,2505005,front_to_back,15,165,71,99.89728019164083,60.99705479829922,0.12998204799998803,True,
BR6,26,2505005,front_to_back_infill,15,165,135,99.89728019164083,85.20264463293321,0.13433822600001122,True,
BR6,27,2505105,space_evenly,15,128,63,99.88282337895926,66.79516723707378,0.018636173999993844,True,
BR6,27,2505105,space_evenly_infill,15,128,107,99.88282337895926,81.69372029291164,0.2868198639999946,True,
BR6,27,2505105,front_to_back,15,128,41,99.88282337895926,55.683853767511856,0.10287608700002693,True,
BR6,27,2505105,front_to_back_infill,15,128,95,99.88282337895926,75.3917829470761,0.151632592999988,True,
BR6,28,2505205,space_evenly,15,152,103,99.48617496664963,68.36935129124262,0.06767884999999296,True,
BR6,28,2505205,space_evenly_infill,15,152,120,99.48617496664963,79.5299508601305,0.05700379900002872,True,
BR6,28,2505205,front_to_back,15,152,50,99.48617496664963,49.97273478362305,0.07366480600001069,True,
BR6,28,2505205,front_to_back_infill,15,152,116,99.48617496664963,79.41419000971099,0.12590657100003,True,
BR6,29,2505305,space_evenly,15,138,87,99.73063136058215,71.18677470835458,0.03507071699999642,True,
BR6,29,2505305,space_evenly_infill,15,138,115,99.73063136058215,83.68927889418345,0.037722758999962025,True,
BR6,29,2505305,front_to_back,15,138,46,99.73063136058215,54.39532968512065,0.1150834830000349,True,
BR6,29,2505305,front_to_back_infill,15,138,109,99.73063136058215,78.45222040025763,0.14677089200000637,True,
BR6,30,2505405,space_evenly,15,135,70,99.67260802894819,70.01771374979145,0.0015469620000203577,True,
BR6,30,2505405,space_evenly_infill,15,135,114,99.67260802894819,85.15219866518753,0.06372580800001515,True,
BR6,30,2505405,front_to_back,15,135,63,99.67260802894819,70.37194221794759,0.04857988000003388,True,
BR6,30,2505405,front_to_back_infill,15,135,118,99.67260802894819,87.83882614669112,0.1567757469999833,True,
BR6,31,2505505,space_evenly,15,159,95,99.78180183066453,68.56157040201903,0.015057576999993216,True,
BR6,31,2505505,space_evenly_infill,15,159,127,99.78180183066453,82.57106935880213,0.9397240800000191,True,
BR6,31,2505505,front_to_back,15,159,72,99.78180183066453,56.08663718584681,0.1564516020000042,True,
BR6,31,2505505,front_to_back_infill,15,159,119,99.78180183066453,81.36031295842221,0.16334479500000043,True,
BR6,32,2505605,space_evenly,15,143,100,99.96842100365508,73.05830382703404,0.15050012599999718,True,
BR6,32,2505605,space_evenly_infill,15,143,103,99.96842100365508,81.56793605236624,0.9913026950000017,True,
BR6,32,2505605,front_to_back,15,143,60,99.96842100365508,65.15536919376184,0.09688099899994995,True,
BR6,32,2505605,front_to_back_infill,15,143,95,99.96842100365508,77.05477171197244,0.11954245200001878,True,
BR6,33,2505705,space_evenly,15,141,92,99.52575007593981,79.65807477794668,0.4632058239999992,True,
BR6,33,2505705,space_evenly_infill,15,141,110,99.52575007593981,85.90628927849538,0.5830549930000188,True,
BR6,33,2505705,front_to_back,15,141,76,99.52575007593981,69.6070904185563,0.12065209000002142,True,
BR6,33,2505705,front_to_back_infill,15,141,119,99.52575007593981,84.11155076069421,0.15106626300001835,True,
BR6,34,2505805,space_evenly,15,113,67,98.10991298660468,73.17389186038241,0.03907937399998218,True,
BR6,34,2505805,space_evenly_infill,15,113,86,98.10991298660468,83.90358535601314,0.27150139700000864,True,
BR6,34,2505805,front_to_back,15,113,48,98.10991298660468,64.15165761481866,0.08903361499994844,True,
BR6,34,2505805,front_to_back_infill,15,113,90,98.10991298660468,83.44957496970716,0.12028701099995942,True,
BR6,35,2505905,space_evenly,15,152,111,99.203712110688,80.03867114307192,1.1910656500000414,True,
BR6,35,2505905,space_evenly_infill,15,152,123,99.203712110688,83.73550746071237,1.2487621529999728,True,
BR6,35,2505905,front_to_back,15,152,90,99.203712110688,71.2594841676299,0.18197766200000842,True,
BR6,35,2505905,front_to_back_infill,15,152,123,99.203712110688,82.94898373591957,0.2018649670000059,True,
BR6,36,2506005,space_evenly,15,113,64,99.7463710076764,78.82100205984655,0.4610676589999798,True,
BR6,36,2506005,space_evenly_infill,15,113,90,99.7463710076764,87.32643350098805,0.639371715999971,True,
BR6,36,2506005,front_to_back,15,113,32,99.7463710076764,60.5438087951925,0.06672131800002035,True,
BR6,36,2506005,front_to_back_infill,15,113,84,99.7463710076764,81.82189406180603,0.12578461500004323,True,
BR6,37,2506105,space_evenly,15,106,69,99.00901706302704,78.32036097498074,0.47073601199997483,True,
BR6,37,2506105,space_evenly_infill,15,106,82,99.00901706302704,82.1316952490593,0.1728414429999816,True,
BR6,37,2506105,front_to_back,15,106,41,99.00901706302704,64.13994593484398,0.08014542699999083,True,
BR6,37,2506105,front_to_back_infill,15,106,83,99.00901706302704,83.8000247261348,0.10366273400001091,True,
BR6,38,2506205,space_evenly,15,131,89,99.6071136823928,76.6120409629633,0.6124591319999695,True,
BR6,38,2506205,space_evenly_infill,15,131,111,99.6071136823928,83.42245598315964,0.4431937800000014,True,
BR6,38,2506205,front_to_back,15,131,46,99.6071136823928,63.58630983043322,0.08272643599997309,True,
BR6,38,2506205,front_to_back_infill,15,131,105,99.6071136823928,86.24426297174907,0.14090411600000152,True,
BR6,39,2506305,space_evenly,15,183,126,99.62714384561852,76.99623989934071,0.002277654000010898,True,
BR6,39,2506305,space_evenly_infill,15,183,148,99.62714384561852,86.68524893302076,0.03315039900002148,True,
BR6,39,2506305,front_to_back,15,183,102,99.62714384561852,72.3871288504142,0.1812463929999808,True,
BR6,39,2506305,front_to_back_infill,15,183,157,99.62714384561852,88.07217239699271,0.1287838259999603,True,
BR6,40,2506405,space_evenly,15,102,65,99.4648287349591,71.09346013675147,0.003612658999998075,True,
BR6,40,2506405,space_evenly_infill,15,102,80,99.4648287349591,81.88988760908246,0.029719559000000118,True,
BR6,40,2506405,front_to_back,15,102,50,99.4648287349591,63.42664015032427,0.10469468499996992,True,
BR6,40,2506405,front_to_back_infill,15,102,83,99.4648287349591,82.3730675229531,0.1326241230000278,True,
BR6,41,2506505,space_evenly,15,131,78,99.90394029569,70.19627366513768,0.0015870080000013331,True,
BR6,41,2506505,space_evenly_infill,15,131,95,99.90394029569,82.59270140334108,0.16004608599996573,True,
BR6,41,2506505,front_to_back,15,131,49,99.90394029569,64.7716787383822,0.046031293999988065,True,
BR6,41,2506505,front_to_back_infill,15,131,94,99.90394029569,83.33968325289585,0.1026957130000028,True,
BR6,42,2506605,space_evenly,15,125,87,99.80453392232936,68.99349676067693,0.015040603000045394,True,
BR6,42,2506605,space_evenly_infill,15,125,96,99.80453392232936,72.67443390777285,0.131503561000045,True,
BR6,42,2506605,front_to_back,15,125,68,99.80453392232936,66.97582089770492,0.11030085300001247,True,
BR6,42,2506605,front_to_back_infill,15,125,89,99.80453392232936,79.71024559299852,0.09640780000000859,True,
BR6,43,2506705,space_evenly,15,108,67,99.75661374254643,71.0640280601749,0.05541166699998712,True,
BR6,43,2506705,space_evenly_infill,15,108,88,99.75661374254643,80.92605356930396,0.0419997340000009,True,
BR6,43,2506705,front_to_back,15,108,53,99.75661374254643,60.7836589494982,0.08654118699996616,True,
BR6,43,2506705,front_to_back_infill,15,108,82,99.75661374254643,73.5498487518287,0.11953872300000512,True,
BR6,44,2506805,space_evenly,15,140,97,99.60471086042297,74.93813148853326,1.1239441820000025,True,
BR6,44,2506805,space_evenly_infill,15,140,107,99.60471086042297,78.46874437098242,0.5954008069999759,True,
BR6,44,2506805,front_to_back,15,140,62,99.60471086042297,46.98944021227254,0.04115665500000887,True,
BR6,44,2506805,front_to_back_infill,15,140,117,99.60471086042297,78.50703996926515,0.10042711900001677,True,
BR6,45,2506905,space_evenly,15,157,96,99.20426047254834,73.25888794873448,0.5900137060000361,True,
BR6,45,2506905,space_evenly_infill,15,157,120,99.20426047254834,82.2982776120137,1.4555804369999805,True,
BR6,45,2506905,front_to_back,15,157,91,99.20426047254834,71.07072804508664,0.14959247899997763,True,
BR6,45,2506905,front_to_back_infill,15,157,123,99.20426047254834,85.98584827591708,0.15338955700002543,True,
BR6,46,2507005,space_evenly,15,111,78,99.38797166597651,76.44399630171468,0.012590912999996817,True,
BR6,46,2507005,space_evenly_infill,15,111,87,99.38797166597651,82.20802389661286,0.021428399999990688,True,
BR6,46,2507005,front_to_back,15,111,56,99.38797166597651,66.64011376680729,0.06492035100001203,True,
BR6,46,2507005,front_to_back_infill,15,111,82,99.38797166597651,80.35594666865185,0.11066265099998418,True,
BR6,47,2507105,space_evenly,15,147,90,99.92124859004534,66.23573179056432,0.0022074059999681594,True,
BR6,47,2507105,space_evenly_infill,15,147,116,99.92124859004534,80.0609645452485,0.024998525999990306,True,
BR6,47,2507105,front_to_back,15,147,64,99.92124859004534,57.40293164220751,0.18676373800002466,True,
BR6,47,2507105,front_to_back_infill,15,147,109,99.92124859004534,78.91450938895207,0.28419802000001937,True,
BR6,48,2507205,space_evenly,15,110,65,99.57903090833317,69.21560325454426,0.004453034999983174,True,
BR6,48,2507205,space_evenly_infill,15,110,87,99.57903090833317,81.8114153651658,0.025901871000030496,True,
BR6,48,2507205,front_to_back,15,110,57,99.57903090833317,65.2141901426472,0.1382081200000016,True,
BR6,48,2507205,front_to_back_infill,15,110,85,99.57903090833317,81.99973944503121,0.5570815660000221,True,
BR6,49,2507305,space_evenly,15,108,71,98.23742207445625,75.71178366493163,0.6578777450000075,True,
BR6,49,2507305,space_evenly_infill,15,108,85,98.23742207445625,81.71792465308634,0.5924119740000151,True,
BR6,49,2507305,front_to_back,15,108,56,98.23742207445625,68.34134495550293,0.08230363100000204,True,
BR6,49,2507305,front_to_back_infill,15,108,87,98.23742207445625,83.04077286452936,0.13791248000001133,True,
BR6,50,2507405,space_evenly,15,145,86,99.98036199858954,75.2328543863299,0.062364907000016956,True,
BR6,50,2507405,space_evenly_infill,15,145,125,99.98036199858954,84.59607000686616,0.12148490000004131,True,
BR6,50,2507405,front_to_back,15,145,61,99.98036199858954,68.6569886891227,0.09374723899998116,True,
BR6,50,2507405,front_to_back_infill,15,145,114,99.98036199858954,82.37972098019183,0.13423300100004099,True,
BR6,51,2507505,space_evenly,15,175,118,99.5704432292598,78.70836188692313,2.8992530209999927,True,
BR6,51,2507505,space_evenly_infill,15,175,137,99.5704432292598,84.25586298530855,2.0685232199999746,True,
BR6,51,2507505,front_to_back,15,175,87,99.5704432292598,64.601902583017,0.2753356900000199,True,
BR6,51,2507505,front_to_back_infill,15,175,140,99.5704432292598,81.35106059830599,0.35808008800000835,True,
BR6,52,2507605,space_evenly,15,140,90,99.7869830193934,75.71968007572046,0.9561403789999758,True,
BR6,52,2507605,space_evenly_infill,15,140,111,99.7869830193934,84.72440662261604,0.1378645980000215,True,
BR6,52,2507605,front_to_back,15,140,49,99.7869830193934,56.21470792917957,0.09683043399996905,True,
BR6,52,2507605,front_to_back_infill,15,140,112,99.7869830193934,84.20993684865412,0.12276163699999643,True,
BR6,53,2507705,space_evenly,15,128,74,99.23306442553944,74.0586554433057,0.19681366399998979,True,
BR6,53,2507705,space_evenly_infill,15,128,94,99.23306442553944,83.06776888508396,0.9585746310000332,True,
BR6,53,2507705,front_to_back,15,128,50,99.23306442553944,63.21884423930911,0.047886769999990975,True,
BR6,53,2507705,front_to_back_infill,15,128,99,99.23306442553944,85.37850594324554,0.06665587300000198,True,
BR6,54,2507805,space_evenly,15,165,89,99.8977886726386,64.68499436018135,0.004185457999994924,True,
BR6,54,2507805,space_evenly_infill,15,165,124,99.8977886726386,81.8143034042969,0.4152851459999738,True,
BR6,54,2507805,front_to_back,15,165,65,99.8977886726386,59.02066892170789,0.12451463400003604,True,
BR6,54,2507805,front_to_back_infill,15,165,127,99.8977886726386,83.54485035038661,0.08732053500000347,True,
BR6,55,2507905,space_evenly,15,144,94,99.68442273448451,72.76635597259121,0.26152570599998626,True,
BR6,55,2507905,space_evenly_infill,15,144,112,99.68442273448451,79.20109659078446,1.2841561559999946,True,
BR6,55,2507905,front_to_back,15,144,56,99.68442273448451,57.31920841805247,0.07546901199998501,True,
BR6,55,2507905,front_to_back_infill,15,144,106,99.68442273448451,80.21363181057121,0.13523501299999907,True,
BR6,56,2508005,space_evenly,15,153,76,99.54598961369402,63.912272737242944,1.2680242229999976,True,
BR6,56,2508005,space_evenly_infill,15,153,119,99.54598961369402,83.16626796882115,0.9976303739999821,True,
BR6,56,2508005,front_to_back,15,153,31,99.54598961369402,43.78578393479213,0.02263285599997289,True,
BR6,56,2508005,front_to_back_infill,15,153,115,99.54598961369402,83.03182958109807,0.18406671200000346,True,
BR6,57,2508105,space_evenly,15,111,62,99.95885292004353,75.18470156818198,0.11839930899998308,True,
BR6,57,2508105,space_evenly_infill,15,111,90,99.95885292004353,85.80909629300736,0.10729509100002588,True,
BR6,57,2508105,front_to_back,15,111,40,99.95885292004353,66.68459422219357,0.08368146899999829,True,
BR6,57,2508105,front_to_back_infill,15,111,87,99.95885292004353,84.87202231201324,0.1075405359999877,True,
BR6,58,2508205,space_evenly,15,116,63,99.73919909922425,75.62720300223134,0.08558910499999683,True,
BR6,58,2508205,space_evenly_infill,15,116,88,99.73919909922425,83.17926248320849,0.09171993100000009,True,
BR6,58,2508205,front_to_back,15,116,48,99.73919909922425,70.19247833638312,0.04588867199998958,True,
BR6,58,2508205,front_to_back_infill,15,116,95,99.73919909922425,86.68011759537009,0.07358439700004737,True,
BR6,59,2508305,space_evenly,15,126,69,99.03456740231348,73.00171620645258,0.009863531999997122,True,
BR6,59,2508305,space_evenly_infill,15,126,83,99.03456740231348,83.76818650418318,0.8485252980000269,True,
BR6,59,2508305,front_to_back,15,126,53,99.03456740231348,68.51167279613368,0.08718076599996039,True,
BR6,59,2508305,front_to_back_infill,15,126,83,99.03456740231348,80.14170667492644,0.13473139699999592,True,
BR6,60,2508405,space_evenly,15,132,88,99.73227976956838,74.34266700609712,0.017720806999989236,True,
BR6,60,2508405,space_evenly_infill,15,132,109,99.73227976956838,86.52516715066524,0.24433009400001993,True,
BR6,60,2508405,front_to_back,15,132,72,99.73227976956838,57.07014578449312,0.053333562999966944,True,
BR6,60,2508405,front_to_back_infill,15,132,114,99.73227976956838,83.94440674225862,0.07921941400002197,True,
BR6,61,2508505,space_evenly,15,110,69,99.73397802963281,73.0505469992642,0.17088646300004484,True,
BR6,61,2508505,space_evenly_infill,15,110,92,99.73397802963281,85.11720653168767,0.33297133000002077,True,
BR6,61,2508505,front_to_back,15,110,39,99.73397802963281,58.296801355417585,0.07140097399997103,True,
BR6,61,2508505,front_to_back_infill,15,110,78,99.73397802963281,78.64922521454243,0.11165263999998842,True,
BR6,62,2508605,space_evenly,15,123,75,99.66849365329307,67.49296933626945,0.002080121999995299,True,
BR6,62,2508605,space_evenly_infill,15,123,94,99.66849365329307,81.97362745026358,0.15883199099999956,True,
BR6,62,2508605,front_to_back,15,123,48,99.66849365329307,62.05242871129646,0.04689692800002376,True,
BR6,62,2508605,front_to_back_infill,15,123,98,99.66849365329307,84.6030059535481,0.0740668949999872,True,
BR6,63,2508705,space_evenly,15,114,67,99.94055092752916,74.68159451664727,0.003183140000032836,True,
BR6,63,2508705,space_evenly_infill,15,114,88,99.94055092752916,85.84275241761112,0.07750581300001613,True,
BR6,63,2508705,front_to_back,15,114,49,99.94055092752916,66.26178728744331,0.10370886499998733,True,
BR6,63,2508705,front_to_back_infill,15,114,84,99.94055092752916,81.54237906626936,0.10386008399996172,True,
BR6,64,2508805,space_evenly,15,125,79,98.52747891133221,74.92974653717793,0.04003048599997783,True,
BR6,64,2508805,space_evenly_infill,15,125,93,98.52747891133221,81.135414804175,0.1393150249999735,True,
BR6,64,2508805,front_to_back,15,125,56,98.52747891133221,63.421405787111965,0.0874795180000092,True,
BR6,64,2508805,front_to_back_infill,15,125,86,98.52747891133221,76.11063881830346,0.0794921710000267,True,
BR6,65,2508905,space_evenly,15,156,84,99.87482061920356,75.62772810025517,0.4673715829999878,True,
BR6,65,2508905,space_evenly_infill,15,156,125,99.87482061920356,86.95758204988962,0.39906587399997306,True,
BR6,65,2508905,front_to_back,15,156,76,99.87482061920356,70.96257114579713,0.12554376099996034,True,
BR6,65,2508905,front_to_back_infill,15,156,120,99.87482061920356,84.02794717912688,0.1455269819999785,True,
BR6,66,2509005,space_evenly,15,116,75,99.4348283560909,69.29287242577341,0.006257276000042111,True,
BR6,66,2509005,space_evenly_infill,15,116,92,99.4348283560909,82.21552814558642,1.064951786999984,True,
BR6,66,2509005,front_to_back,15,116,46,99.4348283560909,58.1185338997302,0.11571849300003123,True,
BR6,66,2509005,front_to_back_infill,15,116,90,99.4348283560909,81.18602361877618,0.16579190700002755,True,
BR6,67,2509105,space_evenly,15,150,93,99.60460451145612,73.42304422588255,0.32898795599999175,True,
BR6,67,2509105,space_evenly_infill,15,150,117,99.60460451145612,80.87147328547186,0.18059176399998478,True,
BR6,67,2509105,front_to_back,15,150,72,99.60460451145612,63.587343409454824,0.1529873559999828,True,
BR6,67,2509105,front_to_back_infill,15,150,121,99.60460451145612,81.79360856002835,0.18222000899999102,True,
BR6,68,2509205,space_evenly,15,103,69,98.4765576966409,73.89210631440343,0.008431208999979845,True,
BR6,68,2509205,space_evenly_infill,15,103,86,98.4765576966409,85.55858133136942,0.06194253899997193,True,
BR6,68,2509205,front_to_back,15,103,38,98.4765576966409,57.87857739645765,0.031731788999991295,True,
BR6,68,2509205,front_to_back_infill,15,103,82,98.4765576966409,79.3203370464632,0.1155847089999611,True,
BR6,69,2509305,space_evenly,15,167,116,99.05748892807553,77.63173147417615,0.41375215900001194,True,
BR6,69,2509305,space_evenly_infill,15,167,134,99.05748892807553,82.66709582905999,2.045627507000006,True,
BR6,69,2509305,front_to_back,15,167,69,99.05748892807553,54.80525842466605,0.06402613199998086,True,
BR6,69,2509305,front_to_back_infill,15,167,143,99.05748892807553,81.47726026450317,0.1484031640000012,True,
BR6,70,2509405,space_evenly,15,106,64,99.85638901388585,67.05219939633668,0.0037808369999652314,True,
BR6,70,2509405,space_evenly_infill,15,106,86,99.85638901388585,80.38997169123438,0.11512577700000293,True,
BR6,70,2509405,front_to_back,15,106,42,99.85638901388585,54.98246903749532,0.07571954499996991,True,
BR6,70,2509405,front_to_back_infill,15,106,84,99.85638901388585,80.51068109201778,0.12434775399998443,True,
BR6,71,2509505,space_evenly,15,137,88,99.8589845933581,77.52379724303597,0.013413765000052535,True,
BR6,71,2509505,space_evenly_infill,15,137,117,99.8589845933581,86.42510606647741,0.022478133000049638,True,
BR6,71,2509505,front_to_back,15,137,73,99.8589845933581,69.73011290936874,0.12426941899997246,True,
BR6,71,2509505,front_to_back_infill,15,137,104,99.8589845933581,79.91666893766023,0.1786801080000373,True,
BR6,72,2509605,space_evenly,15,132,83,99.75073131531738,76.14169936343497,0.20298515700000053,True,
BR6,72,2509605,space_evenly_infill,15,132,110,99.75073131531738,83.98434077931194,0.12930593699996962,True,
BR6,72,2509605,front_to_back,15,132,52,99.75073131531738,63.46175857322226,0.04185422499995184,True,
BR6,72,2509605,front_to_back_infill,15,132,110,99.75073131531738,87.50662853169963,0.09777066499998455,True,
BR6,73,2509705,space_evenly,15,114,68,99.31309866990676,75.02317742796353,0.018210336000038296,True,
BR6,73,2509705,space_evenly_infill,15,114,95,99.31309866990676,81.58696254721728,0.04249468099999376,True,
BR6,73,2509705,front_to_back,15,114,49,99.31309866990676,60.369416429984824,0.08651466599997093,True,
BR6,73,2509705,front_to_back_infill,15,114,94,99.31309866990676,78.66144205210966,0.13607633000003716,True,
BR6,74,2509805,space_evenly,15,100,48,98.37912874938267,58.59055714229691,0.0012742799999614363,True,
BR6,74,2509805,space_evenly_infill,15,100,73,98.37912874938267,81.33227338863037,0.19304804999995895,True,
BR6,74,2509805,front_to_back,15,100,34,98.37912874938267,46.528989066661524,0.07938373000001775,True,
BR6,74,2509805,front_to_back_infill,15,100,78,98.37912874938267,82.82523341936522,0.0825451719999819,True,
BR6,75,2509905,space_evenly,15,123,60,99.69278442200334,62.72773135719228,0.0017013450000149533,True,
BR6,75,2509905,space_evenly_infill,15,123,94,99.69278442200334,83.26035357043392,0.32597937500003127,True,
BR6,75,2509905,front_to_back,15,123,50,99.69278442200334,62.41993085987792,0.08833190999996532,True,
BR6,75,2509905,front_to_back_infill,15,123,103,99.69278442200334,86.9870606541392,0.1679529680000087,True,
BR6,76,2510005,space_evenly,15,122,70,99.9903023035851,77.32374486616979,0.3025872750000076,True,
BR6,76,2510005,space_evenly_infill,15,122,95,99.9903023035851,85.3041746622257,0.21132128800002192,True,
BR6,76,2510005,front_to_back,15,122,34,99.9903023035851,49.60492023495146,0.0523195419999638,True,
BR6,76,2510005,front_to_back_infill,15,122,91,99.9903023035851,82.81890897924268,0.0850740839999844,True,
BR6,77,2510105,space_evenly,15,158,105,99.73952479293524,71.35867784305684,0.017321223000010377,True,
BR6,77,2510105,space_evenly_infill,15,158,120,99.73952479293524,77.16063213825898,0.41751552099998435,True,
BR6,77,2510105,front_to_back,15,158,65,99.73952479293524,55.41627644350444,0.08780049699998926,True,
BR6,77,2510105,front_to_back_infill,15,158,124,99.73952479293524,78.81255064038695,0.14237203999999792,True,
BR6,78,2510205,space_evenly,15,155,89,99.72980050927862,70.79943847745501,0.005412121000006209,True,
BR6,78,2510205,space_evenly_infill,15,155,121,99.72980050927862,79.54455390264151,0.05148492600000054,True,
BR6,78,2510205,front_to_back,15,155,72,99.72980050927862,57.18722935018787,0.09584993099997519,True,
BR6,78,2510205,front_to_back_infill,15,155,120,99.72980050927862,78.01596032120047,0.15342248000001746,True,
BR6,79,2510305,space_evenly,15,168,121,99.87537230446911,78.72381904457417,0.7681236579999791,True,
BR6,79,2510305,space_evenly_infill,15,168,137,99.87537230446911,84.06796762471576,1.190186686000004,True,
BR6,79,2510305,front_to_back,15,168,76,99.87537230446911,68.23747192553445,0.05875252199996339,True,
BR6,79,2510305,front_to_back_infill,15,168,136,99.87537230446911,88.92297742543774,0.09373166299997138,True,
BR6,80,2510405,space_evenly,15,158,102,99.28415181049147,73.37579869735809,0.004175997999993797,True,
BR6,80,2510405,space_evenly_infill,15,158,123,99.28415181049147,81.62881418907915,0.11229035200000226,True,
BR6,80,2510405,front_to_back,15,158,80,99.28415181049147,63.572029158227984,0.093772657000045,True,
BR6,80,2510405,front_to_back_infill,15,158,125,99.28415181049147,82.5642065270349,0.15785322200002838,True,
BR6,81,2510505,space_evenly,15,94,59,99.42185378213483,73.03709385495729,0.4392781139999897,True,
BR6,81,2510505,space_evenly_infill,15,94,67,99.42185378213483,78.38260503123668,0.35640591099996755,True,
BR6,81,2510505,front_to_back,15,94,47,99.42185378213483,67.37153875655459,0.043134317999999894,True,
BR6,81,2510505,front_to_back_infill,15,94,73,99.42185378213483,82.02998243248004,0.059668916000021,True,
BR6,82,2510605,space_evenly,15,139,94,98.56007486967266,78.19305793825247,0.42947121299999935,True,
BR6,82,2510605,space_evenly_infill,15,139,112,98.56007486967266,82.87914569874927,0.18842142799996964,True,
BR6,82,2510605,front_to_back,15,139,60,98.56007486967266,66.8218874149956,0.13411387400003605,True,
BR6,82,2510605,front_to_back_infill,15,139,114,98.56007486967266,82.02813129577575,0.17002724900004296,True,
BR6,83,2510705,space_evenly,15,129,92,99.17493806834383,76.17384001526108,0.305165608999971,True,
BR6,83,2510705,space_evenly_infill,15,129,102,99.17493806834383,79.90808458199206,0.5572704690000023,True,
BR6,83,2510705,front_to_back,15,129,55,99.17493806834383,52.04938447212029,0.14364063300001817,True,
BR6,83,2510705,front_to_back_infill,15,129,102,99.17493806834383,74.61223504982782,0.1451430629999777,True,
BR6,84,2510805,space_evenly,15,137,82,99.68442605788974,77.10064799754866,0.20229487700004256,True,
BR6,84,2510805,space_evenly_infill,15,137,98,99.68442605788974,83.15309731395743,0.05492264800000157,True,
BR6,84,2510805,front_to_back,15,137,67,99.68442605788974,77.01789520771615,0.04240857199999937,True,
BR6,84,2510805,front_to_back_infill,15,137,103,99.68442605788974,86.68441808171721,0.06313698200000317,True,
BR6,85,2510905,space_evenly,15,128,96,99.11382729326591,82.06825476692627,1.538128597000025,True,
BR6,85,2510905,space_evenly_infill,15,128,105,99.11382729326591,83.67337972363892,0.5120452040000032,True,
BR6,85,2510905,front_to_back,15,128,47,99.11382729326591,53.805531608574654,0.06959622800002307,True,
BR6,85,2510905,front_to_back_infill,15,128,94,99.11382729326591,83.46156913912506,0.12136281499999768,True,
BR6,86,2511005,space_evenly,15,138,91,99.8834880600021,79.46473235620789,3.6816744619999895,True,
BR6,86,2511005,space_evenly_infill,15,138,105,99.8834880600021,84.2369295458035,3.113255167000034,True,
BR6,86,2511005,front_to_back,15,138,47,99.8834880600021,56.97982227758277,0.11249112699999841,True,
BR6,86,2511005,front_to_back_infill,15,138,110,99.8834880600021,85.55981099129866,0.5794202629999745,True,
BR6,87,2511105,space_evenly,15,108,68,99.35125800857571,73.17304771545803,0.32164046200000485,True,
BR6,87,2511105,space_evenly_infill,15,108,83,99.35125800857571,84.49300788776993,1.0298735269999497,True,
BR6,87,2511105,front_to_back,15,108,49,99.35125800857571,64.05821675381743,0.0565536560000055,True,
BR6,87,2511105,front_to_back_infill,15,108,90,99.35125800857571,84.6318099065392,0.08261317300002702,True,
BR6,88,2511205,space_evenly,15,171,121,99.80222415570552,73.50654478188824,0.019427203000077498,True,
BR6,88,2511205,space_evenly_infill,15,171,128,99.80222415570552,81.6854250734971,0.3125903910000716,True,
BR6,88,2511205,front_to_back,15,171,64,99.80222415570552,51.574137526495846,0.0817497650000405,True,
BR6,88,2511205,front_to_back_infill,15,171,127,99.80222415570552,81.5666399243327,0.16084755099996073,True,
BR6,89,2511305,space_evenly,15,100,58,98.73678032490939,67.38833524650694,0.19233442200004447,True,
BR6,89,2511305,space_evenly_infill,15,100,83,98.73678032490939,80.66957974211705,0.5396059309999828,True,
BR6,89,2511305,front_to_back,15,100,34,98.73678032490939,52.232969376150315,0.061058712000090054,True,
BR6,89,2511305,front_to_back_infill,15,100,81,98.73678032490939,82.89806252122825,0.10576826199996958,True,
BR6,90,2511405,space_evenly,15,85,46,99.73597539616652,75.99711129618785,0.0012161280000100305,True,
BR6,90,2511405,space_evenly_infill,15,85,64,99.73597539616652,86.38347044595446,0.01754353799992714,True,
BR6,90,2511405,front_to_back,15,85,39,99.73597539616652,67.97937295319781,0.021701667999991514,True,
BR6,90,2511405,front_to_back_infill,15,85,62,99.73597539616652,79.80382936042396,0.03861886700008199,True,
BR6,91,2511505,space_evenly,15,123,74,99.7701998230619,73.58207913559559,0.1093399110000064,True,
BR6,91,2511505,space_evenly_infill,15,123,107,99.7701998230619,85.42423599899234,0.04969816899995294,True,
BR6,91,2511505,front_to_back,15,123,38,99.7701998230619,52.39681325320825,0.07272641500003374,True,
BR6,91,2511505,front_to_back_infill,15,123,97,99.7701998230619,78.71423434393655,0.07634432999998353,True,
BR6,92,2511605,space_evenly,15,114,70,99.82358368101691,73.55380360403355,0.019567360000110057,True,
BR6,92,2511605,space_evenly_infill,15,114,96,99.82358368101691,82.09676958366373,0.037302062999970076,True,
BR6,92,2511605,front_to_back,15,114,38,99.82358368101691,56.15550811209979,0.08267386399995758,True,
BR6,92,2511605,front_to_back_infill,15,114,93,99.82358368101691,84.45242911010509,0.11883921799994823,True,
BR6,93,2511705,space_evenly,15,86,50,99.14159434383019,68.33712423088095,0.08471170300003905,True,
BR6,93,2511705,space_evenly_infill,15,86,66,99.14159434383019,76.9551127598155,0.16378263399997195,True,
BR6,93,2511705,front_to_back,15,86,28,99.14159434383019,47.62909933724653,0.029743992000021535,True,
BR6,93,2511705,front_to_back_infill,15,86,65,99.14159434383019,76.81571585151292,0.049175161999983175,True,
BR6,94,2511805,space_evenly,15,138,92,98.98306126830448,79.9809867987698,1.1227086750000126,True,
BR6,94,2511805,space_evenly_infill,15,138,103,98.98306126830448,85.17682509782443,2.4906226980000383,True,
BR6,94,2511805,front_to_back,15,138,50,98.98306126830448,65.88512251068641,0.14361164399997506,True,
BR6,94,2511805,front_to_back_infill,15,138,106,98.98306126830448,85.22134543407329,0.17601947799994377,True,
BR6,95,2511905,space_evenly,15,155,97,99.9404445785623,72.1273515584444,0.5282109639999817,True,
BR6,95,2511905,space_evenly_infill,15,155,111,99.9404445785623,79.36793817934557,1.0024660650000214,True,
BR6,95,2511905,front_to_back,15,155,59,99.9404445785623,59.66282724740292,0.04257309699994494,True,
BR6,95,2511905,front_to_back_infill,15,155,113,99.9404445785623,81.95875853533543,0.09861346000002413,True,
BR6,96,2512005,space_evenly,15,131,74,99.9540373058882,72.2412313615127,0.007849043000078382,True,
BR6,96,2512005,space_evenly_infill,15,131,115,99.9540373058882,86.03549662641137,0.030549470999972073,True,
BR6,96,2512005,front_to_back,15,131,55,99.9540373058882,58.020028169182595,0.09067029100003765,True,
BR6,96,2512005,front_to_back_infill,15,131,113,99.9540373058882,86.47467797865177,0.14183875799994894,True,
BR6,97,2512105,space_evenly,15,141,79,99.04496301382338,70.67864599154127,0.007519209999941268,True,
BR6,97,2512105,space_evenly_infill,15,141,112,99.04496301382338,83.2393828835326,0.25532666099991275,True,
BR6,97,2512105,front_to_back,15,141,71,99.04496301382338,63.92579234965413,0.1355116160000307,True,
BR6,97,2512105,front_to_back_infill,15,141,114,99.04496301382338,85.27861767612885,0.09385949500006063,True,
BR6,98,2512205,space_evenly,15,147,89,99.70600160454003,75.76055131304416,0.006508794000069429,True,
BR6,98,2512205,space_evenly_infill,15,147,118,99.70600160454003,84.14055744140339,0.030445632000009937,True,
BR6,98,2512205,front_to_back,15,147,48,99.70600160454003,48.82889514723018,0.1248187799999414,True,
BR6,98,2512205,front_to_back_infill,15,147,117,99.70600160454003,85.63065602024885,0.14277876100004505,True,
BR6,99,2512305,space_evenly,15,120,70,99.56795399875439,73.94341969091002,0.8822658889999957,True,
BR6,99,2512305,space_evenly_infill,15,120,87,99.56795399875439,81.40737237625467,0.46843668399992566,True,
BR6,99,2512305,front_to_back,15,120,41,99.56795399875439,57.765146253093256,0.03415554000002885,True,
BR6,99,2512305,front_to_back_infill,15,120,96,99.56795399875439,84.66960034722938,0.09650185599991801,True,
BR6,100,2512405,space_evenly,15,139,78,99.26627521384451,71.72684467268114,0.51297805899992,True,
BR6,100,2512405,space_evenly_infill,15,139,115,99.26627521384451,85.06571701470475,1.000412912999991,True,
BR6,100,2512405,front_to_back,15,139,56,99.26627521384451,60.11287613469363,0.030878145999963635,True,
BR6,100,2512405,front_to_back_infill,15,139,106,99.26627521384451,82.24561160958497,0.11362779300009151,True,
BR7,1,2502505,space_evenly,20,110,60,97.87815200059023,70.79701903845911,0.07510889399998177,True,
BR7,1,2502505,space_evenly_infill,20,110,95,97.87815200059023,86.25756656282134,0.09607822700002089,True,
BR7,1,2502505,front_to_back,20,110,49,97.87815200059023,64.77440393065781,0.030426268999917738,True,
BR7,1,2502505,front_to_back_infill,20,110,86,97.87815200059023,74.84478035947281,0.09481919100005598,True,
BR7,2,2502605,space_evenly,20,129,84,98.49811662626514,75.36105474246601,1.9225983000000042,True,
BR7,2,2502605,space_evenly_infill,20,129,103,98.49811662626514,83.7227422612848,1.5651576750000231,True,
BR7,2,2502605,front_to_back,20,129,52,98.49811662626514,53.46620861280402,0.07834146599998348,True,
BR7,2,2502605,front_to_back_infill,20,129,109,98.49811662626514,78.33024810549286,0.16192784800000481,True,
BR7,3,2502705,space_evenly,20,126,80,99.81191520531,72.21931350412534,0.2067712749999373,True,
BR7,3,2502705,space_evenly_infill,20,126,95,99.81191520531,80.41678492450221,1.3128783260000318,True,
BR7,3,2502705,front_to_back,20,126,53,99.81191520531,56.09768750818389,0.08714570600000116,True,
BR7,3,2502705,front_to_back_infill,20,126,101,99.81191520531,79.48918597177365,0.10863147100008064,True,
BR7,4,2502805,space_evenly,20,153,86,99.99705213957505,73.46588624249824,0.6367932379999957,True,
BR7,4,2502805,space_evenly_infill,20,153,122,99.99705213957505,82.25100217284233,0.6717333650000228,True,
BR7,4,2502805,front_to_back,20,153,47,99.99705213957505,55.82076476871426,0.062494773999901554,True,
BR7,4,2502805,front_to_back_infill,20,153,104,99.99705213957505,76.65111091466093,0.11173391199997695,True,
BR7,5,2502905,space_evenly,20,126,82,99.62724022436973,74.47789968766638,3.3776204550000557,True,
BR7,5,2502905,space_evenly_infill,20,126,93,99.62724022436973,79.11919459268678,1.2051030740000215,True,
BR7,5,2502905,front_to_back,20,126,42,99.62724022436973,47.20684741116704,0.041457229999991796,True,
BR7,5,2502905,front_to_back_infill,20,126,97,99.62724022436973,73.37734740418789,0.10936292400003822,True,
BR7,6,2503005,space_evenly,20,156,109,99.6790188776063,72.41252631306078,3.673625914000013,True,
BR7,6,2503005,space_evenly_infill,20,156,126,99.6790188776063,81.87338357878896,1.9454681469999286,True,
BR7,6,2503005,front_to_back,20,156,57,99.6790188776063,52.63267532125697,0.10647968900002525,True,
BR7,6,2503005,front_to_back_infill,20,156,124,99.6790188776063,79.44749052995684,0.1739889000000403,True,
BR7,7,2503105,space_evenly,20,109,46,99.72409754593112,59.75259906904773,0.005318357000078322,True,
BR7,7,2503105,space_evenly_infill,20,109,85,99.72409754593112,83.13220306537603,0.9225246409999954,True,
BR7,7,2503105,front_to_back,20,109,32,99.72409754593112,46.39522533019692,0.032508161999999174,True,
BR7,7,2503105,front_to_back_infill,20,109,85,99.72409754593112,85.10663477970144,0.0949581270000408,True,
BR7,8,2503205,space_evenly,20,119,58,99.86721334466836,64.32291268550416,0.0803078030000961,True,
BR7,8,2503205,space_evenly_infill,20,119,93,99.86721334466836,82.92793328729309,0.139495717999921,True,
BR7,8,2503205,front_to_back,20,119,36,99.86721334466836,51.001235642058624,0.03692823899996256,True,
BR7,8,2503205,front_to_back_infill,20,119,93,99.86721334466836,82.82526997682257,0.09951578900006552,True,
BR7,9,2503305,space_evenly,20,129,85,99.34944342932879,75.35672766887717,2.880956711000067,True,
BR7,9,2503305,space_evenly_infill,20,129,93,99.34944342932879,79.31508274281961,2.970603710999967,True,
BR7,9,2503305,front_to_back,20,129,50,99.34944342932879,54.26422134942216,0.09796499200001563,True,
BR7,9,2503305,front_to_back_infill,20,129,96,99.34944342932879,81.85933886835393,0.18197123300001294,True,
BR7,10,2503405,space_evenly,20,135,77,99.85826341442663,71.67708997322,1.157256154000038,True,
BR7,10,2503405,space_evenly_infill,20,135,103,99.85826341442663,81.72685464289678,1.4244638430000123,True,
BR7,10,2503405,front_to_back,20,135,45,99.85826341442663,54.460534895422406,0.036086238999928355,True,
BR7,10,2503405,front_to_back_infill,20,135,103,99.85826341442663,82.60635395196084,0.07502445100010391,True,
BR7,11,2503505,space_evenly,20,143,79,99.70441301684767,72.45881137747834,3.327041061999921,True,
BR7,11,2503505,space_evenly_infill,20,143,101,99.70441301684767,80.85872470307037,6.482432427000049,True,
BR7,11,2503505,front_to_back,20,143,61,99.70441301684767,57.69893737441683,0.06584175000000414,True,
BR7,11,2503505,front_to_back_infill,20,143,115,99.70441301684767,81.60125983644858,0.12453403299991805,True,
BR7,12,2503605,space_evenly,20,146,86,99.92559228066024,73.76683720166622,0.16926327999999558,True,
BR7,12,2503605,space_evenly_infill,20,146,121,99.92559228066024,86.4911188642462,0.14109226400000807,True,
BR7,12,2503605,front_to_back,20,146,53,99.92559228066024,59.75882048360863,0.06928528699995695,True,
BR7,12,2503605,front_to_back_infill,20,146,112,99.92559228066024,84.02631538716673,0.17577576400003636,True,
BR7,13,2503705,space_evenly,20,172,106,98.99689992761624,71.90582666048957,2.4237152910000077,True,
BR7,13,2503705,space_evenly_infill,20,172,133,98.99689992761624,79.27660435725011,1.5181482809999807,True,
BR7,13,2503705,front_to_back,20,172,62,98.99689992761624,57.283647982260995,0.15040386800001215,True,
BR7,13,2503705,front_to_back_infill,20,172,129,98.99689992761624,80.11515931407575,0.22159707399998751,True,
BR7,14,2503805,space_evenly,20,119,57,99.75157213683656,69.15745695691737,0.255726621000008,True,
BR7,14,2503805,space_evenly_infill,20,119,95,99.75157213683656,87.96892749060972,0.21970185200007109,True,
BR7,14,2503805,front_to_back,20,119,46,99.75157213683656,60.50684588240064,0.07992655800001103,True,
BR7,14,2503805,front_to_back_infill,20,119,98,99.75157213683656,88.18112026672321,0.15896224900006928,True,
BR7,15,2503905,space_evenly,20,117,65,99.97724796790388,63.76782425301483,0.3046830129999307,True,
BR7,15,2503905,space_evenly_infill,20,117,91,99.97724796790388,80.10799072902881,0.17313360200000716,True,
BR7,15,2503905,front_to_back,20,117,39,99.97724796790388,46.82885659572969,0.046206013000073654,True,
BR7,15,2503905,front_to_back_infill,20,117,93,99.97724796790388,80.12505973820872,0.12428969100005816,True,
BR7,16,2504005,space_evenly,20,118,63,99.83276957302884,69.2866011601343,0.5112466829999676,True,
BR7,16,2504005,space_evenly_infill,20,118,95,99.83276957302884,84.35901151294034,1.3019173479999608,True,
BR7,16,2504005,front_to_back,20,118,45,99.83276957302884,54.62353462755595,0.05603499300002568,True,
BR7,16,2504005,front_to_back_infill,20,118,90,99.83276957302884,79.46829172319225,0.16277358100001038,True,
BR7,17,2504105,space_evenly,20,125,62,98.6111655780299,56.27501111679044,0.045963570999902004,True,
BR7,17,2504105,space_evenly_infill,20,125,91,98.6111655780299,79.64742326423531,2.3639711299999817,True,
BR7,17,2504105,front_to_back,20,125,41,98.6111655780299,49.74725835686858,0.03509202199995798,True,
BR7,17,2504105,front_to_back_infill,20,125,101,98.6111655780299,79.87298942293056,0.08624491600005513,True,
BR7,18,2504205,space_evenly,20,103,51,99.75025939177696,74.0400643145377,2.4579071539999404,True,
BR7,18,2504205,space_evenly_infill,20,103,79,99.75025939177696,80.91066620316242,1.3026769680000143,True,
BR7,18,2504205,front_to_back,20,103,32,99.75025939177696,59.47912934759562,0.03770784900007129,True,
BR7,18,2504205,front_to_back_infill,20,103,78,99.75025939177696,83.44419105326023,0.05814923799994176,True,
BR7,19,2504305,space_evenly,20,135,80,98.69336668259686,67.84998614140025,0.05079411999997774,True,
BR7,19,2504305,space_evenly_infill,20,135,99,98.69336668259686,80.03874093458143,0.13176246000000447,True,
BR7,19,2504305,front_to_back,20,135,45,98.69336668259686,50.9930833290683,0.0383322779999844,True,
BR7,19,2504305,front_to_back_infill,20,135,104,98.69336668259686,79.87883861610749,0.10835410100003173,True,
BR7,20,2504405,space_evenly,20,130,93,99.62069976290827,72.54029462651904,5.139242112000034,True,
BR7,20,2504405,space_evenly_infill,20,130,97,99.62069976290827,74.2835735379842,3.044529109999985,True,
BR7,20,2504405,front_to_back,20,130,55,99.62069976290827,56.13406217825283,0.11563187499996275,True,
BR7,20,2504405,front_to_back_infill,20,130,102,99.62069976290827,74.92644307239506,0.17020299499995417,True,
BR7,21,2504505,space_evenly,20,133,71,98.6979795690341,68.39209999993354,0.11776347199997872,True,
BR7,21,2504505,space_evenly_infill,20,133,95,98.6979795690341,82.1306849338742,0.6620557170000438,True,
BR7,21,2504505,front_to_back,20,133,43,98.6979795690341,56.0751780846684,0.09174942899994676,True,
BR7,21,2504505,front_to_back_infill,20,133,87,98.6979795690341,75.48463888875965,0.12091578299998673,True,
BR7,22,2504605,space_evenly,20,130,95,99.65909173994221,76.01993311979346,4.2150765179999325,True,
BR7,22,2504605,space_evenly_infill,20,130,109,99.65909173994221,78.87201632988386,1.839262649000034,True,
BR7,22,2504605,front_to_back,20,130,38,99.65909173994221,53.13685250927064,0.07451053199997659,True,
BR7,22,2504605,front_to_back_infill,20,130,101,99.65909173994221,84.67654626412697,0.1253400570000167,True,
BR7,23,2504705,space_evenly,20,157,82,99.36056354317536,67.20083204772942,0.43235815100001673,True,
BR7,23,2504705,space_evenly_infill,20,157,131,99.36056354317536,81.92425826580728,0.6455087920001006,True,
BR7,23,2504705,front_to_back,20,157,43,99.36056354317536,53.760409735982044,0.045936609000023054,True,
BR7,23,2504705,front_to_back_infill,20,157,126,99.36056354317536,84.38630663996422,0.10900842199998806,True,
BR7,24,2504805,space_evenly,20,105,59,99.55871493225904,71.50649626017211,2.722337185000015,True,
BR7,24,2504805,space_evenly_infill,20,105,72,99.55871493225904,77.1622107557357,2.006246803999943,True,
BR7,24,2504805,front_to_back,20,105,43,99.55871493225904,58.02694749883847,0.045212465999952656,True,
BR7,24,2504805,front_to_back_infill,20,105,82,99.55871493225904,86.05570293011344,0.14074931200002538,True,
BR7,25,2504905,space_evenly,20,130,73,99.21137255970663,67.28918809875299,1.6825315050000427,True,
BR7,25,2504905,space_evenly_infill,20,130,99,99.21137255970663,80.72158106350297,1.0752232020000747,True,
BR7,25,2504905,front_to_back,20,130,52,99.21137255970663,51.16305556534114,0.06306885100002546,True,
BR7,25,2504905,front_to_back_infill,20,130,98,99.21137255970663,79.95675252794818,0.08001712500004032,True,
BR7,26,2505005,space_evenly,20,151,90,99.90324238059503,69.15282413004883,5.117611070000066,True,
BR7,26,2505005,space_evenly_infill,20,151,114,99.90324238059503,82.34157161173853,2.8244949480000514,True,
BR7,26,2505005,front_to_back,20,151,80,99.90324238059503,66.26338584535132,0.15380621600002087,True,
BR7,26,2505005,front_to_back_infill,20,151,113,99.90324238059503,81.05618814727471,0.13618154000005234,True,
BR7,27,2505105,space_evenly,20,121,54,99.58883827712015,66.34133631464937,0.006615642000042499,True,
BR7,27,2505105,space_evenly_infill,20,121,98,99.58883827712015,83.10266796323782,0.15133257700006197,True,
BR7,27,2505105,front_to_back,20,121,41,99.58883827712015,60.62018729382425,0.07981704299993453,True,
BR7,27,2505105,front_to_back_infill,20,121,91,99.58883827712015,81.90157270181544,0.1024155839999139,True,
BR7,28,2505205,space_evenly,20,144,93,98.95356604702884,69.59441162766429,5.9471278299999994,True,
BR7,28,2505205,space_evenly_infill,20,144,113,98.95356604702884,78.49852208170127,1.6989525299999286,True,
BR7,28,2505205,front_to_back,20,144,58,98.95356604702884,58.79379666476346,0.16608678899990537,True,
BR7,28,2505205,front_to_back_infill,20,144,121,98.95356604702884,85.21914866322672,0.27133187700007966,True,
BR7,29,2505305,space_evenly,20,117,62,99.6091575765995,69.18573581188463,0.34952272099997117,True,
BR7,29,2505305,space_evenly_infill,20,117,98,99.6091575765995,87.3171711706562,0.3993588250000357,True,
BR7,29,2505305,front_to_back,20,117,52,99.6091575765995,66.81541342163843,0.050683671000001596,True,
BR7,29,2505305,front_to_back_infill,20,117,91,99.6091575765995,84.68372814279476,0.11507817899996553,True,
BR7,30,2505405,space_evenly,20,143,73,99.75485566118815,67.13611537799414,0.005240392999894539,True,
BR7,30,2505405,space_evenly_infill,20,143,111,99.75485566118815,83.52587038320856,0.048562969000045086,True,
BR7,30,2505405,front_to_back,20,143,42,99.75485566118815,47.02728382744614,0.041379153999969276,True,
BR7,30,2505405,front_to_back_infill,20,143,117,99.75485566118815,84.33082571331907,0.08392411099998753,True,
BR7,31,2505505,space_evenly,20,161,87,99.77734846767756,62.28208930521555,0.8092205039999953,True,
BR7,31,2505505,space_evenly_infill,20,161,121,99.77734846767756,76.24730721092523,1.132841231000043,True,
BR7,31,2505505,front_to_back,20,161,76,99.77734846767756,56.638375625880286,0.10416973300004884,True,
BR7,31,2505505,front_to_back_infill,20,161,99,99.77734846767756,67.00868937527294,0.10518189300000813,True,
BR7,32,2505605,space_evenly,20,149,93,99.56541824057598,78.58490403002763,2.778236918999937,True,
BR7,32,2505605,space_evenly_infill,20,149,111,99.56541824057598,83.03314897296809,1.8608278310000514,True,
BR7,32,2505605,front_to_back,20,149,63,99.56541824057598,61.12601289082414,0.05443465099995137,True,
BR7,32,2505605,front_to_back_infill,20,149,104,99.56541824057598,79.65384408310906,0.10943998199991256,True,
BR7,33,2505705,space_evenly,20,142,89,99.58842949827881,73.28018100594159,3.3406531360000145,True,
BR7,33,2505705,space_evenly_infill,20,142,111,99.58842949827881,83.67031222062624,1.3826538480000181,True,
BR7,33,2505705,front_to_back,20,142,62,99.58842949827881,60.39086236383178,0.10774660200002018,True,
BR7,33,2505705,front_to_back_infill,20,142,110,99.58842949827881,80.07787070757291,0.17513058600002296,True,
BR7,34,2505805,space_evenly,20,106,59,99.06858910149082,73.14753061022373,0.3068695409999691,True,
BR7,34,2505805,space_evenly_infill,20,106,79,99.06858910149082,81.41244056920625,0.18229405800002496,True,
BR7,34,2505805,front_to_back,20,106,27,99.06858910149082,41.78195670134751,0.05975355199996102,True,
BR7,34,2505805,front_to_back_infill,20,106,83,99.06858910149082,73.40604500821213,0.11645714500002669,True,
BR7,35,2505905,space_evenly,20,162,86,99.94423990731687,69.71898282530654,0.08805595799992716,True,
BR7,35,2505905,space_evenly_infill,20,162,124,99.94423990731687,82.42369295458035,0.42367349100004503,True,
BR7,35,2505905,front_to_back,20,162,64,99.94423990731687,52.37597550251549,0.1279929809999203,True,
BR7,35,2505905,front_to_back_infill,20,162,137,99.94423990731687,82.99953272922689,0.13785699599998225,True,
BR7,36,2506005,space_evenly,20,133,65,98.83778193277283,68.8525411753289,0.29260226100007003,True,
BR7,36,2506005,space_evenly_infill,20,133,99,98.83778193277283,82.67322751168011,0.4525425049999967,True,
BR7,36,2506005,front_to_back,20,133,48,98.83778193277283,60.61139356362759,0.106034343000033,True,
BR7,36,2506005,front_to_back_infill,20,133,105,98.83778193277283,82.3755567534585,0.14966397000000597,True,
BR7,37,2506105,space_evenly,20,99,62,99.09335511714671,70.74076375839907,0.28311280500008706,True,
BR7,37,2506105,space_evenly_infill,20,99,73,99.09335511714671,78.98243979152944,0.6003276520000327,True,
BR7,37,2506105,front_to_back,20,99,28,99.09335511714671,45.614803377377314,0.03529029799994987,True,
BR7,37,2506105,front_to_back_infill,20,99,74,99.09335511714671,76.40813675945392,0.08693854099999498,True,
BR7,38,2506205,space_evenly,20,120,72,99.64839037515263,72.95385584796351,0.018781076999971447,True,
BR7,38,2506205,space_evenly_infill,20,120,91,99.64839037515263,81.47032099441601,0.08856070000001637,True,
BR7,38,2506205,front_to_back,20,120,42,99.64839037515263,59.07750912108561,0.045864861000040946,True,
BR7,38,2506205,front_to_back_infill,20,120,98,99.64839037515263,83.49295205456234,0.12300257599997622,True,
BR7,39,2506305,space_evenly,20,167,93,99.26590631586573,72.0583576661985,5.5718244879999475,True,
BR7,39,2506305,space_evenly_infill,20,167,142,99.26590631586573,86.7385497058454,2.9463311869999416,True,
BR7,39,2506305,front_to_back,20,167,61,99.26590631586573,58.975048538333155,0.15199509199999284,True,
BR7,39,2506305,front_to_back_infill,20,167,128,99.26590631586573,78.8642794425453,0.1924962709999818,True,
BR7,40,2506405,space_evenly,20,119,72,99.77804638277253,66.50123863312332,2.2327041670000654,True,
BR7,40,2506405,space_evenly_infill,20,119,90,99.77804638277253,77.3207405078562,2.136048575000018,True,
BR7,40,2506405,front_to_back,20,119,48,99.77804638277253,57.455690699982256,0.09782208599995101,True,
BR7,40,2506405,front_to_back_infill,20,119,96,99.77804638277253,81.59233981685378,0.17756349900002988,True,
BR7,41,2506505,space_evenly,20,127,74,98.80373364635379,73.4620975605541,0.3237697780000417,True,
BR7,41,2506505,space_evenly_infill,20,127,92,98.80373364635379,80.44255128512756,0.9888526350000575,True,
BR7,41,2506505,front_to_back,20,127,51,98.80373364635379,65.54195765848822,0.07568096299996796,True,
BR7,41,2506505,front_to_back_infill,20,127,96,98.80373364635379,84.75821894726487,0.1320578279999154,True,
BR7,42,2506605,space_evenly,20,108,56,98.88202310298368,63.00752219536172,0.06851180199998907,True,
BR7,42,2506605,space_evenly_infill,20,108,81,98.88202310298368,80.81092084246993,0.24131155600002785,True,
BR7,42,2506605,front_to_back,20,108,45,98.88202310298368,54.05176934770196,0.06809216900001047,True,
BR7,42,2506605,front_to_back_infill,20,108,85,98.88202310298368,77.39593919763692,0.09548149200008993,True,
BR7,43,2506705,space_evenly,20,96,57,98.33497398770739,69.63629982698353,0.17241913099996964,True,
BR7,43,2506705,space_evenly_infill,20,96,75,98.33497398770739,77.18865841442997,0.09554108499992253,True,
BR7,43,2506705,front_to_back,20,96,40,98.33497398770739,60.02892027217359,0.07302696400006425,True,
BR7,43,2506705,front_to_back_infill,20,96,73,98.33497398770739,76.10765440042114,0.09726695400001972,True,
BR7,44,2506805,space_evenly,20,156,101,98.97529779372421,75.11588381641243,0.49538725299998987,True,
BR7,44,2506805,space_evenly_infill,20,156,134,98.97529779372421,85.61352386636986,0.26883265000003576,True,
BR7,44,2506805,front_to_back,20,156,63,98.97529779372421,57.07987339155496,0.08825076499999795,True,
BR7,44,2506805,front_to_back_infill,20,156,128,98.97529779372421,82.97791730171402,0.17315657100004955,True,
BR7,45,2506905,space_evenly,20,140,82,98.86210925894046,71.5987506655119,0.4593859980000161,True,
BR7,45,2506905,space_evenly_infill,20,140,104,98.86210925894046,81.16564782140819,0.6186665840000387,True,
BR7,45,2506905,front_to_back,20,140,39,98.86210925894046,47.069258435300945,0.017678505000048972,True,
BR7,45,2506905,front_to_back_infill,20,140,102,98.86210925894046,78.059653129551,0.08775307299993074,True,
BR7,46,2507005,space_evenly,20,116,80,98.9017475129297,75.14652561248697,0.6804426500000318,True,
BR7,46,2507005,space_evenly_infill,20,116,82,98.9017475129297,76.80802216844214,0.5598164649999262,True,
BR7,46,2507005,front_to_back,20,116,54,98.9017475129297,62.506093463460154,0.06594486500000585,True,
BR7,46,2507005,front_to_back_infill,20,116,83,98.9017475129297,75.78654034181888,0.12015610299999935,True,
BR7,47,2507105,space_evenly,20,150,76,99.28114745217786,64.0461660865109,0.010384879999946861,True,
BR7,47,2507105,space_evenly_infill,20,150,122,99.28114745217786,79.82919691242363,0.2391699319999816,True,
BR7,47,2507105,front_to_back,20,150,58,99.28114745217786,59.00924637798683,0.12845588599998337,True,
BR7,47,2507105,front_to_back_infill,20,150,125,99.28114745217786,85.71928791390519,0.16861157000005278,True,
BR7,48,2507205,space_evenly,20,113,60,98.69489212559016,61.36820604580583,0.0018918499999927008,True,
BR7,48,2507205,space_evenly_infill,20,113,93,98.69489212559016,81.00192026353274,0.02920116699999653,True,
BR7,48,2507205,front_to_back,20,113,45,98.69489212559016,52.05062077885995,0.05317658299998129,True,
BR7,48,2507205,front_to_back_infill,20,113,89,98.69489212559016,78.40497154832796,0.11707077099993057,True,
BR7,49,2507305,space_evenly,20,131,64,99.39365468889271,70.14666187210075,0.03274186600003759,True,
BR7,49,2507305,space_evenly_infill,20,131,107,99.39365468889271,82.184018940751,0.11604813999997532,True,
BR7,49,2507305,front_to_back,20,131,47,99.39365468889271,60.93705736396804,0.04700273200000993,True,
BR7,49,2507305,front_to_back_infill,20,131,101,99.39365468889271,79.02076530045909,0.10253971399993134,True,
BR7,50,2507405,space_evenly,20,149,87,99.4082976122663,65.16564183927879,0.27576640600000246,True,
BR7,50,2507405,space_evenly_infill,20,149,117,99.4082976122663,81.04485865889964,0.4800495969999474,True,
BR7,50,2507405,front_to_back,20,149,54,99.4082976122663,60.93675161068834,0.11269253300008586,True,
BR7,50,2507405,front_to_back_infill,20,149,96,99.4082976122663,78.4688573667597,0.1395464519999905,True,
BR7,51,2507505,space_evenly,20,166,107,99.8039789136586,74.15845065507641,2.0781644610000285,True,
BR7,51,2507505,space_evenly_infill,20,166,130,99.8039789136586,83.93153519386419,0.9580217449999964,True,
BR7,51,2507505,front_to_back,20,166,65,99.8039789136586,60.01663364309685,0.11079935999998725,True,
BR7,51,2507505,front_to_back_infill,20,166,130,99.8039789136586,81.70642234764016,0.17104689000007056,True,
BR7,52,2507605,space_evenly,20,138,75,99.70835457543166,69.16811844084438,1.1301436020000892,True,
BR7,52,2507605,space_evenly_infill,20,138,93,99.70835457543166,77.21860894221994,0.9680589499999996,True,
BR7,52,2507605,front_to_back,20,138,49,99.70835457543166,56.540036065593384,0.03910075700002835,True,
BR7,52,2507605,front_to_back_infill,20,138,97,99.70835457543166,76.34173844668028,0.10748653099994954,True,
BR7,53,2507705,space_evenly,20,122,56,99.77928601291741,69.10392354572772,0.25972946499996397,True,
BR7,53,2507705,space_evenly_infill,20,122,82,99.77928601291741,80.48254514347472,1.3027325680000104,True,
BR7,53,2507705,front_to_back,20,122,37,99.77928601291741,56.31014283330929,0.04619451400003527,True,
BR7,53,2507705,front_to_back_infill,20,122,92,99.77928601291741,84.54898400179198,0.08787973100004365,True,
BR7,54,2507805,space_evenly,20,143,78,98.34986948987724,67.92036589362046,0.09408647500004008,True,
BR7,54,2507805,space_evenly_infill,20,143,121,98.34986948987724,86.57099026175804,0.15230740899994544,True,
BR7,54,2507805,front_to_back,20,143,61,98.34986948987724,61.23040104860081,0.07797065599993402,True,
BR7,54,2507805,front_to_back_infill,20,143,112,98.34986948987724,78.29294620536916,0.09871067999995375,True,
BR7,55,2507905,space_evenly,20,142,78,99.36444195706028,67.13673353136397,1.035694995999961,True,
BR7,55,2507905,space_evenly_infill,20,142,99,99.36444195706028,78.28460445828162,1.8170357550000062,True,
BR7,55,2507905,front_to_back,20,142,42,99.36444195706028,46.49565198895832,0.04763517000003503,True,
BR7,55,2507905,front_to_back_infill,20,142,103,99.36444195706028,81.26110266596919,0.10609788300007494,True,
BR7,56,2508005,space_evenly,20,162,107,99.40424305790502,72.19413206281767,0.6984776439999223,True,
BR7,56,2508005,space_evenly_infill,20,162,126,99.40424305790502,80.08835937442879,0.4184205059999613,True,
BR7,56,2508005,front_to_back,20,162,60,99.40424305790502,59.719119084920315,0.11651813900004981,True,
BR7,56,2508005,front_to_back_infill,20,162,132,99.40424305790502,81.85724844647423,0.15304659499997797,True,
BR7,57,2508105,space_evenly,20,127,59,99.55109104069776,68.69307754634322,1.0906218289999288,True,
BR7,57,2508105,space_evenly_infill,20,127,97,99.55109104069776,83.16800943315336,2.4976480619999393,True,
BR7,57,2508105,front_to_back,20,127,46,99.55109104069776,64.01445415395742,0.07932502699998167,True,
BR7,57,2508105,front_to_back_infill,20,127,102,99.55109104069776,84.2444670288292,0.11869215199999417,True,
BR7,58,2508205,space_evenly,20,116,69,98.36909206563593,68.51299551140892,2.0116427560000147,True,
BR7,58,2508205,space_evenly_infill,20,116,87,98.36909206563593,83.9031533133353,3.423700407999945,True,
BR7,58,2508205,front_to_back,20,116,36,98.36909206563593,58.75433122784535,0.06101805200000854,True,
BR7,58,2508205,front_to_back_infill,20,116,96,98.36909206563593,85.9693741562705,0.12150964200009184,True,
BR7,59,2508305,space_evenly,20,129,63,98.9786278457488,70.33550107977436,0.9652428289999762,True,
BR7,59,2508305,space_evenly_infill,20,129,90,98.9786278457488,81.92537492995923,1.222410550999939,True,
BR7,59,2508305,front_to_back,20,129,36,98.9786278457488,55.27028257585174,0.15867777300002217,True,
BR7,59,2508305,front_to_back_infill,20,129,95,98.9786278457488,82.76398970807874,0.29555479400005424,True,
BR7,60,2508405,space_evenly,20,126,87,99.89441873975144,76.06708226956671,0.8541777350000075,True,
BR7,60,2508405,space_evenly_infill,20,126,93,99.89441873975144,78.6544761947808,1.2541981460000216,True,
BR7,60,2508405,front_to_back,20,126,53,99.89441873975144,46.246449772379975,0.0523883119999482,True,
BR7,60,2508405,front_to_back_infill,20,126,102,99.89441873975144,80.59835252156724,0.11541676100000586,True,
BR7,61,2508505,space_evenly,20,100,65,97.96151297357693,66.73239475938878,0.06400846399992588,True,
BR7,61,2508505,space_evenly_infill,20,100,78,97.96151297357693,79.22447009965563,0.18910326700006408,True,
BR7,61,2508505,front_to_back,20,100,30,97.96151297357693,45.87504262267187,0.03677689999994982,True,
BR7,61,2508505,front_to_back_infill,20,100,77,97.96151297357693,79.79876116747236,0.08887045000005855,True,
BR7,62,2508605,space_evenly,20,126,67,99.53859171368731,65.76064104498495,0.3485016930000029,True,
BR7,62,2508605,space_evenly_infill,20,126,99,99.53859171368731,81.1960071280395,0.5119980419999592,True,
BR7,62,2508605,front_to_back,20,126,52,99.53859171368731,58.83412286363205,0.0477216330000374,True,
BR7,62,2508605,front_to_back_infill,20,126,100,99.53859171368731,82.76735964096589,0.09741857500000606,True,
BR7,63,2508705,space_evenly,20,107,62,98.81216844878732,67.37539390660301,0.004325566000034087,True,
BR7,63,2508705,space_evenly_infill,20,107,81,98.81216844878732,83.33252463806456,0.24654831199995897,True,
BR7,63,2508705,front_to_back,20,107,47,98.81216844878732,60.83197461450161,0.047346067000034964,True,
BR7,63,2508705,front_to_back_infill,20,107,85,98.81216844878732,79.04781781890233,0.11061054599997533,True,
BR7,64,2508805,space_evenly,20,108,66,99.36148080301446,73.82932718990801,0.33019482000008793,True,
BR7,64,2508805,space_evenly_infill,20,108,79,99.36148080301446,79.46145547866674,0.16088725599990994,True,
BR7,64,2508805,front_to_back,20,108,47,99.36148080301446,62.99305873586971,0.08634602400002223,True,
BR7,64,2508805,front_to_back_infill,20,108,76,99.36148080301446,76.4769378941974,0.08423406899999009,True,
BR7,65,2508905,space_evenly,20,168,100,99.81943939471485,74.54257647653908,2.5007629480001015,True,
BR7,65,2508905,space_evenly_infill,20,168,134,99.81943939471485,83.16248593368744,1.5719439760000569,True,
BR7,65,2508905,front_to_back,20,168,62,99.81943939471485,63.09637675716742,0.09973624799999925,True,
BR7,65,2508905,front_to_back_infill,20,168,127,99.81943939471485,83.45212069810121,0.1931614110000055,True,
BR7,66,2509005,space_evenly,20,117,62,99.12333887898883,70.56055875747185,0.2391962719999583,True,
BR7,66,2509005,space_evenly_infill,20,117,86,99.12333887898883,81.7722390645013,0.16169376599998486,True,
BR7,66,2509005,front_to_back,20,117,32,99.12333887898883,54.41730404039666,0.044591878000005636,True,
BR7,66,2509005,front_to_back_infill,20,117,85,99.12333887898883,80.5280359140461,0.11302855999997519,True,
BR7,67,2509105,space_evenly,20,162,94,99.99393146207895,72.18673748621617,1.7961289340000803,True,
BR7,67,2509105,space_evenly_infill,20,162,126,99.99393146207895,80.45608751456483,1.144365384999901,True,
BR7,67,2509105,front_to_back,20,162,65,99.99393146207895,54.516909818070154,0.09805630799996834,True,
BR7,67,2509105,front_to_back_infill,20,162,127,99.99393146207895,79.1234950790339,0.13976305100004538,True,
BR7,68,2509205,space_evenly,20,105,46,99.90377744883452,66.4936280351829,0.016356640000026346,True,
BR7,68,2509205,space_evenly_infill,20,105,83,99.90377744883452,81.32579607186797,0.13191584499998044,True,
BR7,68,2509205,front_to_back,20,105,35,99.90377744883452,52.52257755332238,0.031065259000001788,True,
BR7,68,2509205,front_to_back_infill,20,105,86,99.90377744883452,78.94243263956142,0.1023850299999367,True,
BR7,69,2509305,space_evenly,20,155,86,99.77369936875242,63.93137899381913,4.902492192999944,True,
BR7,69,2509305,space_evenly_infill,20,155,108,99.77369936875242,80.51686262571612,11.203093184000068,True,
BR7,69,2509305,front_to_back,20,155,52,99.77369936875242,43.06685162524485,0.1833995119999372,True,
BR7,69,2509305,front_to_back_infill,20,155,115,99.77369936875242,81.31589232432978,0.12696338700004617,True,
BR7,70,2509405,space_evenly,20,111,67,99.4471282787885,67.95585321449722,0.7085027719999744,True,
BR7,70,2509405,space_evenly_infill,20,111,86,99.4471282787885,80.936249776501,1.563408337999931,True,
BR7,70,2509405,front_to_back,20,111,30,99.4471282787885,42.13116682763026,0.04638558700003159,True,
BR7,70,2509405,front_to_back_infill,20,111,79,99.4471282787885,76.33289486540541,0.12012742399997478,True,
BR7,71,2509505,space_evenly,20,127,77,99.68591162002046,70.91766197113822,0.1554494929999919,True,
BR7,71,2509505,space_evenly_infill,20,127,98,99.68591162002046,79.98680275789458,0.07930758800000604,True,
BR7,71,2509505,front_to_back,20,127,51,99.68591162002046,58.28483044983619,0.09666573900005915,True,
BR7,71,2509505,front_to_back_infill,20,127,87,99.68591162002046,76.32107683646387,0.1434755520000408,True,
BR7,72,2509605,space_evenly,20,127,69,99.30046640668776,62.203181695215825,0.004027710000059415,True,
BR7,72,2509605,space_evenly_infill,20,127,103,99.30046640668776,81.4108320410826,0.37849771300000157,True,
BR7,72,2509605,front_to_back,20,127,55,99.30046640668776,60.567763899976136,0.14591383399999813,True,
BR7,72,2509605,front_to_back_infill,20,127,104,99.30046640668776,81.44422894007967,0.18106400900001063,True,
BR7,73,2509705,space_evenly,20,121,71,99.67353193559772,69.80891084699641,0.5274999490000027,True,
BR7,73,2509705,space_evenly_infill,20,121,91,99.67353193559772,78.07544262772345,0.7662361669999882,True,
BR7,73,2509705,front_to_back,20,121,36,99.67353193559772,45.088964234177766,0.0592146709999497,True,
BR7,73,2509705,front_to_back_infill,20,121,97,99.67353193559772,81.4968450914302,0.11350057100003141,True,
BR7,74,2509805,space_evenly,20,108,56,99.30906405597678,66.33313415058083,0.22657951099995444,True,
BR7,74,2509805,space_evenly_infill,20,108,71,99.30906405597678,79.7737891006932,0.32524691300000086,True,
BR7,74,2509805,front_to_back,20,108,33,99.30906405597678,45.83036276297275,0.06158608300006563,True,
BR7,74,2509805,front_to_back_infill,20,108,80,99.30906405597678,79.34582756445579,0.07312070099999346,True,
BR7,75,2509905,space_evenly,20,129,61,99.81706980679716,60.16626331605384,0.0030681659999345356,True,
BR7,75,2509905,space_evenly_infill,20,129,95,99.81706980679716,78.6172208223301,0.10867756400000417,True,
BR7,75,2509905,front_to_back,20,129,48,99.81706980679716,58.235690580339664,0.04847854100000859,True,
BR7,75,2509905,front_to_back_infill,20,129,98,99.81706980679716,77.32502105377203,0.0921162170000116,True,
BR7,76,2510005,space_evenly,20,105,52,99.92191659449338,74.50117681778633,1.6073569019999923,True,
BR7,76,2510005,space_evenly_infill,20,105,74,99.92191659449338,83.65108299805713,0.9315508760000739,True,
BR7,76,2510005,front_to_back,20,105,35,99.92191659449338,54.437762922895004,0.04214852199993402,True,
BR7,76,2510005,front_to_back_infill,20,105,86,99.92191659449338,81.61489909144748,0.10427027800005817,True,
BR7,77,2510105,space_evenly,20,158,99,99.45423371913637,70.8456603971735,2.4168501449998985,True,
BR7,77,2510105,space_evenly_infill,20,158,125,99.45423371913637,78.18977441390088,0.9538698339999883,True,
BR7,77,2510105,front_to_back,20,158,47,99.45423371913637,45.120948685958815,0.045417947000032655,True,
BR7,77,2510105,front_to_back_infill,20,158,124,99.45423371913637,76.66829624302333,0.0884903139999551,True,
BR7,78,2510205,space_evenly,20,142,73,98.9768897048218,63.497378830307596,0.13244376700004068,True,
BR7,78,2510205,space_evenly_infill,20,142,109,98.9768897048218,81.16386315280818,1.724410640999963,True,
BR7,78,2510205,front_to_back,20,142,53,98.9768897048218,54.47491859318928,0.06403842299994267,True,
BR7,78,2510205,front_to_back_infill,20,142,113,98.9768897048218,80.77159498857081,0.1214563390000194,True,
BR7,79,2510305,space_evenly,20,166,105,99.65427944919212,68.79778475102046,0.24579234400005134,True,
BR7,79,2510305,space_evenly_infill,20,166,136,99.65427944919212,86.68733603149525,0.5491761529999621,True,
BR7,79,2510305,front_to_back,20,166,58,99.65427944919212,51.64414173392685,0.03448204899996199,True,
BR7,79,2510305,front_to_back_infill,20,166,134,99.65427944919212,88.54894146220524,0.12495448100003159,True,
BR7,80,2510405,space_evenly,20,128,81,99.91890226596415,75.71504724885193,0.4045180909999999,True,
BR7,80,2510405,space_evenly_infill,20,128,92,99.91890226596415,81.81463906822353,0.2181681929999968,True,
BR7,80,2510405,front_to_back,20,128,54,99.91890226596415,67.00056697292953,0.061139484000023,True,
BR7,80,2510405,front_to_back_infill,20,128,102,99.91890226596415,84.34628287097013,0.13506507300007797,True,
BR7,81,2510505,space_evenly,20,110,59,99.48388181705187,67.83608433738944,1.5262842370000271,True,
BR7,81,2510505,space_evenly_infill,20,110,82,99.48388181705187,81.14561765818246,1.7615647250000848,True,
BR7,81,2510505,front_to_back,20,110,45,99.48388181705187,56.19672166016055,0.07062889899998481,True,
BR7,81,2510505,front_to_back_infill,20,110,83,99.48388181705187,79.20205040808092,0.10188789400001497,True,
BR7,82,2510605,space_evenly,20,131,92,99.26776409938046,78.91084699640606,6.273127448999958,True,
BR7,82,2510605,space_evenly_infill,20,131,100,99.26776409938046,81.66632878713656,5.826965259000076,True,
BR7,82,2510605,front_to_back,20,131,44,99.26776409938046,50.7467558580002,0.05813611599990054,True,
BR7,82,2510605,front_to_back_infill,20,131,105,99.26776409938046,79.25105734136888,0.1523421929999813,True,
BR7,83,2510705,space_evenly,20,139,92,99.52143629597184,74.18296409193603,1.6190631570000278,True,
BR7,83,2510705,space_evenly_infill,20,139,112,99.52143629597184,81.1965255792529,2.410176485999955,True,
BR7,83,2510705,front_to_back,20,139,54,99.52143629597184,48.385729032137995,0.1263383129999056,True,
BR7,83,2510705,front_to_back_infill,20,139,110,99.52143629597184,79.87022102638717,0.18660212999998294,True,
BR7,84,2510805,space_evenly,20,154,83,99.30499288458944,72.31642672788823,1.162057984999933,True,
BR7,84,2510805,space_evenly_infill,20,154,117,99.30499288458944,82.42851189214088,0.5830713720000631,True,
BR7,84,2510805,front_to_back,20,154,46,99.30499288458944,50.727769244011725,0.06548357500003021,True,
BR7,84,2510805,front_to_back_infill,20,154,119,99.30499288458944,82.80690151620392,0.19723226499991142,True,
BR7,85,2510905,space_evenly,20,108,60,97.92533106101041,72.09421056164884,0.35040921600000274,True,
BR7,85,2510905,space_evenly_infill,20,108,81,97.92533106101041,77.82402369986727,0.13526341499994032,True,
BR7,85,2510905,front_to_back,20,108,28,97.92533106101041,45.20539641245054,0.02589176599997245,True,
BR7,85,2510905,front_to_back_infill,20,108,81,97.92533106101041,81.19455812336614,0.11192636700002367,True,
BR7,86,2511005,space_evenly,20,134,85,98.14450298807363,74.58854914086652,1.4757111470000837,True,
BR7,86,2511005,space_evenly_infill,20,134,111,98.14450298807363,87.30900888745022,1.71683163900002,True,
BR7,86,2511005,front_to_back,20,134,45,98.14450298807363,53.27775492013525,0.03631146699990495,True,
BR7,86,2511005,front_to_back_infill,20,134,103,98.14450298807363,81.67395932550826,0.10750849199996537,True,
BR7,87,2511105,space_evenly,20,117,60,99.71318348320783,66.99839346591948,0.32910111499995764,True,
BR7,87,2511105,space_evenly_infill,20,117,86,99.71318348320783,76.7708266172853,0.07500617899995632,True,
BR7,87,2511105,front_to_back,20,117,34,99.71318348320783,52.63197075935156,0.05841877000000295,True,
BR7,87,2511105,front_to_back_infill,20,117,90,99.71318348320783,83.03969940464519,0.11664963599992006,True,
BR7,88,2511205,space_evenly,20,142,90,98.53229452548753,73.93602179090331,0.4982684619999418,True,
BR7,88,2511205,space_evenly_infill,20,142,107,98.53229452548753,83.35068704755992,0.985518400999922,True,
BR7,88,2511205,front_to_back,20,142,64,98.53229452548753,59.71173447853446,0.07221846000004462,True,
BR7,88,2511205,front_to_back_infill,20,142,110,98.53229452548753,80.72877955919682,0.1189037429999189,True,
BR7,89,2511305,space_evenly,20,105,68,99.9073866668971,69.94406376684053,0.5784040689999301,True,
BR7,89,2511305,space_evenly_infill,20,105,86,99.9073866668971,79.91866630419393,0.20036407499992492,True,
BR7,89,2511305,front_to_back,20,105,44,99.9073866668971,54.56094493715773,0.027205486999946515,True,
BR7,89,2511305,front_to_back_infill,20,105,82,99.9073866668971,75.59200149420299,0.0709017210000411,True,
BR7,90,2511405,space_evenly,20,97,56,99.73198398650432,66.7406135404834,0.16990186699990772,True,
BR7,90,2511405,space_evenly_infill,20,97,76,99.73198398650432,84.28872813947136,0.637202210000055,True,
BR7,90,2511405,front_to_back,20,97,34,99.73198398650432,53.762543362129534,0.05065569200007758,True,
BR7,90,2511405,front_to_back_infill,20,97,69,99.73198398650432,73.6549215310795,0.08959922799999731,True,
BR7,91,2511505,space_evenly,20,106,69,99.08363083349009,74.56718961555514,2.0800370779999184,True,
BR7,91,2511505,space_evenly_infill,20,106,85,99.08363083349009,79.34023759688557,0.6563718539999854,True,
BR7,91,2511505,front_to_back,20,106,31,99.08363083349009,44.73651711121643,0.022195050000050287,True,
BR7,91,2511505,front_to_back_infill,20,106,89,99.08363083349009,81.13252344163868,0.08865331799995602,True,
BR7,92,2511605,space_evenly,20,118,64,99.88824385286354,72.53135466649296,1.1240778149999642,True,
BR7,92,2511605,space_evenly_infill,20,118,97,99.88824385286354,84.3043282035466,0.4864556759999914,True,
BR7,92,2511605,front_to_back,20,118,39,99.88824385286354,58.525162497897945,0.060991518000037104,True,
BR7,92,2511605,front_to_back_infill,20,118,94,99.88824385286354,84.11518656599851,0.12215929800004233,True,
BR7,93,2511705,space_evenly,20,90,48,99.65053064811055,61.926956870841174,0.0550766899999644,True,
BR7,93,2511705,space_evenly_infill,20,90,72,99.65053064811055,83.64988324877483,0.14006190700001753,True,
BR7,93,2511705,front_to_back,20,90,30,99.65053064811055,48.00369695596023,0.03999307399999452,True,
BR7,93,2511705,front_to_back_infill,20,90,60,99.65053064811055,71.00959068276701,0.07684353499996632,True,
BR7,94,2511805,space_evenly,20,134,70,99.5578408766877,72.95676715093111,3.280249082999944,True,
BR7,94,2511805,space_evenly_infill,20,134,101,99.5578408766877,84.80370307102582,2.234868915999982,True,
BR7,94,2511805,front_to_back,20,134,47,99.5578408766877,58.20162567689456,0.10462524999991274,True,
BR7,94,2511805,front_to_back_infill,20,134,102,99.5578408766877,81.94108798981176,0.16172660799998084,True,
BR7,95,2511905,space_evenly,20,146,97,99.21632111007051,76.34043567183633,4.213622267000005,True,
BR7,95,2511905,space_evenly_infill,20,146,104,99.21632111007051,79.71633074794563,3.196682138999904,True,
BR7,95,2511905,front_to_back,20,146,52,99.21632111007051,54.169271662453696,0.06338850200006618,True,
BR7,95,2511905,front_to_back_infill,20,146,97,99.21632111007051,75.3883565163003,0.11844209000003048,True,
BR7,96,2512005,space_evenly,20,151,85,99.6764166513236,72.66120343161529,0.5457400809999626,True,
BR7,96,2512005,space_evenly_infill,20,151,120,99.6764166513236,83.61940097615057,0.3606656429999475,True,
BR7,96,2512005,front_to_back,20,151,56,99.6764166513236,56.62293840866053,0.07869969299997592,True,
BR7,96,2512005,front_to_back_infill,20,151,122,99.6764166513236,85.89031366963093,0.13858793300005345,True,
BR7,97,2512105,space_evenly,20,124,68,99.03390604467587,65.20367156514439,0.1676642620000166,True,
BR7,97,2512105,space_evenly_infill,20,124,93,99.03390604467587,78.79737597217911,0.43185253800004375,True,
BR7,97,2512105,front_to_back,20,124,52,99.03390604467587,58.140391935823715,0.07156852600007824,True,
BR7,97,2512105,front_to_back_infill,20,124,95,99.03390604467587,83.04527607859454,0.11784241399993789,True,
BR7,98,2512205,space_evenly,20,144,85,99.91793183164161,73.30712052860754,1.6560902339999757,True,
BR7,98,2512205,space_evenly_infill,20,144,115,99.91793183164161,84.51399851510256,0.699667522000027,True,
BR7,98,2512205,front_to_back,20,144,47,99.91793183164161,52.61781637654447,0.07638123900005667,True,
BR7,98,2512205,front_to_back_infill,20,144,107,99.91793183164161,80.78893984038349,0.14945050500000434,True,
BR7,99,2512305,space_evenly,20,145,86,99.16276443504438,70.17512683776,6.963012961000004,True,
BR7,99,2512305,space_evenly_infill,20,145,107,99.16276443504438,80.26340977386886,7.121099862999927,True,
BR7,99,2512305,front_to_back,20,145,51,99.16276443504438,64.20032223736956,0.07139756099991246,True,
BR7,99,2512305,front_to_back_infill,20,145,102,99.16276443504438,81.23283378121758,0.11000437699999566,True,
BR7,100,2512405,space_evenly,20,122,75,99.70534357030763,68.85770907043691,0.0023838949999799297,True,
BR7,100,2512405,space_evenly_infill,20,122,88,99.70534357030763,80.09184230309323,0.09472967900001095,True,
BR7,100,2512405,front_to_back,20,122,48,99.70534357030763,56.55913235195393,0.02748143099995559,True,
BR7,100,2512405,front_to_back_infill,20,122,88,99.70534357030763,78.07620368751749,0.12163966399998571,True,
