benchmark_class,case_number,case_id,seed,container_length_mm,container_width_mm,container_height_mm,number_of_box_types,requested_units,requested_volume_m3,container_volume_m3,requested_volume_vs_container_pct,weight_kg,stackable,sequence,source_file,source_url
BR1,1,BR1-1,2502505,5870,2330,2200,3,112,29.73639,30.08962,98.82607357620336,0,True,1,thpack1.txt,https://people.brunel.ac.uk/~mastjjb/jeb/orlib/files/thpack1.txt
BR1,2,BR1-2,2502605,5870,2330,2200,3,138,29.747753,30.08962,98.86383742965182,0,True,1,thpack1.txt,https://people.brunel.ac.uk/~mastjjb/jeb/orlib/files/thpack1.txt
BR1,3,BR1-3,2502705,5870,2330,2200,3,127,29.963259,30.08962,99.58005119373392,0,True,1,thpack1.txt,https://people.brunel.ac.uk/~mastjjb/jeb/orlib/files/thpack1.txt
BR1,4,BR1-4,2502805,5870,2330,2200,3,197,30.036306,30.08962,99.82281597441244,0,True,1,thpack1.txt,https://people.brunel.ac.uk/~mastjjb/jeb/orlib/files/thpack1.txt
BR1,5,BR1-5,2502905,5870,2330,2200,3,136,29.934375,30.08962,99.48405795752822,0,True,1,thpack1.txt,https://people.brunel.ac.uk/~mastjjb/jeb/orlib/files/thpack1.txt
BR1,6,BR1-6,2503005,5870,2330,2200,3,147,30.03966,30.08962,99.83396267550071,0,True,1,thpack1.txt,https://people.brunel.ac.uk/~mastjjb/jeb/orlib/files/thpack1.txt
BR1,7,BR1-7,2503105,5870,2330,2200,3,126,30.030422,30.08962,99.80326105813234,0,True,1,thpack1.txt,https://people.brunel.ac.uk/~mastjjb/jeb/orlib/files/thpack1.txt
BR1,8,BR1-8,2503205,5870,2330,2200,3,180,30.01508,30.08962,99.75227337533674,0,True,1,thpack1.txt,https://people.brunel.ac.uk/~mastjjb/jeb/orlib/files/thpack1.txt
BR1,9,BR1-9,2503305,5870,2330,2200,3,101,29.845092,30.08962,99.18733436979264,0,True,1,thpack1.txt,https://people.brunel.ac.uk/~mastjjb/jeb/orlib/files/thpack1.txt
BR1,10,BR1-10,2503405,5870,2330,2200,3,130,29.964912,30.08962,99.58554478255292,0,True,1,thpack1.txt,https://people.brunel.ac.uk/~mastjjb/jeb/orlib/files/thpack1.txt
BR1,11,BR1-11,2503505,5870,2330,2200,3,102,29.729166,30.08962,98.80206529693628,0,True,1,thpack1.txt,https://people.brunel.ac.uk/~mastjjb/jeb/orlib/files/thpack1.txt
BR1,12,BR1-12,2503605,5870,2330,2200,3,104,29.999728,30.08962,99.70125245848901,0,True,1,thpack1.txt,https://people.brunel.ac.uk/~mastjjb/jeb/orlib/files/thpack1.txt
BR1,13,BR1-13,2503705,5870,2330,2200,3,284,30.043476,30.08962,99.84664478979795,0,True,1,thpack1.txt,https://people.brunel.ac.uk/~mastjjb/jeb/orlib/files/thpack1.txt
BR1,14,BR1-14,2503805,5870,2330,2200,3,132,29.687592,30.08962,98.66389804856293,0,True,1,thpack1.txt,https://people.brunel.ac.uk/~mastjjb/jeb/orlib/files/thpack1.txt
BR1,15,BR1-15,2503905,5870,2330,2200,3,119,30.04168,30.08962,99.84067595403332,0,True,1,thpack1.txt,https://people.brunel.ac.uk/~mastjjb/jeb/orlib/files/thpack1.txt
BR1,16,BR1-16,2504005,5870,2330,2200,3,159,30.030633,30.08962,99.80396229663253,0,True,1,thpack1.txt,https://people.brunel.ac.uk/~mastjjb/jeb/orlib/files/thpack1.txt
BR1,17,BR1-17,2504105,5870,2330,2200,3,213,29.91816,30.08962,99.43016894198065,0,True,1,thpack1.txt,https://people.brunel.ac.uk/~mastjjb/jeb/orlib/files/thpack1.txt
BR1,18,BR1-18,2504205,5870,2330,2200,3,82,29.624112,30.08962,98.45292828556825,0,True,1,thpack1.txt,https://people.brunel.ac.uk/~mastjjb/jeb/orlib/files/thpack1.txt
BR1,19,BR1-19,2504305,5870,2330,2200,3,130,30.06348,30.08962,99.91312618770193,0,True,1,thpack1.txt,https://people.brunel.ac.uk/~mastjjb/jeb/orlib/files/thpack1.txt
BR1,20,BR1-20,2504405,5870,2330,2200,3,88,30.025368,30.08962,99.78646456818,0,True,1,thpack1.txt,https://people.brunel.ac.uk/~mastjjb/jeb/orlib/files/thpack1.txt
BR1,21,BR1-21,2504505,5870,2330,2200,3,79,30.014288,30.08962,99.74964123840712,0,True,1,thpack1.txt,https://people.brunel.ac.uk/~mastjjb/jeb/orlib/files/thpack1.txt
BR1,22,BR1-22,2504605,5870,2330,2200,3,116,29.908086,30.08962,99.39668895785324,0,True,1,thpack1.txt,https://people.brunel.ac.uk/~mastjjb/jeb/orlib/files/thpack1.txt
BR1,23,BR1-23,2504705,5870,2330,2200,3,128,29.99218,30.08962,99.67616739593255,0,True,1,thpack1.txt,https://people.brunel.ac.uk/~mastjjb/jeb/orlib/files/thpack1.txt
BR1,24,BR1-24,2504805,5870,2330,2200,3,114,29.93136,30.08962,99.47403789080754,0,True,1,thpack1.txt,https://people.brunel.ac.uk/~mastjjb/jeb/orlib/files/thpack1.txt
BR1,25,BR1-25,2504905,5870,2330,2200,3,139,30.07641,30.08962,99.95609781712099,0,True,1,thpack1.txt,https://people.brunel.ac.uk/~mastjjb/jeb/orlib/files/thpack1.txt
BR1,26,BR1-26,2505005,5870,2330,2200,3,124,29.952116,30.08962,99.54301848943257,0,True,1,thpack1.txt,https://people.brunel.ac.uk/~mastjjb/jeb/orlib/files/thpack1.txt
BR1,27,BR1-27,2505105,5870,2330,2200,3,103,29.864124,30.08962,99.25058541782847,0,True,1,thpack1.txt,https://people.brunel.ac.uk/~mastjjb/jeb/orlib/files/thpack1.txt
BR1,28,BR1-28,2505205,5870,2330,2200,3,111,29.861312,30.08962,99.24124000236625,0,True,1,thpack1.txt,https://people.brunel.ac.uk/~mastjjb/jeb/orlib/files/thpack1.txt
BR1,29,BR1-29,2505305,5870,2330,2200,3,109,30.003672,30.08962,99.71435996865364,0,True,1,thpack1.txt,https://people.brunel.ac.uk/~mastjjb/jeb/orlib/files/thpack1.txt
BR1,30,BR1-30,2505405,5870,2330,2200,3,405,30.036328,30.08962,99.82288908932715,0,True,1,thpack1.txt,https://people.brunel.ac.uk/~mastjjb/jeb/orlib/files/thpack1.txt
BR1,31,BR1-31,2505505,5870,2330,2200,3,129,30.048858,30.08962,99.86453135666054,0,True,1,thpack1.txt,https://people.brunel.ac.uk/~mastjjb/jeb/orlib/files/thpack1.txt
BR1,32,BR1-32,2505605,5870,2330,2200,3,155,30.045564,30.08962,99.85358405988511,0,True,1,thpack1.txt,https://people.brunel.ac.uk/~mastjjb/jeb/orlib/files/thpack1.txt
BR1,33,BR1-33,2505705,5870,2330,2200,3,282,29.94291,30.08962,99.51242322103104,0,True,1,thpack1.txt,https://people.brunel.ac.uk/~mastjjb/jeb/orlib/files/thpack1.txt
BR1,34,BR1-34,2505805,5870,2330,2200,3,160,29.801736,30.08962,99.04324481332766,0,True,1,thpack1.txt,https://people.brunel.ac.uk/~mastjjb/jeb/orlib/files/thpack1.txt
BR1,35,BR1-35,2505905,5870,2330,2200,3,150,29.999712,30.08962,99.70119928400558,0,True,1,thpack1.txt,https://people.brunel.ac.uk/~mastjjb/jeb/orlib/files/thpack1.txt
BR1,36,BR1-36,2506005,5870,2330,2200,3,172,29.778638,30.08962,98.96648079969106,0,True,1,thpack1.txt,https://people.brunel.ac.uk/~mastjjb/jeb/orlib/files/thpack1.txt
BR1,37,BR1-37,2506105,5870,2330,2200,3,99,29.9473,30.08962,99.52701296992119,0,True,1,thpack1.txt,https://people.brunel.ac.uk/~mastjjb/jeb/orlib/files/thpack1.txt
BR1,38,BR1-38,2506205,5870,2330,2200,3,93,30.02506,30.08962,99.78544095937403,0,True,1,thpack1.txt,https://people.brunel.ac.uk/~mastjjb/jeb/orlib/files/thpack1.txt
BR1,39,BR1-39,2506305,5870,2330,2200,3,243,29.993916,30.08962,99.68193682738433,0,True,1,thpack1.txt,https://people.brunel.ac.uk/~mastjjb/jeb/orlib/files/thpack1.txt
BR1,40,BR1-40,2506405,5870,2330,2200,3,107,29.957776,30.08962,99.5618289629447,0,True,1,thpack1.txt,https://people.brunel.ac.uk/~mastjjb/jeb/orlib/files/thpack1.txt
BR1,41,BR1-41,2506505,5870,2330,2200,3,109,30.048518,30.08962,99.86340139888772,0,True,1,thpack1.txt,https://people.brunel.ac.uk/~mastjjb/jeb/orlib/files/thpack1.txt
BR1,42,BR1-42,2506605,5870,2330,2200,3,168,30.07704,30.08962,99.9581915624059,0,True,1,thpack1.txt,https://people.brunel.ac.uk/~mastjjb/jeb/orlib/files/thpack1.txt
BR1,43,BR1-43,2506705,5870,2330,2200,3,141,29.87285,30.08962,99.2795854517272,0,True,1,thpack1.txt,https://people.brunel.ac.uk/~mastjjb/jeb/orlib/files/thpack1.txt
BR1,44,BR1-44,2506805,5870,2330,2200,3,142,29.956426,30.08962,99.55734236590558,0,True,1,thpack1.txt,https://people.brunel.ac.uk/~mastjjb/jeb/orlib/files/thpack1.txt
BR1,45,BR1-45,2506905,5870,2330,2200,3,140,30.011085,30.08962,99.73899637150619,0,True,1,thpack1.txt,https://people.brunel.ac.uk/~mastjjb/jeb/orlib/files/thpack1.txt
BR1,46,BR1-46,2507005,5870,2330,2200,3,116,29.737434,30.08962,98.82954321124694,0,True,1,thpack1.txt,https://people.brunel.ac.uk/~mastjjb/jeb/orlib/files/thpack1.txt
BR1,47,BR1-47,2507105,5870,2330,2200,3,137,29.839484,30.08962,99.16869671335165,0,True,1,thpack1.txt,https://people.brunel.ac.uk/~mastjjb/jeb/orlib/files/thpack1.txt
BR1,48,BR1-48,2507205,5870,2330,2200,3,153,30.055172,30.08962,99.88551533718272,0,True,1,thpack1.txt,https://people.brunel.ac.uk/~mastjjb/jeb/orlib/files/thpack1.txt
BR1,49,BR1-49,2507305,5870,2330,2200,3,86,29.92032,30.08962,99.43734749724324,0,True,1,thpack1.txt,https://people.brunel.ac.uk/~mastjjb/jeb/orlib/files/thpack1.txt
BR1,50,BR1-50,2507405,5870,2330,2200,3,168,29.92104,30.08962,99.43974034899743,0,True,1,thpack1.txt,https://people.brunel.ac.uk/~mastjjb/jeb/orlib/files/thpack1.txt
BR1,51,BR1-51,2507505,5870,2330,2200,3,129,30.023149,30.08962,99.77908993200978,0,True,1,thpack1.txt,https://people.brunel.ac.uk/~mastjjb/jeb/orlib/files/thpack1.txt
BR1,52,BR1-52,2507605,5870,2330,2200,3,187,30.083392,30.08962,99.97930183232623,0,True,1,thpack1.txt,https://people.brunel.ac.uk/~mastjjb/jeb/orlib/files/thpack1.txt
BR1,53,BR1-53,2507705,5870,2330,2200,3,170,30.055886,30.08962,99.88788824850563,0,True,1,thpack1.txt,https://people.brunel.ac.uk/~mastjjb/jeb/orlib/files/thpack1.txt
BR1,54,BR1-54,2507805,5870,2330,2200,3,142,30.089374,30.08962,99.99918244231732,0,True,1,thpack1.txt,https://people.brunel.ac.uk/~mastjjb/jeb/orlib/files/thpack1.txt
BR1,55,BR1-55,2507905,5870,2330,2200,3,114,29.87989,30.08962,99.30298222443487,0,True,1,thpack1.txt,https://people.brunel.ac.uk/~mastjjb/jeb/orlib/files/thpack1.txt
BR1,56,BR1-56,2508005,5870,2330,2200,3,408,30.010372,30.08962,99.73662678358849,0,True,1,thpack1.txt,https://people.brunel.ac.uk/~mastjjb/jeb/orlib/files/thpack1.txt
BR1,57,BR1-57,2508105,5870,2330,2200,3,124,29.940978,30.08962,99.50600240215729,0,True,1,thpack1.txt,https://people.brunel.ac.uk/~mastjjb/jeb/orlib/files/thpack1.txt
BR1,58,BR1-58,2508205,5870,2330,2200,3,92,30.070062,30.08962,99.93500084082152,0,True,1,thpack1.txt,https://people.brunel.ac.uk/~mastjjb/jeb/orlib/files/thpack1.txt
BR1,59,BR1-59,2508305,5870,2330,2200,3,195,30.082496,30.08962,99.97632406125435,0,True,1,thpack1.txt,https://people.brunel.ac.uk/~mastjjb/jeb/orlib/files/thpack1.txt
BR1,60,BR1-60,2508405,5870,2330,2200,3,105,30.044871,30.08962,99.85128094007169,0,True,1,thpack1.txt,https://people.brunel.ac.uk/~mastjjb/jeb/orlib/files/thpack1.txt
BR1,61,BR1-61,2508505,5870,2330,2200,3,101,29.620808,30.08962,98.44194775474067,0,True,1,thpack1.txt,https://people.brunel.ac.uk/~mastjjb/jeb/orlib/files/thpack1.txt
BR1,62,BR1-62,2508605,5870,2330,2200,3,120,29.97294,30.08962,99.61222507961217,0,True,1,thpack1.txt,https://people.brunel.ac.uk/~mastjjb/jeb/orlib/files/thpack1.txt
BR1,63,BR1-63,2508705,5870,2330,2200,3,94,30.020248,30.08962,99.76944873348351,0,True,1,thpack1.txt,https://people.brunel.ac.uk/~mastjjb/jeb/orlib/files/thpack1.txt
BR1,64,BR1-64,2508805,5870,2330,2200,3,139,30.080292,30.08962,99.96899927616234,0,True,1,thpack1.txt,https://people.brunel.ac.uk/~mastjjb/jeb/orlib/files/thpack1.txt
BR1,65,BR1-65,2508905,5870,2330,2200,3,476,30.087516,30.08962,99.99300755542941,0,True,1,thpack1.txt,https://people.brunel.ac.uk/~mastjjb/jeb/orlib/files/thpack1.txt
BR1,66,BR1-66,2509005,5870,2330,2200,3,145,29.937696,30.08962,99.49509498624442,0,True,1,thpack1.txt,https://people.brunel.ac.uk/~mastjjb/jeb/orlib/files/thpack1.txt
BR1,67,BR1-67,2509105,5870,2330,2200,3,221,29.974389,30.08962,99.61704069376749,0,True,1,thpack1.txt,https://people.brunel.ac.uk/~mastjjb/jeb/orlib/files/thpack1.txt
BR1,68,BR1-68,2509205,5870,2330,2200,3,238,30.06408,30.08962,99.91512023083044,0,True,1,thpack1.txt,https://people.brunel.ac.uk/~mastjjb/jeb/orlib/files/thpack1.txt
BR1,69,BR1-69,2509305,5870,2330,2200,3,144,29.81056,30.08962,99.07257054093738,0,True,1,thpack1.txt,https://people.brunel.ac.uk/~mastjjb/jeb/orlib/files/thpack1.txt
BR1,70,BR1-70,2509405,5870,2330,2200,3,163,29.917072,30.08962,99.42655307710766,0,True,1,thpack1.txt,https://people.brunel.ac.uk/~mastjjb/jeb/orlib/files/thpack1.txt
BR1,71,BR1-71,2509505,5870,2330,2200,3,96,29.989116,30.08962,99.66598448235638,0,True,1,thpack1.txt,https://people.brunel.ac.uk/~mastjjb/jeb/orlib/files/thpack1.txt
BR1,72,BR1-72,2509605,5870,2330,2200,3,74,29.96294,30.08962,99.5789910274706,0,True,1,thpack1.txt,https://people.brunel.ac.uk/~mastjjb/jeb/orlib/files/thpack1.txt
BR1,73,BR1-73,2509705,5870,2330,2200,3,127,29.96766,30.08962,99.59467750008142,0,True,1,thpack1.txt,https://people.brunel.ac.uk/~mastjjb/jeb/orlib/files/thpack1.txt
BR1,74,BR1-74,2509805,5870,2330,2200,3,132,29.880178,30.08962,99.30393936513656,0,True,1,thpack1.txt,https://people.brunel.ac.uk/~mastjjb/jeb/orlib/files/thpack1.txt
BR1,75,BR1-75,2509905,5870,2330,2200,3,137,30.01968,30.08962,99.76756103932186,0,True,1,thpack1.txt,https://people.brunel.ac.uk/~mastjjb/jeb/orlib/files/thpack1.txt
BR1,76,BR1-76,2510005,5870,2330,2200,3,269,29.98874,30.08962,99.66473488199586,0,True,1,thpack1.txt,https://people.brunel.ac.uk/~mastjjb/jeb/orlib/files/thpack1.txt
BR1,77,BR1-77,2510105,5870,2330,2200,3,194,30.02713,30.08962,99.79232040816733,0,True,1,thpack1.txt,https://people.brunel.ac.uk/~mastjjb/jeb/orlib/files/thpack1.txt
BR1,78,BR1-78,2510205,5870,2330,2200,3,169,30.06929,30.08962,99.93243517199619,0,True,1,thpack1.txt,https://people.brunel.ac.uk/~mastjjb/jeb/orlib/files/thpack1.txt
BR1,79,BR1-79,2510305,5870,2330,2200,3,200,30.029968,30.08962,99.80175223216511,0,True,1,thpack1.txt,https://people.brunel.ac.uk/~mastjjb/jeb/orlib/files/thpack1.txt
BR1,80,BR1-80,2510405,5870,2330,2200,3,133,30.07872,30.08962,99.96377488316568,0,True,1,thpack1.txt,https://people.brunel.ac.uk/~mastjjb/jeb/orlib/files/thpack1.txt
BR1,81,BR1-81,2510505,5870,2330,2200,3,73,29.82912,30.08962,99.13425294171212,0,True,1,thpack1.txt,https://people.brunel.ac.uk/~mastjjb/jeb/orlib/files/thpack1.txt
BR1,82,BR1-82,2510605,5870,2330,2200,3,164,29.934402,30.08962,99.484147689469,0,True,1,thpack1.txt,https://people.brunel.ac.uk/~mastjjb/jeb/orlib/files/thpack1.txt
BR1,83,BR1-83,2510705,5870,2330,2200,3,120,29.868786,30.08962,99.26607913293687,0,True,1,thpack1.txt,https://people.brunel.ac.uk/~mastjjb/jeb/orlib/files/thpack1.txt
BR1,84,BR1-84,2510805,5870,2330,2200,3,69,30.065466,30.08962,99.91972647045725,0,True,1,thpack1.txt,https://people.brunel.ac.uk/~mastjjb/jeb/orlib/files/thpack1.txt
BR1,85,BR1-85,2510905,5870,2330,2200,3,319,30.056994,30.08962,99.89157058148291,0,True,1,thpack1.txt,https://people.brunel.ac.uk/~mastjjb/jeb/orlib/files/thpack1.txt
BR1,86,BR1-86,2511005,5870,2330,2200,3,156,29.849472,30.08962,99.20189088463064,0,True,1,thpack1.txt,https://people.brunel.ac.uk/~mastjjb/jeb/orlib/files/thpack1.txt
BR1,87,BR1-87,2511105,5870,2330,2200,3,98,30.072012,30.08962,99.94148148098913,0,True,1,thpack1.txt,https://people.brunel.ac.uk/~mastjjb/jeb/orlib/files/thpack1.txt
BR1,88,BR1-88,2511205,5870,2330,2200,3,126,30.068808,30.08962,99.93083329068297,0,True,1,thpack1.txt,https://people.brunel.ac.uk/~mastjjb/jeb/orlib/files/thpack1.txt
BR1,89,BR1-89,2511305,5870,2330,2200,3,96,29.914048,30.08962,99.41650309974004,0,True,1,thpack1.txt,https://people.brunel.ac.uk/~mastjjb/jeb/orlib/files/thpack1.txt
BR1,90,BR1-90,2511405,5870,2330,2200,3,90,29.885976,30.08962,99.32320846856824,0,True,1,thpack1.txt,https://people.brunel.ac.uk/~mastjjb/jeb/orlib/files/thpack1.txt
BR1,91,BR1-91,2511505,5870,2330,2200,3,238,30.004408,30.08962,99.71680599489126,0,True,1,thpack1.txt,https://people.brunel.ac.uk/~mastjjb/jeb/orlib/files/thpack1.txt
BR1,92,BR1-92,2511605,5870,2330,2200,3,88,30.050106,30.08962,99.86867896636781,0,True,1,thpack1.txt,https://people.brunel.ac.uk/~mastjjb/jeb/orlib/files/thpack1.txt
BR1,93,BR1-93,2511705,5870,2330,2200,3,100,30.055544,30.08962,99.8867516439224,0,True,1,thpack1.txt,https://people.brunel.ac.uk/~mastjjb/jeb/orlib/files/thpack1.txt
BR1,94,BR1-94,2511805,5870,2330,2200,3,133,29.791218,30.08962,99.00828923728515,0,True,1,thpack1.txt,https://people.brunel.ac.uk/~mastjjb/jeb/orlib/files/thpack1.txt
BR1,95,BR1-95,2511905,5870,2330,2200,3,139,29.784276,30.08962,98.98521815828846,0,True,1,thpack1.txt,https://people.brunel.ac.uk/~mastjjb/jeb/orlib/files/thpack1.txt
BR1,96,BR1-96,2512005,5870,2330,2200,3,182,30.041812,30.08962,99.84111464352159,0,True,1,thpack1.txt,https://people.brunel.ac.uk/~mastjjb/jeb/orlib/files/thpack1.txt
BR1,97,BR1-97,2512105,5870,2330,2200,3,140,29.97076,30.08962,99.60498005624531,0,True,1,thpack1.txt,https://people.brunel.ac.uk/~mastjjb/jeb/orlib/files/thpack1.txt
BR1,98,BR1-98,2512205,5870,2330,2200,3,122,30.088004,30.08962,99.99462937717392,0,True,1,thpack1.txt,https://people.brunel.ac.uk/~mastjjb/jeb/orlib/files/thpack1.txt
BR1,99,BR1-99,2512305,5870,2330,2200,3,154,30.080504,30.08962,99.96970383806774,0,True,1,thpack1.txt,https://people.brunel.ac.uk/~mastjjb/jeb/orlib/files/thpack1.txt
BR1,100,BR1-100,2512405,5870,2330,2200,3,214,29.961138,30.08962,99.57300225127469,0,True,1,thpack1.txt,https://people.brunel.ac.uk/~mastjjb/jeb/orlib/files/thpack1.txt
BR2,1,BR2-1,2502505,5870,2330,2200,5,81,29.736002,30.08962,98.82478409498027,0,True,1,thpack2.txt,https://people.brunel.ac.uk/~mastjjb/jeb/orlib/files/thpack2.txt
BR2,2,BR2-2,2502605,5870,2330,2200,5,114,30.065384,30.08962,99.9194539512297,0,True,1,thpack2.txt,https://people.brunel.ac.uk/~mastjjb/jeb/orlib/files/thpack2.txt
BR2,3,BR2-3,2502705,5870,2330,2200,5,166,29.860317,30.08962,99.23793321417817,0,True,1,thpack2.txt,https://people.brunel.ac.uk/~mastjjb/jeb/orlib/files/thpack2.txt
BR2,4,BR2-4,2502805,5870,2330,2200,5,201,29.777528,30.08962,98.96279181990334,0,True,1,thpack2.txt,https://people.brunel.ac.uk/~mastjjb/jeb/orlib/files/thpack2.txt
BR2,5,BR2-5,2502905,5870,2330,2200,5,117,30.004749,30.08962,99.71793927606929,0,True,1,thpack2.txt,https://people.brunel.ac.uk/~mastjjb/jeb/orlib/files/thpack2.txt
BR2,6,BR2-6,2503005,5870,2330,2200,5,142,30.057096,30.08962,99.89190956881477,0,True,1,thpack2.txt,https://people.brunel.ac.uk/~mastjjb/jeb/orlib/files/thpack2.txt
BR2,7,BR2-7,2503105,5870,2330,2200,5,166,29.617032,30.08962,98.42939857665202,0,True,1,thpack2.txt,https://people.brunel.ac.uk/~mastjjb/jeb/orlib/files/thpack2.txt
BR2,8,BR2-8,2503205,5870,2330,2200,5,122,30.0499,30.08962,99.86799434489369,0,True,1,thpack2.txt,https://people.brunel.ac.uk/~mastjjb/jeb/orlib/files/thpack2.txt
BR2,9,BR2-9,2503305,5870,2330,2200,5,118,30.083478,30.08962,99.97958764517465,0,True,1,thpack2.txt,https://people.brunel.ac.uk/~mastjjb/jeb/orlib/files/thpack2.txt
BR2,10,BR2-10,2503405,5870,2330,2200,5,174,29.796696,30.08962,99.0264948510483,0,True,1,thpack2.txt,https://people.brunel.ac.uk/~mastjjb/jeb/orlib/files/thpack2.txt
BR2,11,BR2-11,2503505,5870,2330,2200,5,94,29.991812,30.08962,99.67494438281375,0,True,1,thpack2.txt,https://people.brunel.ac.uk/~mastjjb/jeb/orlib/files/thpack2.txt
BR2,12,BR2-12,2503605,5870,2330,2200,5,86,30.013664,30.08962,99.7475674335535,0,True,1,thpack2.txt,https://people.brunel.ac.uk/~mastjjb/jeb/orlib/files/thpack2.txt
BR2,13,BR2-13,2503705,5870,2330,2200,5,228,29.986002,30.08962,99.6556353985195,0,True,1,thpack2.txt,https://people.brunel.ac.uk/~mastjjb/jeb/orlib/files/thpack2.txt
BR2,14,BR2-14,2503805,5870,2330,2200,5,95,29.963928,30.08962,99.5822745518222,0,True,1,thpack2.txt,https://people.brunel.ac.uk/~mastjjb/jeb/orlib/files/thpack2.txt
BR2,15,BR2-15,2503905,5870,2330,2200,5,127,30.01414,30.08962,99.74914937443545,0,True,1,thpack2.txt,https://people.brunel.ac.uk/~mastjjb/jeb/orlib/files/thpack2.txt
BR2,16,BR2-16,2504005,5870,2330,2200,5,163,29.802291,30.08962,99.04508930322152,0,True,1,thpack2.txt,https://people.brunel.ac.uk/~mastjjb/jeb/orlib/files/thpack2.txt
BR2,17,BR2-17,2504105,5870,2330,2200,5,112,30.000251,30.08962,99.70299059941601,0,True,1,thpack2.txt,https://people.brunel.ac.uk/~mastjjb/jeb/orlib/files/thpack2.txt
BR2,18,BR2-18,2504205,5870,2330,2200,5,98,29.970478,30.08962,99.60404285597491,0,True,1,thpack2.txt,https://people.brunel.ac.uk/~mastjjb/jeb/orlib/files/thpack2.txt
BR2,19,BR2-19,2504305,5870,2330,2200,5,143,29.941531,30.08962,99.50784024524071,0,True,1,thpack2.txt,https://people.brunel.ac.uk/~mastjjb/jeb/orlib/files/thpack2.txt
BR2,20,BR2-20,2504405,5870,2330,2200,5,120,30.070367,30.08962,99.93601447941184,0,True,1,thpack2.txt,https://people.brunel.ac.uk/~mastjjb/jeb/orlib/files/thpack2.txt
BR2,21,BR2-21,2504505,5870,2330,2200,5,84,29.973756,30.08962,99.61493697826693,0,True,1,thpack2.txt,https://people.brunel.ac.uk/~mastjjb/jeb/orlib/files/thpack2.txt
BR2,22,BR2-22,2504605,5870,2330,2200,5,100,29.45974,30.08962,97.90665352370684,0,True,1,thpack2.txt,https://people.brunel.ac.uk/~mastjjb/jeb/orlib/files/thpack2.txt
BR2,23,BR2-23,2504705,5870,2330,2200,5,120,29.664738,30.08962,98.58794494579858,0,True,1,thpack2.txt,https://people.brunel.ac.uk/~mastjjb/jeb/orlib/files/thpack2.txt
BR2,24,BR2-24,2504805,5870,2330,2200,5,93,29.621472,30.08962,98.44415449580288,0,True,1,thpack2.txt,https://people.brunel.ac.uk/~mastjjb/jeb/orlib/files/thpack2.txt
BR2,25,BR2-25,2504905,5870,2330,2200,5,152,29.989836,30.08962,99.66837733411057,0,True,1,thpack2.txt,https://people.brunel.ac.uk/~mastjjb/jeb/orlib/files/thpack2.txt
BR2,26,BR2-26,2505005,5870,2330,2200,5,169,29.842324,30.08962,99.17813518415986,0,True,1,thpack2.txt,https://people.brunel.ac.uk/~mastjjb/jeb/orlib/files/thpack2.txt
BR2,27,BR2-27,2505105,5870,2330,2200,5,114,29.975484,30.08962,99.62067982247699,0,True,1,thpack2.txt,https://people.brunel.ac.uk/~mastjjb/jeb/orlib/files/thpack2.txt
BR2,28,BR2-28,2505205,5870,2330,2200,5,122,29.992014,30.08962,99.675615710667,0,True,1,thpack2.txt,https://people.brunel.ac.uk/~mastjjb/jeb/orlib/files/thpack2.txt
BR2,29,BR2-29,2505305,5870,2330,2200,5,156,30.045904,30.08962,99.85471401765793,0,True,1,thpack2.txt,https://people.brunel.ac.uk/~mastjjb/jeb/orlib/files/thpack2.txt
BR2,30,BR2-30,2505405,5870,2330,2200,5,196,29.939532,30.08962,99.50119675821762,0,True,1,thpack2.txt,https://people.brunel.ac.uk/~mastjjb/jeb/orlib/files/thpack2.txt
BR2,31,BR2-31,2505505,5870,2330,2200,5,142,30.073086,30.08962,99.94505081818913,0,True,1,thpack2.txt,https://people.brunel.ac.uk/~mastjjb/jeb/orlib/files/thpack2.txt
BR2,32,BR2-32,2505605,5870,2330,2200,5,142,30.012316,30.08962,99.74308748332481,0,True,1,thpack2.txt,https://people.brunel.ac.uk/~mastjjb/jeb/orlib/files/thpack2.txt
BR2,33,BR2-33,2505705,5870,2330,2200,5,116,29.534454,30.08962,98.15495842087736,0,True,1,thpack2.txt,https://people.brunel.ac.uk/~mastjjb/jeb/orlib/files/thpack2.txt
BR2,34,BR2-34,2505805,5870,2330,2200,5,156,30.006566,30.08962,99.72397790334341,0,True,1,thpack2.txt,https://people.brunel.ac.uk/~mastjjb/jeb/orlib/files/thpack2.txt
BR2,35,BR2-35,2505905,5870,2330,2200,5,147,29.933622,30.08962,99.48155543340195,0,True,1,thpack2.txt,https://people.brunel.ac.uk/~mastjjb/jeb/orlib/files/thpack2.txt
BR2,36,BR2-36,2506005,5870,2330,2200,5,104,30.073463,30.08962,99.94630374195486,0,True,1,thpack2.txt,https://people.brunel.ac.uk/~mastjjb/jeb/orlib/files/thpack2.txt
BR2,37,BR2-37,2506105,5870,2330,2200,5,105,29.731844,30.08962,98.8109653760998,0,True,1,thpack2.txt,https://people.brunel.ac.uk/~mastjjb/jeb/orlib/files/thpack2.txt
BR2,38,BR2-38,2506205,5870,2330,2200,5,116,29.941918,30.08962,99.5091264030586,0,True,1,thpack2.txt,https://people.brunel.ac.uk/~mastjjb/jeb/orlib/files/thpack2.txt
BR2,39,BR2-39,2506305,5870,2330,2200,5,266,30.059912,30.08962,99.90126827789783,0,True,1,thpack2.txt,https://people.brunel.ac.uk/~mastjjb/jeb/orlib/files/thpack2.txt
BR2,40,BR2-40,2506405,5870,2330,2200,5,96,29.747191,30.08962,98.86196967592147,0,True,1,thpack2.txt,https://people.brunel.ac.uk/~mastjjb/jeb/orlib/files/thpack2.txt
BR2,41,BR2-41,2506505,5870,2330,2200,5,98,29.501054,30.08962,98.04395668672453,0,True,1,thpack2.txt,https://people.brunel.ac.uk/~mastjjb/jeb/orlib/files/thpack2.txt
BR2,42,BR2-42,2506605,5870,2330,2200,5,158,30.083723,30.08962,99.98040187945212,0,True,1,thpack2.txt,https://people.brunel.ac.uk/~mastjjb/jeb/orlib/files/thpack2.txt
BR2,43,BR2-43,2506705,5870,2330,2200,5,102,29.914184,30.08962,99.41695508284917,0,True,1,thpack2.txt,https://people.brunel.ac.uk/~mastjjb/jeb/orlib/files/thpack2.txt
BR2,44,BR2-44,2506805,5870,2330,2200,5,129,29.887218,30.08962,99.32733613784421,0,True,1,thpack2.txt,https://people.brunel.ac.uk/~mastjjb/jeb/orlib/files/thpack2.txt
BR2,45,BR2-45,2506905,5870,2330,2200,5,161,29.824974,30.08962,99.12047410369424,0,True,1,thpack2.txt,https://people.brunel.ac.uk/~mastjjb/jeb/orlib/files/thpack2.txt
BR2,46,BR2-46,2507005,5870,2330,2200,5,101,29.890392,30.08962,99.33788462599395,0,True,1,thpack2.txt,https://people.brunel.ac.uk/~mastjjb/jeb/orlib/files/thpack2.txt
BR2,47,BR2-47,2507105,5870,2330,2200,5,160,30.038836,30.08962,99.83122418960426,0,True,1,thpack2.txt,https://people.brunel.ac.uk/~mastjjb/jeb/orlib/files/thpack2.txt
BR2,48,BR2-48,2507205,5870,2330,2200,5,139,29.919241,30.08962,99.43376154301717,0,True,1,thpack2.txt,https://people.brunel.ac.uk/~mastjjb/jeb/orlib/files/thpack2.txt
BR2,49,BR2-49,2507305,5870,2330,2200,5,94,29.752236,30.08962,98.87873625522688,0,True,1,thpack2.txt,https://people.brunel.ac.uk/~mastjjb/jeb/orlib/files/thpack2.txt
BR2,50,BR2-50,2507405,5870,2330,2200,5,155,30.02152,30.08962,99.7736761049159,0,True,1,thpack2.txt,https://people.brunel.ac.uk/~mastjjb/jeb/orlib/files/thpack2.txt
BR2,51,BR2-51,2507505,5870,2330,2200,5,152,29.866863,30.08962,99.25968822471005,0,True,1,thpack2.txt,https://people.brunel.ac.uk/~mastjjb/jeb/orlib/files/thpack2.txt
BR2,52,BR2-52,2507605,5870,2330,2200,5,101,30.0614,30.08962,99.9062135048565,0,True,1,thpack2.txt,https://people.brunel.ac.uk/~mastjjb/jeb/orlib/files/thpack2.txt
BR2,53,BR2-53,2507705,5870,2330,2200,5,141,30.081066,30.08962,99.9715715917981,0,True,1,thpack2.txt,https://people.brunel.ac.uk/~mastjjb/jeb/orlib/files/thpack2.txt
BR2,54,BR2-54,2507805,5870,2330,2200,5,141,30.05467,30.08962,99.88384698776521,0,True,1,thpack2.txt,https://people.brunel.ac.uk/~mastjjb/jeb/orlib/files/thpack2.txt
BR2,55,BR2-55,2507905,5870,2330,2200,5,117,29.895337,30.08962,99.35431886477795,0,True,1,thpack2.txt,https://people.brunel.ac.uk/~mastjjb/jeb/orlib/files/thpack2.txt
BR2,56,BR2-56,2508005,5870,2330,2200,5,181,30.081136,30.08962,99.9718042301631,0,True,1,thpack2.txt,https://people.brunel.ac.uk/~mastjjb/jeb/orlib/files/thpack2.txt
BR2,57,BR2-57,2508105,5870,2330,2200,5,159,29.927826,30.08962,99.4622929767807,0,True,1,thpack2.txt,https://people.brunel.ac.uk/~mastjjb/jeb/orlib/files/thpack2.txt
BR2,58,BR2-58,2508205,5870,2330,2200,5,114,29.808675,30.08962,99.06630592210868,0,True,1,thpack2.txt,https://people.brunel.ac.uk/~mastjjb/jeb/orlib/files/thpack2.txt
BR2,59,BR2-59,2508305,5870,2330,2200,5,201,29.958406,30.08962,99.56392270822961,0,True,1,thpack2.txt,https://people.brunel.ac.uk/~mastjjb/jeb/orlib/files/thpack2.txt
BR2,60,BR2-60,2508405,5870,2330,2200,5,113,29.963114,30.08962,99.57956929997786,0,True,1,thpack2.txt,https://people.brunel.ac.uk/~mastjjb/jeb/orlib/files/thpack2.txt
BR2,61,BR2-61,2508505,5870,2330,2200,5,83,29.854918,30.08962,99.21999014942693,0,True,1,thpack2.txt,https://people.brunel.ac.uk/~mastjjb/jeb/orlib/files/thpack2.txt
BR2,62,BR2-62,2508605,5870,2330,2200,5,109,30.06027,30.08962,99.90245805696449,0,True,1,thpack2.txt,https://people.brunel.ac.uk/~mastjjb/jeb/orlib/files/thpack2.txt
BR2,63,BR2-63,2508705,5870,2330,2200,5,120,29.677662,30.08962,98.63089663478635,0,True,1,thpack2.txt,https://people.brunel.ac.uk/~mastjjb/jeb/orlib/files/thpack2.txt
BR2,64,BR2-64,2508805,5870,2330,2200,5,122,29.861508,30.08962,99.24189138978824,0,True,1,thpack2.txt,https://people.brunel.ac.uk/~mastjjb/jeb/orlib/files/thpack2.txt
BR2,65,BR2-65,2508905,5870,2330,2200,5,187,29.707784,30.08962,98.73100424664717,0,True,1,thpack2.txt,https://people.brunel.ac.uk/~mastjjb/jeb/orlib/files/thpack2.txt
BR2,66,BR2-66,2509005,5870,2330,2200,5,133,29.684694,30.08962,98.6542668202523,0,True,1,thpack2.txt,https://people.brunel.ac.uk/~mastjjb/jeb/orlib/files/thpack2.txt
BR2,67,BR2-67,2509105,5870,2330,2200,5,184,29.97118,30.08962,99.60637588643526,0,True,1,thpack2.txt,https://people.brunel.ac.uk/~mastjjb/jeb/orlib/files/thpack2.txt
BR2,68,BR2-68,2509205,5870,2330,2200,5,130,29.752296,30.08962,98.87893565953974,0,True,1,thpack2.txt,https://people.brunel.ac.uk/~mastjjb/jeb/orlib/files/thpack2.txt
BR2,69,BR2-69,2509305,5870,2330,2200,5,146,30.064785,30.08962,99.9174632315064,0,True,1,thpack2.txt,https://people.brunel.ac.uk/~mastjjb/jeb/orlib/files/thpack2.txt
BR2,70,BR2-70,2509405,5870,2330,2200,5,123,30.048108,30.08962,99.86203880274992,0,True,1,thpack2.txt,https://people.brunel.ac.uk/~mastjjb/jeb/orlib/files/thpack2.txt
BR2,71,BR2-71,2509505,5870,2330,2200,5,122,29.899998,30.08962,99.36980925648113,0,True,1,thpack2.txt,https://people.brunel.ac.uk/~mastjjb/jeb/orlib/files/thpack2.txt
BR2,72,BR2-72,2509605,5870,2330,2200,5,88,30.082775,30.08962,99.9772512913091,0,True,1,thpack2.txt,https://people.brunel.ac.uk/~mastjjb/jeb/orlib/files/thpack2.txt
BR2,73,BR2-73,2509705,5870,2330,2200,5,132,30.006189,30.08962,99.72272497957768,0,True,1,thpack2.txt,https://people.brunel.ac.uk/~mastjjb/jeb/orlib/files/thpack2.txt
BR2,74,BR2-74,2509805,5870,2330,2200,5,124,30.065258,30.08962,99.91903520217271,0,True,1,thpack2.txt,https://people.brunel.ac.uk/~mastjjb/jeb/orlib/files/thpack2.txt
BR2,75,BR2-75,2509905,5870,2330,2200,5,163,29.9598,30.08962,99.56855553509814,0,True,1,thpack2.txt,https://people.brunel.ac.uk/~mastjjb/jeb/orlib/files/thpack2.txt
BR2,76,BR2-76,2510005,5870,2330,2200,5,188,29.960828,30.08962,99.5719719956583,0,True,1,thpack2.txt,https://people.brunel.ac.uk/~mastjjb/jeb/orlib/files/thpack2.txt
BR2,77,BR2-77,2510105,5870,2330,2200,5,202,29.96516,30.08962,99.58636898704604,0,True,1,thpack2.txt,https://people.brunel.ac.uk/~mastjjb/jeb/orlib/files/thpack2.txt
BR2,78,BR2-78,2510205,5870,2330,2200,5,191,30.033876,30.08962,99.81474009974204,0,True,1,thpack2.txt,https://people.brunel.ac.uk/~mastjjb/jeb/orlib/files/thpack2.txt
BR2,79,BR2-79,2510305,5870,2330,2200,5,206,30.032359,30.08962,99.80969849403216,0,True,1,thpack2.txt,https://people.brunel.ac.uk/~mastjjb/jeb/orlib/files/thpack2.txt
BR2,80,BR2-80,2510405,5870,2330,2200,5,116,29.976626,30.08962,99.62447515123155,0,True,1,thpack2.txt,https://people.brunel.ac.uk/~mastjjb/jeb/orlib/files/thpack2.txt
BR2,81,BR2-81,2510505,5870,2330,2200,5,86,29.78304,30.08962,98.98111042944377,0,True,1,thpack2.txt,https://people.brunel.ac.uk/~mastjjb/jeb/orlib/files/thpack2.txt
BR2,82,BR2-82,2510605,5870,2330,2200,5,149,29.880698,30.08962,99.3056675358479,0,True,1,thpack2.txt,https://people.brunel.ac.uk/~mastjjb/jeb/orlib/files/thpack2.txt
BR2,83,BR2-83,2510705,5870,2330,2200,5,136,29.87588,30.08962,99.2896553695261,0,True,1,thpack2.txt,https://people.brunel.ac.uk/~mastjjb/jeb/orlib/files/thpack2.txt
BR2,84,BR2-84,2510805,5870,2330,2200,5,85,30.020306,30.08962,99.76964149098593,0,True,1,thpack2.txt,https://people.brunel.ac.uk/~mastjjb/jeb/orlib/files/thpack2.txt
BR2,85,BR2-85,2510905,5870,2330,2200,5,209,29.999052,30.08962,99.69900583656424,0,True,1,thpack2.txt,https://people.brunel.ac.uk/~mastjjb/jeb/orlib/files/thpack2.txt
BR2,86,BR2-86,2511005,5870,2330,2200,5,160,30.005787,30.08962,99.72138897068157,0,True,1,thpack2.txt,https://people.brunel.ac.uk/~mastjjb/jeb/orlib/files/thpack2.txt
BR2,87,BR2-87,2511105,5870,2330,2200,5,102,29.874368,30.08962,99.2846303808423,0,True,1,thpack2.txt,https://people.brunel.ac.uk/~mastjjb/jeb/orlib/files/thpack2.txt
BR2,88,BR2-88,2511205,5870,2330,2200,5,140,29.949562,30.08962,99.5345305125156,0,True,1,thpack2.txt,https://people.brunel.ac.uk/~mastjjb/jeb/orlib/files/thpack2.txt
BR2,89,BR2-89,2511305,5870,2330,2200,5,100,30.049162,30.08962,99.86554167184563,0,True,1,thpack2.txt,https://people.brunel.ac.uk/~mastjjb/jeb/orlib/files/thpack2.txt
BR2,90,BR2-90,2511405,5870,2330,2200,5,82,29.912151,30.08962,99.41019860004879,0,True,1,thpack2.txt,https://people.brunel.ac.uk/~mastjjb/jeb/orlib/files/thpack2.txt
BR2,91,BR2-91,2511505,5870,2330,2200,5,166,30.037922,30.08962,99.82818659723851,0,True,1,thpack2.txt,https://people.brunel.ac.uk/~mastjjb/jeb/orlib/files/thpack2.txt
BR2,92,BR2-92,2511605,5870,2330,2200,5,81,29.9309,30.08962,99.47250912440902,0,True,1,thpack2.txt,https://people.brunel.ac.uk/~mastjjb/jeb/orlib/files/thpack2.txt
BR2,93,BR2-93,2511705,5870,2330,2200,5,85,30.084666,30.08962,99.98353585056907,0,True,1,thpack2.txt,https://people.brunel.ac.uk/~mastjjb/jeb/orlib/files/thpack2.txt
BR2,94,BR2-94,2511805,5870,2330,2200,5,168,30.068472,30.08962,99.929716626531,0,True,1,thpack2.txt,https://people.brunel.ac.uk/~mastjjb/jeb/orlib/files/thpack2.txt
BR2,95,BR2-95,2511905,5870,2330,2200,5,149,29.95336,30.08962,99.54715280551898,0,True,1,thpack2.txt,https://people.brunel.ac.uk/~mastjjb/jeb/orlib/files/thpack2.txt
BR2,96,BR2-96,2512005,5870,2330,2200,5,202,30.06343,30.08962,99.91296001744124,0,True,1,thpack2.txt,https://people.brunel.ac.uk/~mastjjb/jeb/orlib/files/thpack2.txt
BR2,97,BR2-97,2512105,5870,2330,2200,5,165,30.0294,30.08962,99.79986453800348,0,True,1,thpack2.txt,https://people.brunel.ac.uk/~mastjjb/jeb/orlib/files/thpack2.txt
BR2,98,BR2-98,2512205,5870,2330,2200,5,138,29.939718,30.08962,99.50181491158745,0,True,1,thpack2.txt,https://people.brunel.ac.uk/~mastjjb/jeb/orlib/files/thpack2.txt
BR2,99,BR2-99,2512305,5870,2330,2200,5,174,30.046888,30.08962,99.85798424838865,0,True,1,thpack2.txt,https://people.brunel.ac.uk/~mastjjb/jeb/orlib/files/thpack2.txt
BR2,100,BR2-100,2512405,5870,2330,2200,5,139,29.91257,30.08962,99.41159110683351,0,True,1,thpack2.txt,https://people.brunel.ac.uk/~mastjjb/jeb/orlib/files/thpack2.txt
BR3,1,BR3-1,2502505,5870,2330,2200,8,94,29.989656,30.08962,99.66777912117202,0,True,1,thpack3.txt,https://people.brunel.ac.uk/~mastjjb/jeb/orlib/files/thpack3.txt
BR3,2,BR3-2,2502605,5870,2330,2200,8,115,30.024148,30.08962,99.78241001381872,0,True,1,thpack3.txt,https://people.brunel.ac.uk/~mastjjb/jeb/orlib/files/thpack3.txt
BR3,3,BR3-3,2502705,5870,2330,2200,8,143,30.082278,30.08962,99.97559955891766,0,True,1,thpack3.txt,https://people.brunel.ac.uk/~mastjjb/jeb/orlib/files/thpack3.txt
BR3,4,BR3-4,2502805,5870,2330,2200,8,185,29.970844,30.08962,99.60525922228331,0,True,1,thpack3.txt,https://people.brunel.ac.uk/~mastjjb/jeb/orlib/files/thpack3.txt
BR3,5,BR3-5,2502905,5870,2330,2200,8,113,30.038928,30.08962,99.83152994288396,0,True,1,thpack3.txt,https://people.brunel.ac.uk/~mastjjb/jeb/orlib/files/thpack3.txt
BR3,6,BR3-6,2503005,5870,2330,2200,8,143,29.958864,30.08962,99.5654448278177,0,True,1,thpack3.txt,https://people.brunel.ac.uk/~mastjjb/jeb/orlib/files/thpack3.txt
BR3,7,BR3-7,2503105,5870,2330,2200,8,144,29.979244,30.08962,99.63317582608222,0,True,1,thpack3.txt,https://people.brunel.ac.uk/~mastjjb/jeb/orlib/files/thpack3.txt
BR3,8,BR3-8,2503205,5870,2330,2200,8,104,29.66048,30.08962,98.5737938863967,0,True,1,thpack3.txt,https://people.brunel.ac.uk/~mastjjb/jeb/orlib/files/thpack3.txt
BR3,9,BR3-9,2503305,5870,2330,2200,8,133,30.058428,30.08962,99.89633634456003,0,True,1,thpack3.txt,https://people.brunel.ac.uk/~mastjjb/jeb/orlib/files/thpack3.txt
BR3,10,BR3-10,2503405,5870,2330,2200,8,180,29.778158,30.08962,98.96488556518827,0,True,1,thpack3.txt,https://people.brunel.ac.uk/~mastjjb/jeb/orlib/files/thpack3.txt
BR3,11,BR3-11,2503505,5870,2330,2200,8,119,29.915154,30.08962,99.4201787859069,0,True,1,thpack3.txt,https://people.brunel.ac.uk/~mastjjb/jeb/orlib/files/thpack3.txt
BR3,12,BR3-12,2503605,5870,2330,2200,8,103,29.97524,30.08962,99.61986891160474,0,True,1,thpack3.txt,https://people.brunel.ac.uk/~mastjjb/jeb/orlib/files/thpack3.txt
BR3,13,BR3-13,2503705,5870,2330,2200,8,199,29.952342,30.08962,99.54376957901097,0,True,1,thpack3.txt,https://people.brunel.ac.uk/~mastjjb/jeb/orlib/files/thpack3.txt
BR3,14,BR3-14,2503805,5870,2330,2200,8,104,30.051384,30.08962,99.8729262782315,0,True,1,thpack3.txt,https://people.brunel.ac.uk/~mastjjb/jeb/orlib/files/thpack3.txt
BR3,15,BR3-15,2503905,5870,2330,2200,8,103,29.998851,30.08962,99.6983378321162,0,True,1,thpack3.txt,https://people.brunel.ac.uk/~mastjjb/jeb/orlib/files/thpack3.txt
BR3,16,BR3-16,2504005,5870,2330,2200,8,128,29.864457,30.08962,99.25169211176478,0,True,1,thpack3.txt,https://people.brunel.ac.uk/~mastjjb/jeb/orlib/files/thpack3.txt
BR3,17,BR3-17,2504105,5870,2330,2200,8,86,29.885625,30.08962,99.32204195333806,0,True,1,thpack3.txt,https://people.brunel.ac.uk/~mastjjb/jeb/orlib/files/thpack3.txt
BR3,18,BR3-18,2504205,5870,2330,2200,8,85,29.820569,30.08962,99.10583450372586,0,True,1,thpack3.txt,https://people.brunel.ac.uk/~mastjjb/jeb/orlib/files/thpack3.txt
BR3,19,BR3-19,2504305,5870,2330,2200,8,176,29.994514,30.08962,99.68392422370239,0,True,1,thpack3.txt,https://people.brunel.ac.uk/~mastjjb/jeb/orlib/files/thpack3.txt
BR3,20,BR3-20,2504405,5870,2330,2200,8,135,29.976589,30.08962,99.62435218523864,0,True,1,thpack3.txt,https://people.brunel.ac.uk/~mastjjb/jeb/orlib/files/thpack3.txt
BR3,21,BR3-21,2504505,5870,2330,2200,8,94,30.016548,30.08962,99.75715213419113,0,True,1,thpack3.txt,https://people.brunel.ac.uk/~mastjjb/jeb/orlib/files/thpack3.txt
BR3,22,BR3-22,2504605,5870,2330,2200,8,111,30.050888,30.08962,99.87127786924528,0,True,1,thpack3.txt,https://people.brunel.ac.uk/~mastjjb/jeb/orlib/files/thpack3.txt
BR3,23,BR3-23,2504705,5870,2330,2200,8,130,29.776269,30.08962,98.95860765273872,0,True,1,thpack3.txt,https://people.brunel.ac.uk/~mastjjb/jeb/orlib/files/thpack3.txt
BR3,24,BR3-24,2504805,5870,2330,2200,8,112,29.949114,30.08962,99.53304162697967,0,True,1,thpack3.txt,https://people.brunel.ac.uk/~mastjjb/jeb/orlib/files/thpack3.txt
BR3,25,BR3-25,2504905,5870,2330,2200,8,135,29.900442,30.08962,99.37128484839623,0,True,1,thpack3.txt,https://people.brunel.ac.uk/~mastjjb/jeb/orlib/files/thpack3.txt
BR3,26,BR3-26,2505005,5870,2330,2200,8,161,29.989656,30.08962,99.66777912117202,0,True,1,thpack3.txt,https://people.brunel.ac.uk/~mastjjb/jeb/orlib/files/thpack3.txt
BR3,27,BR3-27,2505105,5870,2330,2200,8,120,30.085008,30.08962,99.9846724551523,0,True,1,thpack3.txt,https://people.brunel.ac.uk/~mastjjb/jeb/orlib/files/thpack3.txt
BR3,28,BR3-28,2505205,5870,2330,2200,8,143,29.975172,30.08962,99.61964292005017,0,True,1,thpack3.txt,https://people.brunel.ac.uk/~mastjjb/jeb/orlib/files/thpack3.txt
BR3,29,BR3-29,2505305,5870,2330,2200,8,194,29.978844,30.08962,99.63184646399655,0,True,1,thpack3.txt,https://people.brunel.ac.uk/~mastjjb/jeb/orlib/files/thpack3.txt
BR3,30,BR3-30,2505405,5870,2330,2200,8,161,30.068915,30.08962,99.93118889504088,0,True,1,thpack3.txt,https://people.brunel.ac.uk/~mastjjb/jeb/orlib/files/thpack3.txt
BR3,31,BR3-31,2505505,5870,2330,2200,8,136,29.911498,30.08962,99.40802841644394,0,True,1,thpack3.txt,https://people.brunel.ac.uk/~mastjjb/jeb/orlib/files/thpack3.txt
BR3,32,BR3-32,2505605,5870,2330,2200,8,141,29.840671,30.08962,99.17264159534085,0,True,1,thpack3.txt,https://people.brunel.ac.uk/~mastjjb/jeb/orlib/files/thpack3.txt
BR3,33,BR3-33,2505705,5870,2330,2200,8,131,30.003018,30.08962,99.71218646164358,0,True,1,thpack3.txt,https://people.brunel.ac.uk/~mastjjb/jeb/orlib/files/thpack3.txt
BR3,34,BR3-34,2505805,5870,2330,2200,8,164,29.852208,30.08962,99.21098372129657,0,True,1,thpack3.txt,https://people.brunel.ac.uk/~mastjjb/jeb/orlib/files/thpack3.txt
BR3,35,BR3-35,2505905,5870,2330,2200,8,149,29.979504,30.08962,99.6340399114379,0,True,1,thpack3.txt,https://people.brunel.ac.uk/~mastjjb/jeb/orlib/files/thpack3.txt
BR3,36,BR3-36,2506005,5870,2330,2200,8,111,29.939777,30.08962,99.50201099249509,0,True,1,thpack3.txt,https://people.brunel.ac.uk/~mastjjb/jeb/orlib/files/thpack3.txt
BR3,37,BR3-37,2506105,5870,2330,2200,8,112,29.894164,30.08962,99.35042051046175,0,True,1,thpack3.txt,https://people.brunel.ac.uk/~mastjjb/jeb/orlib/files/thpack3.txt
BR3,38,BR3-38,2506205,5870,2330,2200,8,103,29.872476,30.08962,99.27834249817711,0,True,1,thpack3.txt,https://people.brunel.ac.uk/~mastjjb/jeb/orlib/files/thpack3.txt
BR3,39,BR3-39,2506305,5870,2330,2200,8,232,29.895013,30.08962,99.35324208148857,0,True,1,thpack3.txt,https://people.brunel.ac.uk/~mastjjb/jeb/orlib/files/thpack3.txt
BR3,40,BR3-40,2506405,5870,2330,2200,8,86,29.832533,30.08962,99.14559572370804,0,True,1,thpack3.txt,https://people.brunel.ac.uk/~mastjjb/jeb/orlib/files/thpack3.txt
BR3,41,BR3-41,2506505,5870,2330,2200,8,124,29.752768,30.08962,98.88050430680082,0,True,1,thpack3.txt,https://people.brunel.ac.uk/~mastjjb/jeb/orlib/files/thpack3.txt
BR3,42,BR3-42,2506605,5870,2330,2200,8,131,29.767149,30.08962,98.9282981971856,0,True,1,thpack3.txt,https://people.brunel.ac.uk/~mastjjb/jeb/orlib/files/thpack3.txt
BR3,43,BR3-43,2506705,5870,2330,2200,8,92,29.682004,30.08962,98.6453268602262,0,True,1,thpack3.txt,https://people.brunel.ac.uk/~mastjjb/jeb/orlib/files/thpack3.txt
BR3,44,BR3-44,2506805,5870,2330,2200,8,142,29.973957,30.08962,99.61560498271497,0,True,1,thpack3.txt,https://people.brunel.ac.uk/~mastjjb/jeb/orlib/files/thpack3.txt
BR3,45,BR3-45,2506905,5870,2330,2200,8,147,29.805915,30.08962,99.05713332371762,0,True,1,thpack3.txt,https://people.brunel.ac.uk/~mastjjb/jeb/orlib/files/thpack3.txt
BR3,46,BR3-46,2507005,5870,2330,2200,8,110,30.008554,30.08962,99.73058483290916,0,True,1,thpack3.txt,https://people.brunel.ac.uk/~mastjjb/jeb/orlib/files/thpack3.txt
BR3,47,BR3-47,2507105,5870,2330,2200,8,148,29.94578,30.08962,99.52196139399567,0,True,1,thpack3.txt,https://people.brunel.ac.uk/~mastjjb/jeb/orlib/files/thpack3.txt
BR3,48,BR3-48,2507205,5870,2330,2200,8,103,29.751802,30.08962,98.87729389736394,0,True,1,thpack3.txt,https://people.brunel.ac.uk/~mastjjb/jeb/orlib/files/thpack3.txt
BR3,49,BR3-49,2507305,5870,2330,2200,8,105,29.924598,30.08962,99.4515650247494,0,True,1,thpack3.txt,https://people.brunel.ac.uk/~mastjjb/jeb/orlib/files/thpack3.txt
BR3,50,BR3-50,2507405,5870,2330,2200,8,136,30.053276,30.08962,99.87921416089668,0,True,1,thpack3.txt,https://people.brunel.ac.uk/~mastjjb/jeb/orlib/files/thpack3.txt
BR3,51,BR3-51,2507505,5870,2330,2200,8,165,29.964528,30.08962,99.58426859495069,0,True,1,thpack3.txt,https://people.brunel.ac.uk/~mastjjb/jeb/orlib/files/thpack3.txt
BR3,52,BR3-52,2507605,5870,2330,2200,8,143,29.920492,30.08962,99.43791912294006,0,True,1,thpack3.txt,https://people.brunel.ac.uk/~mastjjb/jeb/orlib/files/thpack3.txt
BR3,53,BR3-53,2507705,5870,2330,2200,8,100,29.949726,30.08962,99.53507555097073,0,True,1,thpack3.txt,https://people.brunel.ac.uk/~mastjjb/jeb/orlib/files/thpack3.txt
BR3,54,BR3-54,2507805,5870,2330,2200,8,178,29.945676,30.08962,99.5216157598534,0,True,1,thpack3.txt,https://people.brunel.ac.uk/~mastjjb/jeb/orlib/files/thpack3.txt
BR3,55,BR3-55,2507905,5870,2330,2200,8,154,30.054641,30.08962,99.88375060901402,0,True,1,thpack3.txt,https://people.brunel.ac.uk/~mastjjb/jeb/orlib/files/thpack3.txt
BR3,56,BR3-56,2508005,5870,2330,2200,8,212,29.7865,30.08962,98.99260941148475,0,True,1,thpack3.txt,https://people.brunel.ac.uk/~mastjjb/jeb/orlib/files/thpack3.txt
BR3,57,BR3-57,2508105,5870,2330,2200,8,118,30.067682,30.08962,99.92709113641183,0,True,1,thpack3.txt,https://people.brunel.ac.uk/~mastjjb/jeb/orlib/files/thpack3.txt
BR3,58,BR3-58,2508205,5870,2330,2200,8,87,29.935242,30.08962,99.48693934984888,0,True,1,thpack3.txt,https://people.brunel.ac.uk/~mastjjb/jeb/orlib/files/thpack3.txt
BR3,59,BR3-59,2508305,5870,2330,2200,8,216,30.055458,30.08962,99.88646583107396,0,True,1,thpack3.txt,https://people.brunel.ac.uk/~mastjjb/jeb/orlib/files/thpack3.txt
BR3,60,BR3-60,2508405,5870,2330,2200,8,114,29.942481,30.08962,99.51099748019416,0,True,1,thpack3.txt,https://people.brunel.ac.uk/~mastjjb/jeb/orlib/files/thpack3.txt
BR3,61,BR3-61,2508505,5870,2330,2200,8,90,29.90628,30.08962,99.39068688803647,0,True,1,thpack3.txt,https://people.brunel.ac.uk/~mastjjb/jeb/orlib/files/thpack3.txt
BR3,62,BR3-62,2508605,5870,2330,2200,8,114,30.027633,30.08962,99.79399208099005,0,True,1,thpack3.txt,https://people.brunel.ac.uk/~mastjjb/jeb/orlib/files/thpack3.txt
BR3,63,BR3-63,2508705,5870,2330,2200,8,124,29.70359,30.08962,98.71706588517901,0,True,1,thpack3.txt,https://people.brunel.ac.uk/~mastjjb/jeb/orlib/files/thpack3.txt
BR3,64,BR3-64,2508805,5870,2330,2200,8,134,30.084122,30.08962,99.98172791813256,0,True,1,thpack3.txt,https://people.brunel.ac.uk/~mastjjb/jeb/orlib/files/thpack3.txt
BR3,65,BR3-65,2508905,5870,2330,2200,8,140,29.793544,30.08962,99.01601947781327,0,True,1,thpack3.txt,https://people.brunel.ac.uk/~mastjjb/jeb/orlib/files/thpack3.txt
BR3,66,BR3-66,2509005,5870,2330,2200,8,97,29.910377,30.08962,99.40430287919887,0,True,1,thpack3.txt,https://people.brunel.ac.uk/~mastjjb/jeb/orlib/files/thpack3.txt
BR3,67,BR3-67,2509105,5870,2330,2200,8,169,30.047157,30.08962,99.85887824439126,0,True,1,thpack3.txt,https://people.brunel.ac.uk/~mastjjb/jeb/orlib/files/thpack3.txt
BR3,68,BR3-68,2509205,5870,2330,2200,8,119,29.669822,30.08962,98.60484113790736,0,True,1,thpack3.txt,https://people.brunel.ac.uk/~mastjjb/jeb/orlib/files/thpack3.txt
BR3,69,BR3-69,2509305,5870,2330,2200,8,162,29.92661,30.08962,99.45825171604028,0,True,1,thpack3.txt,https://people.brunel.ac.uk/~mastjjb/jeb/orlib/files/thpack3.txt
BR3,70,BR3-70,2509405,5870,2330,2200,8,108,30.020334,30.08962,99.76973454633192,0,True,1,thpack3.txt,https://people.brunel.ac.uk/~mastjjb/jeb/orlib/files/thpack3.txt
BR3,71,BR3-71,2509505,5870,2330,2200,8,131,30.034394,30.08962,99.81646162364297,0,True,1,thpack3.txt,https://people.brunel.ac.uk/~mastjjb/jeb/orlib/files/thpack3.txt
BR3,72,BR3-72,2509605,5870,2330,2200,8,138,29.880252,30.08962,99.30418529712239,0,True,1,thpack3.txt,https://people.brunel.ac.uk/~mastjjb/jeb/orlib/files/thpack3.txt
BR3,73,BR3-73,2509705,5870,2330,2200,8,105,29.960325,30.08962,99.57030032283558,0,True,1,thpack3.txt,https://people.brunel.ac.uk/~mastjjb/jeb/orlib/files/thpack3.txt
BR3,74,BR3-74,2509805,5870,2330,2200,8,114,29.942608,30.08962,99.51141955265636,0,True,1,thpack3.txt,https://people.brunel.ac.uk/~mastjjb/jeb/orlib/files/thpack3.txt
BR3,75,BR3-75,2509905,5870,2330,2200,8,139,29.769993,30.08962,98.93774996161467,0,True,1,thpack3.txt,https://people.brunel.ac.uk/~mastjjb/jeb/orlib/files/thpack3.txt
BR3,76,BR3-76,2510005,5870,2330,2200,8,144,29.736672,30.08962,98.82701077647374,0,True,1,thpack3.txt,https://people.brunel.ac.uk/~mastjjb/jeb/orlib/files/thpack3.txt
BR3,77,BR3-77,2510105,5870,2330,2200,8,201,30.077502,30.08962,99.95972697561484,0,True,1,thpack3.txt,https://people.brunel.ac.uk/~mastjjb/jeb/orlib/files/thpack3.txt
BR3,78,BR3-78,2510205,5870,2330,2200,8,155,30.026062,30.08962,99.78877101139861,0,True,1,thpack3.txt,https://people.brunel.ac.uk/~mastjjb/jeb/orlib/files/thpack3.txt
BR3,79,BR3-79,2510305,5870,2330,2200,8,195,30.062966,30.08962,99.91141795742186,0,True,1,thpack3.txt,https://people.brunel.ac.uk/~mastjjb/jeb/orlib/files/thpack3.txt
BR3,80,BR3-80,2510405,5870,2330,2200,8,114,29.861338,30.08962,99.24132641090183,0,True,1,thpack3.txt,https://people.brunel.ac.uk/~mastjjb/jeb/orlib/files/thpack3.txt
BR3,81,BR3-81,2510505,5870,2330,2200,8,80,29.93328,30.08962,99.4804188288187,0,True,1,thpack3.txt,https://people.brunel.ac.uk/~mastjjb/jeb/orlib/files/thpack3.txt
BR3,82,BR3-82,2510605,5870,2330,2200,8,174,29.91083,30.08962,99.40580838176089,0,True,1,thpack3.txt,https://people.brunel.ac.uk/~mastjjb/jeb/orlib/files/thpack3.txt
BR3,83,BR3-83,2510705,5870,2330,2200,8,140,30.037202,30.08962,99.82579374548433,0,True,1,thpack3.txt,https://people.brunel.ac.uk/~mastjjb/jeb/orlib/files/thpack3.txt
BR3,84,BR3-84,2510805,5870,2330,2200,8,101,29.977872,30.08962,99.6286161141284,0,True,1,thpack3.txt,https://people.brunel.ac.uk/~mastjjb/jeb/orlib/files/thpack3.txt
BR3,85,BR3-85,2510905,5870,2330,2200,8,146,30.049079,30.08962,99.86526582921287,0,True,1,thpack3.txt,https://people.brunel.ac.uk/~mastjjb/jeb/orlib/files/thpack3.txt
BR3,86,BR3-86,2511005,5870,2330,2200,8,155,29.924823,30.08962,99.45231279092258,0,True,1,thpack3.txt,https://people.brunel.ac.uk/~mastjjb/jeb/orlib/files/thpack3.txt
BR3,87,BR3-87,2511105,5870,2330,2200,8,126,29.899423,30.08962,99.367898298483,0,True,1,thpack3.txt,https://people.brunel.ac.uk/~mastjjb/jeb/orlib/files/thpack3.txt
BR3,88,BR3-88,2511205,5870,2330,2200,8,167,29.975124,30.08962,99.61948339659989,0,True,1,thpack3.txt,https://people.brunel.ac.uk/~mastjjb/jeb/orlib/files/thpack3.txt
BR3,89,BR3-89,2511305,5870,2330,2200,8,90,29.989058,30.08962,99.66579172485396,0,True,1,thpack3.txt,https://people.brunel.ac.uk/~mastjjb/jeb/orlib/files/thpack3.txt
BR3,90,BR3-90,2511405,5870,2330,2200,8,84,30.051846,30.08962,99.87446169144044,0,True,1,thpack3.txt,https://people.brunel.ac.uk/~mastjjb/jeb/orlib/files/thpack3.txt
BR3,91,BR3-91,2511505,5870,2330,2200,8,183,29.88465,30.08962,99.31880163325427,0,True,1,thpack3.txt,https://people.brunel.ac.uk/~mastjjb/jeb/orlib/files/thpack3.txt
BR3,92,BR3-92,2511605,5870,2330,2200,8,97,29.638422,30.08962,98.50048621418284,0,True,1,thpack3.txt,https://people.brunel.ac.uk/~mastjjb/jeb/orlib/files/thpack3.txt
BR3,93,BR3-93,2511705,5870,2330,2200,8,84,29.836813,30.08962,99.15981989802464,0,True,1,thpack3.txt,https://people.brunel.ac.uk/~mastjjb/jeb/orlib/files/thpack3.txt
BR3,94,BR3-94,2511805,5870,2330,2200,8,154,29.998899,30.08962,99.69849735556647,0,True,1,thpack3.txt,https://people.brunel.ac.uk/~mastjjb/jeb/orlib/files/thpack3.txt
BR3,95,BR3-95,2511905,5870,2330,2200,8,178,30.040989,30.08962,99.83837948103033,0,True,1,thpack3.txt,https://people.brunel.ac.uk/~mastjjb/jeb/orlib/files/thpack3.txt
BR3,96,BR3-96,2512005,5870,2330,2200,8,197,30.062222,30.08962,99.90894534394253,0,True,1,thpack3.txt,https://people.brunel.ac.uk/~mastjjb/jeb/orlib/files/thpack3.txt
BR3,97,BR3-97,2512105,5870,2330,2200,8,166,30.019916,30.08962,99.7683453629524,0,True,1,thpack3.txt,https://people.brunel.ac.uk/~mastjjb/jeb/orlib/files/thpack3.txt
BR3,98,BR3-98,2512205,5870,2330,2200,8,125,30.084587,30.08962,99.98327330155715,0,True,1,thpack3.txt,https://people.brunel.ac.uk/~mastjjb/jeb/orlib/files/thpack3.txt
BR3,99,BR3-99,2512305,5870,2330,2200,8,110,29.654594,30.08962,98.55423232330618,0,True,1,thpack3.txt,https://people.brunel.ac.uk/~mastjjb/jeb/orlib/files/thpack3.txt
BR3,100,BR3-100,2512405,5870,2330,2200,8,137,30.06411,30.08962,99.91521993298686,0,True,1,thpack3.txt,https://people.brunel.ac.uk/~mastjjb/jeb/orlib/files/thpack3.txt
BR4,1,BR4-1,2502505,5870,2330,2200,10,106,29.36807,30.08962,97.60199696772509,0,True,1,thpack4.txt,https://people.brunel.ac.uk/~mastjjb/jeb/orlib/files/thpack4.txt
BR4,2,BR4-2,2502605,5870,2330,2200,10,123,29.769699,30.08962,98.9367728804817,0,True,1,thpack4.txt,https://people.brunel.ac.uk/~mastjjb/jeb/orlib/files/thpack4.txt
BR4,3,BR4-3,2502705,5870,2330,2200,10,135,30.034983,30.08962,99.8184191093141,0,True,1,thpack4.txt,https://people.brunel.ac.uk/~mastjjb/jeb/orlib/files/thpack4.txt
BR4,4,BR4-4,2502805,5870,2330,2200,10,169,30.024961,30.08962,99.78511194225783,0,True,1,thpack4.txt,https://people.brunel.ac.uk/~mastjjb/jeb/orlib/files/thpack4.txt
BR4,5,BR4-5,2502905,5870,2330,2200,10,130,29.926977,30.08962,99.45947140575387,0,True,1,thpack4.txt,https://people.brunel.ac.uk/~mastjjb/jeb/orlib/files/thpack4.txt
BR4,6,BR4-6,2503005,5870,2330,2200,10,132,29.944178,30.08962,99.5166372988426,0,True,1,thpack4.txt,https://people.brunel.ac.uk/~mastjjb/jeb/orlib/files/thpack4.txt
BR4,7,BR4-7,2503105,5870,2330,2200,10,138,29.971982,30.08962,99.609041257417,0,True,1,thpack4.txt,https://people.brunel.ac.uk/~mastjjb/jeb/orlib/files/thpack4.txt
BR4,8,BR4-8,2503205,5870,2330,2200,10,107,30.045371,30.08962,99.85294264267877,0,True,1,thpack4.txt,https://people.brunel.ac.uk/~mastjjb/jeb/orlib/files/thpack4.txt
BR4,9,BR4-9,2503305,5870,2330,2200,10,149,29.844973,30.08962,99.18693888457216,0,True,1,thpack4.txt,https://people.brunel.ac.uk/~mastjjb/jeb/orlib/files/thpack4.txt
BR4,10,BR4-10,2503405,5870,2330,2200,10,133,29.737416,30.08962,98.82948338995308,0,True,1,thpack4.txt,https://people.brunel.ac.uk/~mastjjb/jeb/orlib/files/thpack4.txt
BR4,11,BR4-11,2503505,5870,2330,2200,10,126,29.880029,30.08962,99.30344417775963,0,True,1,thpack4.txt,https://people.brunel.ac.uk/~mastjjb/jeb/orlib/files/thpack4.txt
BR4,12,BR4-12,2503605,5870,2330,2200,10,114,30.019326,30.08962,99.76638455387605,0,True,1,thpack4.txt,https://people.brunel.ac.uk/~mastjjb/jeb/orlib/files/thpack4.txt
BR4,13,BR4-13,2503705,5870,2330,2200,10,169,29.989343,30.08962,99.66673889533999,0,True,1,thpack4.txt,https://people.brunel.ac.uk/~mastjjb/jeb/orlib/files/thpack4.txt
BR4,14,BR4-14,2503805,5870,2330,2200,10,105,29.888952,30.08962,99.33309892248556,0,True,1,thpack4.txt,https://people.brunel.ac.uk/~mastjjb/jeb/orlib/files/thpack4.txt
BR4,15,BR4-15,2503905,5870,2330,2200,10,100,29.957352,30.08962,99.5604198391339,0,True,1,thpack4.txt,https://people.brunel.ac.uk/~mastjjb/jeb/orlib/files/thpack4.txt
BR4,16,BR4-16,2504005,5870,2330,2200,10,138,29.994637,30.08962,99.68433300254374,0,True,1,thpack4.txt,https://people.brunel.ac.uk/~mastjjb/jeb/orlib/files/thpack4.txt
BR4,17,BR4-17,2504105,5870,2330,2200,10,91,29.657619,30.08962,98.564285624079,0,True,1,thpack4.txt,https://people.brunel.ac.uk/~mastjjb/jeb/orlib/files/thpack4.txt
BR4,18,BR4-18,2504205,5870,2330,2200,10,75,29.508494,30.08962,98.06868282151785,0,True,1,thpack4.txt,https://people.brunel.ac.uk/~mastjjb/jeb/orlib/files/thpack4.txt
BR4,19,BR4-19,2504305,5870,2330,2200,10,138,29.760329,30.08962,98.90563257362506,0,True,1,thpack4.txt,https://people.brunel.ac.uk/~mastjjb/jeb/orlib/files/thpack4.txt
BR4,20,BR4-20,2504405,5870,2330,2200,10,139,30.054769,30.08962,99.88417600488143,0,True,1,thpack4.txt,https://people.brunel.ac.uk/~mastjjb/jeb/orlib/files/thpack4.txt
BR4,21,BR4-21,2504505,5870,2330,2200,10,114,29.944292,30.08962,99.51701616703701,0,True,1,thpack4.txt,https://people.brunel.ac.uk/~mastjjb/jeb/orlib/files/thpack4.txt
BR4,22,BR4-22,2504605,5870,2330,2200,10,111,30.03337,30.08962,99.81305845670367,0,True,1,thpack4.txt,https://people.brunel.ac.uk/~mastjjb/jeb/orlib/files/thpack4.txt
BR4,23,BR4-23,2504705,5870,2330,2200,10,98,29.308132,30.08962,97.40279870599895,0,True,1,thpack4.txt,https://people.brunel.ac.uk/~mastjjb/jeb/orlib/files/thpack4.txt
BR4,24,BR4-24,2504805,5870,2330,2200,10,137,30.074942,30.08962,99.9512190582666,0,True,1,thpack4.txt,https://people.brunel.ac.uk/~mastjjb/jeb/orlib/files/thpack4.txt
BR4,25,BR4-25,2504905,5870,2330,2200,10,133,29.961672,30.08962,99.57477694965905,0,True,1,thpack4.txt,https://people.brunel.ac.uk/~mastjjb/jeb/orlib/files/thpack4.txt
BR4,26,BR4-26,2505005,5870,2330,2200,10,158,30.058881,30.08962,99.89784184712202,0,True,1,thpack4.txt,https://people.brunel.ac.uk/~mastjjb/jeb/orlib/files/thpack4.txt
BR4,27,BR4-27,2505105,5870,2330,2200,10,119,29.730532,30.08962,98.80660506845882,0,True,1,thpack4.txt,https://people.brunel.ac.uk/~mastjjb/jeb/orlib/files/thpack4.txt
BR4,28,BR4-28,2505205,5870,2330,2200,10,175,30.050173,30.08962,99.86890163451714,0,True,1,thpack4.txt,https://people.brunel.ac.uk/~mastjjb/jeb/orlib/files/thpack4.txt
BR4,29,BR4-29,2505305,5870,2330,2200,10,127,30.009936,30.08962,99.73517777891512,0,True,1,thpack4.txt,https://people.brunel.ac.uk/~mastjjb/jeb/orlib/files/thpack4.txt
BR4,30,BR4-30,2505405,5870,2330,2200,10,151,30.040321,30.08962,99.83615944634728,0,True,1,thpack4.txt,https://people.brunel.ac.uk/~mastjjb/jeb/orlib/files/thpack4.txt
BR4,31,BR4-31,2505505,5870,2330,2200,10,145,30.062734,30.08962,99.91064692741217,0,True,1,thpack4.txt,https://people.brunel.ac.uk/~mastjjb/jeb/orlib/files/thpack4.txt
BR4,32,BR4-32,2505605,5870,2330,2200,10,156,29.914213,30.08962,99.41705146160038,0,True,1,thpack4.txt,https://people.brunel.ac.uk/~mastjjb/jeb/orlib/files/thpack4.txt
BR4,33,BR4-33,2505705,5870,2330,2200,10,132,30.024561,30.08962,99.78378258017216,0,True,1,thpack4.txt,https://people.brunel.ac.uk/~mastjjb/jeb/orlib/files/thpack4.txt
BR4,34,BR4-34,2505805,5870,2330,2200,10,136,29.969938,30.08962,99.60224821715927,0,True,1,thpack4.txt,https://people.brunel.ac.uk/~mastjjb/jeb/orlib/files/thpack4.txt
BR4,35,BR4-35,2505905,5870,2330,2200,10,151,29.935788,30.08962,99.48875392909582,0,True,1,thpack4.txt,https://people.brunel.ac.uk/~mastjjb/jeb/orlib/files/thpack4.txt
BR4,36,BR4-36,2506005,5870,2330,2200,10,131,30.047871,30.08962,99.86125115571416,0,True,1,thpack4.txt,https://people.brunel.ac.uk/~mastjjb/jeb/orlib/files/thpack4.txt
BR4,37,BR4-37,2506105,5870,2330,2200,10,136,29.730964,30.08962,98.80804077951134,0,True,1,thpack4.txt,https://people.brunel.ac.uk/~mastjjb/jeb/orlib/files/thpack4.txt
BR4,38,BR4-38,2506205,5870,2330,2200,10,115,29.984672,30.08962,99.65121526958465,0,True,1,thpack4.txt,https://people.brunel.ac.uk/~mastjjb/jeb/orlib/files/thpack4.txt
BR4,39,BR4-39,2506305,5870,2330,2200,10,225,30.068141,30.08962,99.92861657940513,0,True,1,thpack4.txt,https://people.brunel.ac.uk/~mastjjb/jeb/orlib/files/thpack4.txt
BR4,40,BR4-40,2506405,5870,2330,2200,10,102,30.017977,30.08962,99.76190128024216,0,True,1,thpack4.txt,https://people.brunel.ac.uk/~mastjjb/jeb/orlib/files/thpack4.txt
BR4,41,BR4-41,2506505,5870,2330,2200,10,113,30.002208,30.08962,99.70949450342012,0,True,1,thpack4.txt,https://people.brunel.ac.uk/~mastjjb/jeb/orlib/files/thpack4.txt
BR4,42,BR4-42,2506605,5870,2330,2200,10,121,30.033928,30.08962,99.81491291681317,0,True,1,thpack4.txt,https://people.brunel.ac.uk/~mastjjb/jeb/orlib/files/thpack4.txt
BR4,43,BR4-43,2506705,5870,2330,2200,10,90,29.988162,30.08962,99.66281395378206,0,True,1,thpack4.txt,https://people.brunel.ac.uk/~mastjjb/jeb/orlib/files/thpack4.txt
BR4,44,BR4-44,2506805,5870,2330,2200,10,138,30.024267,30.08962,99.78280549903921,0,True,1,thpack4.txt,https://people.brunel.ac.uk/~mastjjb/jeb/orlib/files/thpack4.txt
BR4,45,BR4-45,2506905,5870,2330,2200,10,158,30.086484,30.08962,99.9895778012484,0,True,1,thpack4.txt,https://people.brunel.ac.uk/~mastjjb/jeb/orlib/files/thpack4.txt
BR4,46,BR4-46,2507005,5870,2330,2200,10,98,30.050775,30.08962,99.87090232445608,0,True,1,thpack4.txt,https://people.brunel.ac.uk/~mastjjb/jeb/orlib/files/thpack4.txt
BR4,47,BR4-47,2507105,5870,2330,2200,10,138,29.9469,30.08962,99.52568360783552,0,True,1,thpack4.txt,https://people.brunel.ac.uk/~mastjjb/jeb/orlib/files/thpack4.txt
BR4,48,BR4-48,2507205,5870,2330,2200,10,109,29.794461,30.08962,99.01906704039466,0,True,1,thpack4.txt,https://people.brunel.ac.uk/~mastjjb/jeb/orlib/files/thpack4.txt
BR4,49,BR4-49,2507305,5870,2330,2200,10,106,29.615347,30.08962,98.42379863886616,0,True,1,thpack4.txt,https://people.brunel.ac.uk/~mastjjb/jeb/orlib/files/thpack4.txt
BR4,50,BR4-50,2507405,5870,2330,2200,10,167,29.8884,30.08962,99.33126440280735,0,True,1,thpack4.txt,https://people.brunel.ac.uk/~mastjjb/jeb/orlib/files/thpack4.txt
BR4,51,BR4-51,2507505,5870,2330,2200,10,184,29.972568,30.08962,99.61098877287252,0,True,1,thpack4.txt,https://people.brunel.ac.uk/~mastjjb/jeb/orlib/files/thpack4.txt
BR4,52,BR4-52,2507605,5870,2330,2200,10,143,30.034436,30.08962,99.81660120666197,0,True,1,thpack4.txt,https://people.brunel.ac.uk/~mastjjb/jeb/orlib/files/thpack4.txt
BR4,53,BR4-53,2507705,5870,2330,2200,10,101,29.913754,30.08962,99.41552601860708,0,True,1,thpack4.txt,https://people.brunel.ac.uk/~mastjjb/jeb/orlib/files/thpack4.txt
BR4,54,BR4-54,2507805,5870,2330,2200,10,172,29.958486,30.08962,99.56418858064676,0,True,1,thpack4.txt,https://people.brunel.ac.uk/~mastjjb/jeb/orlib/files/thpack4.txt
BR4,55,BR4-55,2507905,5870,2330,2200,10,143,30.009436,30.08962,99.73351607630804,0,True,1,thpack4.txt,https://people.brunel.ac.uk/~mastjjb/jeb/orlib/files/thpack4.txt
BR4,56,BR4-56,2508005,5870,2330,2200,10,233,29.76948,30.08962,98.93604505473981,0,True,1,thpack4.txt,https://people.brunel.ac.uk/~mastjjb/jeb/orlib/files/thpack4.txt
BR4,57,BR4-57,2508105,5870,2330,2200,10,96,29.850273,30.08962,99.20455293220719,0,True,1,thpack4.txt,https://people.brunel.ac.uk/~mastjjb/jeb/orlib/files/thpack4.txt
BR4,58,BR4-58,2508205,5870,2330,2200,10,106,29.984192,30.08962,99.64962003508187,0,True,1,thpack4.txt,https://people.brunel.ac.uk/~mastjjb/jeb/orlib/files/thpack4.txt
BR4,59,BR4-59,2508305,5870,2330,2200,10,199,30.084263,30.08962,99.98219651826776,0,True,1,thpack4.txt,https://people.brunel.ac.uk/~mastjjb/jeb/orlib/files/thpack4.txt
BR4,60,BR4-60,2508405,5870,2330,2200,10,125,30.016571,30.08962,99.75722857251105,0,True,1,thpack4.txt,https://people.brunel.ac.uk/~mastjjb/jeb/orlib/files/thpack4.txt
BR4,61,BR4-61,2508505,5870,2330,2200,10,121,29.88045,30.08962,99.3048433313548,0,True,1,thpack4.txt,https://people.brunel.ac.uk/~mastjjb/jeb/orlib/files/thpack4.txt
BR4,62,BR4-62,2508605,5870,2330,2200,10,125,29.936827,30.08962,99.49220694711333,0,True,1,thpack4.txt,https://people.brunel.ac.uk/~mastjjb/jeb/orlib/files/thpack4.txt
BR4,63,BR4-63,2508705,5870,2330,2200,10,100,30.057874,30.08962,99.89449517807138,0,True,1,thpack4.txt,https://people.brunel.ac.uk/~mastjjb/jeb/orlib/files/thpack4.txt
BR4,64,BR4-64,2508805,5870,2330,2200,10,118,29.878082,30.08962,99.29697350780768,0,True,1,thpack4.txt,https://people.brunel.ac.uk/~mastjjb/jeb/orlib/files/thpack4.txt
BR4,65,BR4-65,2508905,5870,2330,2200,10,156,30.065988,30.08962,99.92146128797904,0,True,1,thpack4.txt,https://people.brunel.ac.uk/~mastjjb/jeb/orlib/files/thpack4.txt
BR4,66,BR4-66,2509005,5870,2330,2200,10,105,30.062041,30.08962,99.90834380759877,0,True,1,thpack4.txt,https://people.brunel.ac.uk/~mastjjb/jeb/orlib/files/thpack4.txt
BR4,67,BR4-67,2509105,5870,2330,2200,10,170,29.892117,30.08962,99.34361749998837,0,True,1,thpack4.txt,https://people.brunel.ac.uk/~mastjjb/jeb/orlib/files/thpack4.txt
BR4,68,BR4-68,2509205,5870,2330,2200,10,103,29.915512,30.08962,99.42136856497356,0,True,1,thpack4.txt,https://people.brunel.ac.uk/~mastjjb/jeb/orlib/files/thpack4.txt
BR4,69,BR4-69,2509305,5870,2330,2200,10,157,30.042595,30.08962,99.84371686980427,0,True,1,thpack4.txt,https://people.brunel.ac.uk/~mastjjb/jeb/orlib/files/thpack4.txt
BR4,70,BR4-70,2509405,5870,2330,2200,10,117,29.96595,30.08962,99.58899447716522,0,True,1,thpack4.txt,https://people.brunel.ac.uk/~mastjjb/jeb/orlib/files/thpack4.txt
BR4,71,BR4-71,2509505,5870,2330,2200,10,138,30.04682,30.08962,99.85775825683409,0,True,1,thpack4.txt,https://people.brunel.ac.uk/~mastjjb/jeb/orlib/files/thpack4.txt
BR4,72,BR4-72,2509605,5870,2330,2200,10,129,30.048429,30.08962,99.86310561582367,0,True,1,thpack4.txt,https://people.brunel.ac.uk/~mastjjb/jeb/orlib/files/thpack4.txt
BR4,73,BR4-73,2509705,5870,2330,2200,10,117,29.939835,30.08962,99.5022037499975,0,True,1,thpack4.txt,https://people.brunel.ac.uk/~mastjjb/jeb/orlib/files/thpack4.txt
BR4,74,BR4-74,2509805,5870,2330,2200,10,91,29.74197,30.08962,98.84461817729834,0,True,1,thpack4.txt,https://people.brunel.ac.uk/~mastjjb/jeb/orlib/files/thpack4.txt
BR4,75,BR4-75,2509905,5870,2330,2200,10,148,30.04929,30.08962,99.86596706771306,0,True,1,thpack4.txt,https://people.brunel.ac.uk/~mastjjb/jeb/orlib/files/thpack4.txt
BR4,76,BR4-76,2510005,5870,2330,2200,10,118,29.837344,30.08962,99.16158462619336,0,True,1,thpack4.txt,https://people.brunel.ac.uk/~mastjjb/jeb/orlib/files/thpack4.txt
BR4,77,BR4-77,2510105,5870,2330,2200,10,179,29.764882,30.08962,98.9207640375651,0,True,1,thpack4.txt,https://people.brunel.ac.uk/~mastjjb/jeb/orlib/files/thpack4.txt
BR4,78,BR4-78,2510205,5870,2330,2200,10,164,29.97359,30.08962,99.61438529300138,0,True,1,thpack4.txt,https://people.brunel.ac.uk/~mastjjb/jeb/orlib/files/thpack4.txt
BR4,79,BR4-79,2510305,5870,2330,2200,10,217,29.982922,30.08962,99.64539931045988,0,True,1,thpack4.txt,https://people.brunel.ac.uk/~mastjjb/jeb/orlib/files/thpack4.txt
BR4,80,BR4-80,2510405,5870,2330,2200,10,132,29.980587,30.08962,99.63763915928483,0,True,1,thpack4.txt,https://people.brunel.ac.uk/~mastjjb/jeb/orlib/files/thpack4.txt
BR4,81,BR4-81,2510505,5870,2330,2200,10,104,30.029568,30.08962,99.80042287007946,0,True,1,thpack4.txt,https://people.brunel.ac.uk/~mastjjb/jeb/orlib/files/thpack4.txt
BR4,82,BR4-82,2510605,5870,2330,2200,10,153,29.694121,30.08962,98.68559656120615,0,True,1,thpack4.txt,https://people.brunel.ac.uk/~mastjjb/jeb/orlib/files/thpack4.txt
BR4,83,BR4-83,2510705,5870,2330,2200,10,128,30.073229,30.08962,99.94552606513474,0,True,1,thpack4.txt,https://people.brunel.ac.uk/~mastjjb/jeb/orlib/files/thpack4.txt
BR4,84,BR4-84,2510805,5870,2330,2200,10,125,29.767738,30.08962,98.93025568285675,0,True,1,thpack4.txt,https://people.brunel.ac.uk/~mastjjb/jeb/orlib/files/thpack4.txt
BR4,85,BR4-85,2510905,5870,2330,2200,10,123,29.980329,30.08962,99.63678172073958,0,True,1,thpack4.txt,https://people.brunel.ac.uk/~mastjjb/jeb/orlib/files/thpack4.txt
BR4,86,BR4-86,2511005,5870,2330,2200,10,152,29.987285,30.08962,99.65989932740925,0,True,1,thpack4.txt,https://people.brunel.ac.uk/~mastjjb/jeb/orlib/files/thpack4.txt
BR4,87,BR4-87,2511105,5870,2330,2200,10,108,29.526055,30.08962,98.12704514048366,0,True,1,thpack4.txt,https://people.brunel.ac.uk/~mastjjb/jeb/orlib/files/thpack4.txt
BR4,88,BR4-88,2511205,5870,2330,2200,10,178,30.003768,30.08962,99.7146790155542,0,True,1,thpack4.txt,https://people.brunel.ac.uk/~mastjjb/jeb/orlib/files/thpack4.txt
BR4,89,BR4-89,2511305,5870,2330,2200,10,93,29.822132,30.08962,99.1110289860756,0,True,1,thpack4.txt,https://people.brunel.ac.uk/~mastjjb/jeb/orlib/files/thpack4.txt
BR4,90,BR4-90,2511405,5870,2330,2200,10,95,29.650998,30.08962,98.54228135815607,0,True,1,thpack4.txt,https://people.brunel.ac.uk/~mastjjb/jeb/orlib/files/thpack4.txt
BR4,91,BR4-91,2511505,5870,2330,2200,10,134,30.047893,30.08962,99.86132427062887,0,True,1,thpack4.txt,https://people.brunel.ac.uk/~mastjjb/jeb/orlib/files/thpack4.txt
BR4,92,BR4-92,2511605,5870,2330,2200,10,93,29.696555,30.08962,98.69368572949742,0,True,1,thpack4.txt,https://people.brunel.ac.uk/~mastjjb/jeb/orlib/files/thpack4.txt
BR4,93,BR4-93,2511705,5870,2330,2200,10,78,29.71913,30.08962,98.768711602207,0,True,1,thpack4.txt,https://people.brunel.ac.uk/~mastjjb/jeb/orlib/files/thpack4.txt
BR4,94,BR4-94,2511805,5870,2330,2200,10,141,30.042972,30.08962,99.84496979357,0,True,1,thpack4.txt,https://people.brunel.ac.uk/~mastjjb/jeb/orlib/files/thpack4.txt
BR4,95,BR4-95,2511905,5870,2330,2200,10,181,29.863834,30.08962,99.24962163031637,0,True,1,thpack4.txt,https://people.brunel.ac.uk/~mastjjb/jeb/orlib/files/thpack4.txt
BR4,96,BR4-96,2512005,5870,2330,2200,10,149,29.8143,30.08962,99.08500007643832,0,True,1,thpack4.txt,https://people.brunel.ac.uk/~mastjjb/jeb/orlib/files/thpack4.txt
BR4,97,BR4-97,2512105,5870,2330,2200,10,142,29.89804,30.08962,99.36330202907182,0,True,1,thpack4.txt,https://people.brunel.ac.uk/~mastjjb/jeb/orlib/files/thpack4.txt
BR4,98,BR4-98,2512205,5870,2330,2200,10,116,29.894032,30.08962,99.34998182097348,0,True,1,thpack4.txt,https://people.brunel.ac.uk/~mastjjb/jeb/orlib/files/thpack4.txt
BR4,99,BR4-99,2512305,5870,2330,2200,10,134,29.910077,30.08962,99.40330585763462,0,True,1,thpack4.txt,https://people.brunel.ac.uk/~mastjjb/jeb/orlib/files/thpack4.txt
BR4,100,BR4-100,2512405,5870,2330,2200,10,144,29.8201,30.08962,99.10427582668044,0,True,1,thpack4.txt,https://people.brunel.ac.uk/~mastjjb/jeb/orlib/files/thpack4.txt
BR5,1,BR5-1,2502505,5870,2330,2200,12,98,29.695472,30.08962,98.69008648165048,0,True,1,thpack5.txt,https://people.brunel.ac.uk/~mastjjb/jeb/orlib/files/thpack5.txt
BR5,2,BR5-2,2502605,5870,2330,2200,12,138,29.670917,30.08962,98.60848026661687,0,True,1,thpack5.txt,https://people.brunel.ac.uk/~mastjjb/jeb/orlib/files/thpack5.txt
BR5,3,BR5-3,2502705,5870,2330,2200,12,133,30.069182,30.08962,99.93207624423306,0,True,1,thpack5.txt,https://people.brunel.ac.uk/~mastjjb/jeb/orlib/files/thpack5.txt
BR5,4,BR5-4,2502805,5870,2330,2200,12,142,30.078947,30.08962,99.96452929614931,0,True,1,thpack5.txt,https://people.brunel.ac.uk/~mastjjb/jeb/orlib/files/thpack5.txt
BR5,5,BR5-5,2502905,5870,2330,2200,12,129,29.853355,30.08962,99.21479566707721,0,True,1,thpack5.txt,https://people.brunel.ac.uk/~mastjjb/jeb/orlib/files/thpack5.txt
BR5,6,BR5-6,2503005,5870,2330,2200,12,140,29.923994,30.08962,99.44955768800004,0,True,1,thpack5.txt,https://people.brunel.ac.uk/~mastjjb/jeb/orlib/files/thpack5.txt
BR5,7,BR5-7,2503105,5870,2330,2200,12,132,29.983628,30.08962,99.64774563454108,0,True,1,thpack5.txt,https://people.brunel.ac.uk/~mastjjb/jeb/orlib/files/thpack5.txt
BR5,8,BR5-8,2503205,5870,2330,2200,12,98,29.826464,30.08962,99.12542597746332,0,True,1,thpack5.txt,https://people.brunel.ac.uk/~mastjjb/jeb/orlib/files/thpack5.txt
BR5,9,BR5-9,2503305,5870,2330,2200,12,135,29.956165,30.08962,99.55647495714469,0,True,1,thpack5.txt,https://people.brunel.ac.uk/~mastjjb/jeb/orlib/files/thpack5.txt
BR5,10,BR5-10,2503405,5870,2330,2200,12,133,30.034516,30.08962,99.8168670790791,0,True,1,thpack5.txt,https://people.brunel.ac.uk/~mastjjb/jeb/orlib/files/thpack5.txt
BR5,11,BR5-11,2503505,5870,2330,2200,12,144,30.0774,30.08962,99.959387988283,0,True,1,thpack5.txt,https://people.brunel.ac.uk/~mastjjb/jeb/orlib/files/thpack5.txt
BR5,12,BR5-12,2503605,5870,2330,2200,12,109,29.995648,30.08962,99.68769296521525,0,True,1,thpack5.txt,https://people.brunel.ac.uk/~mastjjb/jeb/orlib/files/thpack5.txt
BR5,13,BR5-13,2503705,5870,2330,2200,12,199,29.903486,30.08962,99.38140129386812,0,True,1,thpack5.txt,https://people.brunel.ac.uk/~mastjjb/jeb/orlib/files/thpack5.txt
BR5,14,BR5-14,2503805,5870,2330,2200,12,123,29.741826,30.08962,98.84413960694751,0,True,1,thpack5.txt,https://people.brunel.ac.uk/~mastjjb/jeb/orlib/files/thpack5.txt
BR5,15,BR5-15,2503905,5870,2330,2200,12,104,29.564443,30.08962,98.25462401984471,0,True,1,thpack5.txt,https://people.brunel.ac.uk/~mastjjb/jeb/orlib/files/thpack5.txt
BR5,16,BR5-16,2504005,5870,2330,2200,12,118,29.831097,30.08962,99.14082331382052,0,True,1,thpack5.txt,https://people.brunel.ac.uk/~mastjjb/jeb/orlib/files/thpack5.txt
BR5,17,BR5-17,2504105,5870,2330,2200,12,108,29.919347,30.08962,99.43411382396987,0,True,1,thpack5.txt,https://people.brunel.ac.uk/~mastjjb/jeb/orlib/files/thpack5.txt
BR5,18,BR5-18,2504205,5870,2330,2200,12,87,29.992032,30.08962,99.67567553196085,0,True,1,thpack5.txt,https://people.brunel.ac.uk/~mastjjb/jeb/orlib/files/thpack5.txt
BR5,19,BR5-19,2504305,5870,2330,2200,12,142,29.758467,30.08962,98.8994443931163,0,True,1,thpack5.txt,https://people.brunel.ac.uk/~mastjjb/jeb/orlib/files/thpack5.txt
BR5,20,BR5-20,2504405,5870,2330,2200,12,138,29.764522,30.08962,98.91956761168802,0,True,1,thpack5.txt,https://people.brunel.ac.uk/~mastjjb/jeb/orlib/files/thpack5.txt
BR5,21,BR5-21,2504505,5870,2330,2200,12,128,30.030574,30.08962,99.80376621572489,0,True,1,thpack5.txt,https://people.brunel.ac.uk/~mastjjb/jeb/orlib/files/thpack5.txt
BR5,22,BR5-22,2504605,5870,2330,2200,12,116,30.083086,30.08962,99.9782848703307,0,True,1,thpack5.txt,https://people.brunel.ac.uk/~mastjjb/jeb/orlib/files/thpack5.txt
BR5,23,BR5-23,2504705,5870,2330,2200,12,143,29.639155,30.08962,98.5029222702048,0,True,1,thpack5.txt,https://people.brunel.ac.uk/~mastjjb/jeb/orlib/files/thpack5.txt
BR5,24,BR5-24,2504805,5870,2330,2200,12,111,29.921447,30.08962,99.44109297491958,0,True,1,thpack5.txt,https://people.brunel.ac.uk/~mastjjb/jeb/orlib/files/thpack5.txt
BR5,25,BR5-25,2504905,5870,2330,2200,12,143,29.843903,30.08962,99.183382840993,0,True,1,thpack5.txt,https://people.brunel.ac.uk/~mastjjb/jeb/orlib/files/thpack5.txt
BR5,26,BR5-26,2505005,5870,2330,2200,12,161,30.078681,30.08962,99.96364527036233,0,True,1,thpack5.txt,https://people.brunel.ac.uk/~mastjjb/jeb/orlib/files/thpack5.txt
BR5,27,BR5-27,2505105,5870,2330,2200,12,120,29.849545,30.08962,99.20213349321128,0,True,1,thpack5.txt,https://people.brunel.ac.uk/~mastjjb/jeb/orlib/files/thpack5.txt
BR5,28,BR5-28,2505205,5870,2330,2200,12,180,30.037879,30.08962,99.82804369081431,0,True,1,thpack5.txt,https://people.brunel.ac.uk/~mastjjb/jeb/orlib/files/thpack5.txt
BR5,29,BR5-29,2505305,5870,2330,2200,12,120,29.386614,30.08962,97.6636261940164,0,True,1,thpack5.txt,https://people.brunel.ac.uk/~mastjjb/jeb/orlib/files/thpack5.txt
BR5,30,BR5-30,2505405,5870,2330,2200,12,135,29.71098,30.08962,98.74162584971162,0,True,1,thpack5.txt,https://people.brunel.ac.uk/~mastjjb/jeb/orlib/files/thpack5.txt
BR5,31,BR5-31,2505505,5870,2330,2200,12,147,29.940042,30.08962,99.50289169487684,0,True,1,thpack5.txt,https://people.brunel.ac.uk/~mastjjb/jeb/orlib/files/thpack5.txt
BR5,32,BR5-32,2505605,5870,2330,2200,12,163,30.046072,30.08962,99.8552723497339,0,True,1,thpack5.txt,https://people.brunel.ac.uk/~mastjjb/jeb/orlib/files/thpack5.txt
BR5,33,BR5-33,2505705,5870,2330,2200,12,141,29.996475,30.08962,99.69044142132736,0,True,1,thpack5.txt,https://people.brunel.ac.uk/~mastjjb/jeb/orlib/files/thpack5.txt
BR5,34,BR5-34,2505805,5870,2330,2200,12,115,29.992074,30.08962,99.67581511497986,0,True,1,thpack5.txt,https://people.brunel.ac.uk/~mastjjb/jeb/orlib/files/thpack5.txt
BR5,35,BR5-35,2505905,5870,2330,2200,12,143,29.951616,30.08962,99.54135678682549,0,True,1,thpack5.txt,https://people.brunel.ac.uk/~mastjjb/jeb/orlib/files/thpack5.txt
BR5,36,BR5-36,2506005,5870,2330,2200,12,124,30.007858,30.08962,99.72827174288011,0,True,1,thpack5.txt,https://people.brunel.ac.uk/~mastjjb/jeb/orlib/files/thpack5.txt
BR5,37,BR5-37,2506105,5870,2330,2200,12,122,29.722435,30.08962,98.7796954564398,0,True,1,thpack5.txt,https://people.brunel.ac.uk/~mastjjb/jeb/orlib/files/thpack5.txt
BR5,38,BR5-38,2506205,5870,2330,2200,12,118,29.763414,30.08962,98.91588527871073,0,True,1,thpack5.txt,https://people.brunel.ac.uk/~mastjjb/jeb/orlib/files/thpack5.txt
BR5,39,BR5-39,2506305,5870,2330,2200,12,196,29.993876,30.08962,99.68180389117576,0,True,1,thpack5.txt,https://people.brunel.ac.uk/~mastjjb/jeb/orlib/files/thpack5.txt
BR5,40,BR5-40,2506405,5870,2330,2200,12,106,29.993463,30.08962,99.68043132482232,0,True,1,thpack5.txt,https://people.brunel.ac.uk/~mastjjb/jeb/orlib/files/thpack5.txt
BR5,41,BR5-41,2506505,5870,2330,2200,12,133,29.96387,30.08962,99.58208179431976,0,True,1,thpack5.txt,https://people.brunel.ac.uk/~mastjjb/jeb/orlib/files/thpack5.txt
BR5,42,BR5-42,2506605,5870,2330,2200,12,113,29.901893,30.08962,99.37610710936197,0,True,1,thpack5.txt,https://people.brunel.ac.uk/~mastjjb/jeb/orlib/files/thpack5.txt
BR5,43,BR5-43,2506705,5870,2330,2200,12,113,29.590644,30.08962,98.34170055986084,0,True,1,thpack5.txt,https://people.brunel.ac.uk/~mastjjb/jeb/orlib/files/thpack5.txt
BR5,44,BR5-44,2506805,5870,2330,2200,12,136,30.003773,30.08962,99.71469563258027,0,True,1,thpack5.txt,https://people.brunel.ac.uk/~mastjjb/jeb/orlib/files/thpack5.txt
BR5,45,BR5-45,2506905,5870,2330,2200,12,171,29.86016,30.08962,99.23741143955955,0,True,1,thpack5.txt,https://people.brunel.ac.uk/~mastjjb/jeb/orlib/files/thpack5.txt
BR5,46,BR5-46,2507005,5870,2330,2200,12,99,29.854159,30.08962,99.2174676848694,0,True,1,thpack5.txt,https://people.brunel.ac.uk/~mastjjb/jeb/orlib/files/thpack5.txt
BR5,47,BR5-47,2507105,5870,2330,2200,12,146,29.96317,30.08962,99.57975541066986,0,True,1,thpack5.txt,https://people.brunel.ac.uk/~mastjjb/jeb/orlib/files/thpack5.txt
BR5,48,BR5-48,2507205,5870,2330,2200,12,111,29.935105,30.08962,99.48648404333454,0,True,1,thpack5.txt,https://people.brunel.ac.uk/~mastjjb/jeb/orlib/files/thpack5.txt
BR5,49,BR5-49,2507305,5870,2330,2200,12,104,29.776921,30.08962,98.96077451293836,0,True,1,thpack5.txt,https://people.brunel.ac.uk/~mastjjb/jeb/orlib/files/thpack5.txt
BR5,50,BR5-50,2507405,5870,2330,2200,12,172,30.034278,30.08962,99.81607610863813,0,True,1,thpack5.txt,https://people.brunel.ac.uk/~mastjjb/jeb/orlib/files/thpack5.txt
BR5,51,BR5-51,2507505,5870,2330,2200,12,195,30.030485,30.08962,99.80347043266083,0,True,1,thpack5.txt,https://people.brunel.ac.uk/~mastjjb/jeb/orlib/files/thpack5.txt
BR5,52,BR5-52,2507605,5870,2330,2200,12,139,29.986688,30.08962,99.6579152544964,0,True,1,thpack5.txt,https://people.brunel.ac.uk/~mastjjb/jeb/orlib/files/thpack5.txt
BR5,53,BR5-53,2507705,5870,2330,2200,12,122,29.869944,30.08962,99.26992763617487,0,True,1,thpack5.txt,https://people.brunel.ac.uk/~mastjjb/jeb/orlib/files/thpack5.txt
BR5,54,BR5-54,2507805,5870,2330,2200,12,183,30.060325,30.08962,99.90264084425128,0,True,1,thpack5.txt,https://people.brunel.ac.uk/~mastjjb/jeb/orlib/files/thpack5.txt
BR5,55,BR5-55,2507905,5870,2330,2200,12,136,30.013931,30.08962,99.74845478274568,0,True,1,thpack5.txt,https://people.brunel.ac.uk/~mastjjb/jeb/orlib/files/thpack5.txt
BR5,56,BR5-56,2508005,5870,2330,2200,12,218,30.084478,30.08962,99.98291105038881,0,True,1,thpack5.txt,https://people.brunel.ac.uk/~mastjjb/jeb/orlib/files/thpack5.txt
BR5,57,BR5-57,2508105,5870,2330,2200,12,104,29.87591,30.08962,99.28975507168254,0,True,1,thpack5.txt,https://people.brunel.ac.uk/~mastjjb/jeb/orlib/files/thpack5.txt
BR5,58,BR5-58,2508205,5870,2330,2200,12,115,29.657927,30.08962,98.56530923288496,0,True,1,thpack5.txt,https://people.brunel.ac.uk/~mastjjb/jeb/orlib/files/thpack5.txt
BR5,59,BR5-59,2508305,5870,2330,2200,12,154,29.971077,30.08962,99.60603357569819,0,True,1,thpack5.txt,https://people.brunel.ac.uk/~mastjjb/jeb/orlib/files/thpack5.txt
BR5,60,BR5-60,2508405,5870,2330,2200,12,127,29.924846,30.08962,99.45238922924251,0,True,1,thpack5.txt,https://people.brunel.ac.uk/~mastjjb/jeb/orlib/files/thpack5.txt
BR5,61,BR5-61,2508505,5870,2330,2200,12,106,29.606228,30.08962,98.39349250671826,0,True,1,thpack5.txt,https://people.brunel.ac.uk/~mastjjb/jeb/orlib/files/thpack5.txt
BR5,62,BR5-62,2508605,5870,2330,2200,12,131,29.593239,30.08962,98.35032479639158,0,True,1,thpack5.txt,https://people.brunel.ac.uk/~mastjjb/jeb/orlib/files/thpack5.txt
BR5,63,BR5-63,2508705,5870,2330,2200,12,105,29.865422,30.08962,99.25489919779645,0,True,1,thpack5.txt,https://people.brunel.ac.uk/~mastjjb/jeb/orlib/files/thpack5.txt
BR5,64,BR5-64,2508805,5870,2330,2200,12,115,29.685774,30.08962,98.6578560978836,0,True,1,thpack5.txt,https://people.brunel.ac.uk/~mastjjb/jeb/orlib/files/thpack5.txt
BR5,65,BR5-65,2508905,5870,2330,2200,12,160,30.028298,30.08962,99.79620214545747,0,True,1,thpack5.txt,https://people.brunel.ac.uk/~mastjjb/jeb/orlib/files/thpack5.txt
BR5,66,BR5-66,2509005,5870,2330,2200,12,108,29.770515,30.08962,98.93948477913645,0,True,1,thpack5.txt,https://people.brunel.ac.uk/~mastjjb/jeb/orlib/files/thpack5.txt
BR5,67,BR5-67,2509105,5870,2330,2200,12,141,29.95876,30.08962,99.56509919367542,0,True,1,thpack5.txt,https://people.brunel.ac.uk/~mastjjb/jeb/orlib/files/thpack5.txt
BR5,68,BR5-68,2509205,5870,2330,2200,12,103,29.689578,30.08962,98.67049833131824,0,True,1,thpack5.txt,https://people.brunel.ac.uk/~mastjjb/jeb/orlib/files/thpack5.txt
BR5,69,BR5-69,2509305,5870,2330,2200,12,158,29.998293,30.08962,99.6964833720067,0,True,1,thpack5.txt,https://people.brunel.ac.uk/~mastjjb/jeb/orlib/files/thpack5.txt
BR5,70,BR5-70,2509405,5870,2330,2200,12,109,29.92682,30.08962,99.45894963113525,0,True,1,thpack5.txt,https://people.brunel.ac.uk/~mastjjb/jeb/orlib/files/thpack5.txt
BR5,71,BR5-71,2509505,5870,2330,2200,12,141,30.053394,30.08962,99.87960632271195,0,True,1,thpack5.txt,https://people.brunel.ac.uk/~mastjjb/jeb/orlib/files/thpack5.txt
BR5,72,BR5-72,2509605,5870,2330,2200,12,135,30.062263,30.08962,99.9090816035563,0,True,1,thpack5.txt,https://people.brunel.ac.uk/~mastjjb/jeb/orlib/files/thpack5.txt
BR5,73,BR5-73,2509705,5870,2330,2200,12,127,29.84835,30.08962,99.19816202398036,0,True,1,thpack5.txt,https://people.brunel.ac.uk/~mastjjb/jeb/orlib/files/thpack5.txt
BR5,74,BR5-74,2509805,5870,2330,2200,12,101,30.015068,30.08962,99.75223349447417,0,True,1,thpack5.txt,https://people.brunel.ac.uk/~mastjjb/jeb/orlib/files/thpack5.txt
BR5,75,BR5-75,2509905,5870,2330,2200,12,116,29.625799,30.08962,98.45853487016453,0,True,1,thpack5.txt,https://people.brunel.ac.uk/~mastjjb/jeb/orlib/files/thpack5.txt
BR5,76,BR5-76,2510005,5870,2330,2200,12,113,29.957416,30.08962,99.56063253706759,0,True,1,thpack5.txt,https://people.brunel.ac.uk/~mastjjb/jeb/orlib/files/thpack5.txt
BR5,77,BR5-77,2510105,5870,2330,2200,12,171,30.033191,30.08962,99.81246356717034,0,True,1,thpack5.txt,https://people.brunel.ac.uk/~mastjjb/jeb/orlib/files/thpack5.txt
BR5,78,BR5-78,2510205,5870,2330,2200,12,163,29.86147,30.08962,99.2417651003901,0,True,1,thpack5.txt,https://people.brunel.ac.uk/~mastjjb/jeb/orlib/files/thpack5.txt
BR5,79,BR5-79,2510305,5870,2330,2200,12,190,30.026203,30.08962,99.78923961153382,0,True,1,thpack5.txt,https://people.brunel.ac.uk/~mastjjb/jeb/orlib/files/thpack5.txt
BR5,80,BR5-80,2510405,5870,2330,2200,12,143,29.953585,30.08962,99.54790057169217,0,True,1,thpack5.txt,https://people.brunel.ac.uk/~mastjjb/jeb/orlib/files/thpack5.txt
BR5,81,BR5-81,2510505,5870,2330,2200,12,101,30.02992,30.08962,99.80159270871484,0,True,1,thpack5.txt,https://people.brunel.ac.uk/~mastjjb/jeb/orlib/files/thpack5.txt
BR5,82,BR5-82,2510605,5870,2330,2200,12,135,29.951616,30.08962,99.54135678682549,0,True,1,thpack5.txt,https://people.brunel.ac.uk/~mastjjb/jeb/orlib/files/thpack5.txt
BR5,83,BR5-83,2510705,5870,2330,2200,12,127,29.971304,30.08962,99.60678798868182,0,True,1,thpack5.txt,https://people.brunel.ac.uk/~mastjjb/jeb/orlib/files/thpack5.txt
BR5,84,BR5-84,2510805,5870,2330,2200,12,138,29.86091,30.08962,99.23990399347016,0,True,1,thpack5.txt,https://people.brunel.ac.uk/~mastjjb/jeb/orlib/files/thpack5.txt
BR5,85,BR5-85,2510905,5870,2330,2200,12,126,30.010787,30.08962,99.73800599675236,0,True,1,thpack5.txt,https://people.brunel.ac.uk/~mastjjb/jeb/orlib/files/thpack5.txt
BR5,86,BR5-86,2511005,5870,2330,2200,12,126,29.70626,30.08962,98.7259393771008,0,True,1,thpack5.txt,https://people.brunel.ac.uk/~mastjjb/jeb/orlib/files/thpack5.txt
BR5,87,BR5-87,2511105,5870,2330,2200,12,113,29.95078,30.08962,99.53857842006646,0,True,1,thpack5.txt,https://people.brunel.ac.uk/~mastjjb/jeb/orlib/files/thpack5.txt
BR5,88,BR5-88,2511205,5870,2330,2200,12,171,30.081321,30.08962,99.97241906012772,0,True,1,thpack5.txt,https://people.brunel.ac.uk/~mastjjb/jeb/orlib/files/thpack5.txt
BR5,89,BR5-89,2511305,5870,2330,2200,12,93,29.96405,30.08962,99.58268000725832,0,True,1,thpack5.txt,https://people.brunel.ac.uk/~mastjjb/jeb/orlib/files/thpack5.txt
BR5,90,BR5-90,2511405,5870,2330,2200,12,99,30.042737,30.08962,99.84418879334468,0,True,1,thpack5.txt,https://people.brunel.ac.uk/~mastjjb/jeb/orlib/files/thpack5.txt
BR5,91,BR5-91,2511505,5870,2330,2200,12,138,29.962916,30.08962,99.57891126574546,0,True,1,thpack5.txt,https://people.brunel.ac.uk/~mastjjb/jeb/orlib/files/thpack5.txt
BR5,92,BR5-92,2511605,5870,2330,2200,12,116,29.539871,30.08962,98.17296130692246,0,True,1,thpack5.txt,https://people.brunel.ac.uk/~mastjjb/jeb/orlib/files/thpack5.txt
BR5,93,BR5-93,2511705,5870,2330,2200,12,84,29.750953,30.08962,98.87447232633713,0,True,1,thpack5.txt,https://people.brunel.ac.uk/~mastjjb/jeb/orlib/files/thpack5.txt
BR5,94,BR5-94,2511805,5870,2330,2200,12,130,29.855808,30.08962,99.22294798006754,0,True,1,thpack5.txt,https://people.brunel.ac.uk/~mastjjb/jeb/orlib/files/thpack5.txt
BR5,95,BR5-95,2511905,5870,2330,2200,12,186,30.009097,30.08962,99.73238944194044,0,True,1,thpack5.txt,https://people.brunel.ac.uk/~mastjjb/jeb/orlib/files/thpack5.txt
BR5,96,BR5-96,2512005,5870,2330,2200,12,155,29.99021,30.08962,99.66962028766066,0,True,1,thpack5.txt,https://people.brunel.ac.uk/~mastjjb/jeb/orlib/files/thpack5.txt
BR5,97,BR5-97,2512105,5870,2330,2200,12,137,29.777257,30.08962,98.96189117709031,0,True,1,thpack5.txt,https://people.brunel.ac.uk/~mastjjb/jeb/orlib/files/thpack5.txt
BR5,98,BR5-98,2512205,5870,2330,2200,12,133,29.957189,30.08962,99.559878124084,0,True,1,thpack5.txt,https://people.brunel.ac.uk/~mastjjb/jeb/orlib/files/thpack5.txt
BR5,99,BR5-99,2512305,5870,2330,2200,12,135,29.629153,30.08962,98.4696815712528,0,True,1,thpack5.txt,https://people.brunel.ac.uk/~mastjjb/jeb/orlib/files/thpack5.txt
BR5,100,BR5-100,2512405,5870,2330,2200,12,135,29.97491,30.08962,99.61877218788406,0,True,1,thpack5.txt,https://people.brunel.ac.uk/~mastjjb/jeb/orlib/files/thpack5.txt
BR6,1,BR6-1,2502505,5870,2330,2200,15,129,30.008675,30.08962,99.73098696494007,0,True,1,thpack6.txt,https://people.brunel.ac.uk/~mastjjb/jeb/orlib/files/thpack6.txt
BR6,2,BR6-2,2502605,5870,2330,2200,15,149,30.04153,30.08962,99.84017744325119,0,True,1,thpack6.txt,https://people.brunel.ac.uk/~mastjjb/jeb/orlib/files/thpack6.txt
BR6,3,BR6-3,2502705,5870,2330,2200,15,138,30.009225,30.08962,99.73281483780787,0,True,1,thpack6.txt,https://people.brunel.ac.uk/~mastjjb/jeb/orlib/files/thpack6.txt
BR6,4,BR6-4,2502805,5870,2330,2200,15,144,30.013774,30.08962,99.74793300812705,0,True,1,thpack6.txt,https://people.brunel.ac.uk/~mastjjb/jeb/orlib/files/thpack6.txt
BR6,5,BR6-5,2502905,5870,2330,2200,15,145,29.534659,30.08962,98.15563971894626,0,True,1,thpack6.txt,https://people.brunel.ac.uk/~mastjjb/jeb/orlib/files/thpack6.txt
BR6,6,BR6-6,2503005,5870,2330,2200,15,138,30.000946,30.08962,99.70530036603985,0,True,1,thpack6.txt,https://people.brunel.ac.uk/~mastjjb/jeb/orlib/files/thpack6.txt
BR6,7,BR6-7,2503105,5870,2330,2200,15,123,29.747366,30.08962,98.86255127183394,0,True,1,thpack6.txt,https://people.brunel.ac.uk/~mastjjb/jeb/orlib/files/thpack6.txt
BR6,8,BR6-8,2503205,5870,2330,2200,15,104,29.456225,30.08962,97.89497175437909,0,True,1,thpack6.txt,https://people.brunel.ac.uk/~mastjjb/jeb/orlib/files/thpack6.txt
BR6,9,BR6-9,2503305,5870,2330,2200,15,124,29.932368,30.08962,99.4773878832634,0,True,1,thpack6.txt,https://people.brunel.ac.uk/~mastjjb/jeb/orlib/files/thpack6.txt
BR6,10,BR6-10,2503405,5870,2330,2200,15,144,29.880496,30.08962,99.30499620799466,0,True,1,thpack6.txt,https://people.brunel.ac.uk/~mastjjb/jeb/orlib/files/thpack6.txt
BR6,11,BR6-11,2503505,5870,2330,2200,15,131,30.021952,30.08962,99.77511181596843,0,True,1,thpack6.txt,https://people.brunel.ac.uk/~mastjjb/jeb/orlib/files/thpack6.txt
BR6,12,BR6-12,2503605,5870,2330,2200,15,122,30.026843,30.08962,99.79136659087087,0,True,1,thpack6.txt,https://people.brunel.ac.uk/~mastjjb/jeb/orlib/files/thpack6.txt
BR6,13,BR6-13,2503705,5870,2330,2200,15,203,29.793576,30.08962,99.01612582678013,0,True,1,thpack6.txt,https://people.brunel.ac.uk/~mastjjb/jeb/orlib/files/thpack6.txt
BR6,14,BR6-14,2503805,5870,2330,2200,15,143,30.071895,30.08962,99.94109264257906,0,True,1,thpack6.txt,https://people.brunel.ac.uk/~mastjjb/jeb/orlib/files/thpack6.txt
BR6,15,BR6-15,2503905,5870,2330,2200,15,95,29.915075,30.08962,99.41991623689498,0,True,1,thpack6.txt,https://people.brunel.ac.uk/~mastjjb/jeb/orlib/files/thpack6.txt
BR6,16,BR6-16,2504005,5870,2330,2200,15,122,29.793005,30.08962,99.01422816240284,0,True,1,thpack6.txt,https://people.brunel.ac.uk/~mastjjb/jeb/orlib/files/thpack6.txt
BR6,17,BR6-17,2504105,5870,2330,2200,15,121,29.892949,30.08962,99.34638257312655,0,True,1,thpack6.txt,https://people.brunel.ac.uk/~mastjjb/jeb/orlib/files/thpack6.txt
BR6,18,BR6-18,2504205,5870,2330,2200,15,88,30.07745,30.08962,99.95955415854371,0,True,1,thpack6.txt,https://people.brunel.ac.uk/~mastjjb/jeb/orlib/files/thpack6.txt
BR6,19,BR6-19,2504305,5870,2330,2200,15,132,30.015663,30.08962,99.7542109205766,0,True,1,thpack6.txt,https://people.brunel.ac.uk/~mastjjb/jeb/orlib/files/thpack6.txt
BR6,20,BR6-20,2504405,5870,2330,2200,15,140,29.994523,30.08962,99.68395413434932,0,True,1,thpack6.txt,https://people.brunel.ac.uk/~mastjjb/jeb/orlib/files/thpack6.txt
BR6,21,BR6-21,2504505,5870,2330,2200,15,129,29.529435,30.08962,98.13827825010752,0,True,1,thpack6.txt,https://people.brunel.ac.uk/~mastjjb/jeb/orlib/files/thpack6.txt
BR6,22,BR6-22,2504605,5870,2330,2200,15,131,29.875125,30.08962,99.28714619858941,0,True,1,thpack6.txt,https://people.brunel.ac.uk/~mastjjb/jeb/orlib/files/thpack6.txt
BR6,23,BR6-23,2504705,5870,2330,2200,15,116,29.464414,30.08962,97.92218711967782,0,True,1,thpack6.txt,https://people.brunel.ac.uk/~mastjjb/jeb/orlib/files/thpack6.txt
BR6,24,BR6-24,2504805,5870,2330,2200,15,105,29.878297,30.08962,99.29768803992872,0,True,1,thpack6.txt,https://people.brunel.ac.uk/~mastjjb/jeb/orlib/files/thpack6.txt
BR6,25,BR6-25,2504905,5870,2330,2200,15,138,29.992364,30.08962,99.67677890249196,0,True,1,thpack6.txt,https://people.brunel.ac.uk/~mastjjb/jeb/orlib/files/thpack6.txt
BR6,26,BR6-26,2505005,5870,2330,2200,15,165,30.058712,30.08962,99.89728019164083,0,True,1,thpack6.txt,https://people.brunel.ac.uk/~mastjjb/jeb/orlib/files/thpack6.txt
BR6,27,BR6-27,2505105,5870,2330,2200,15,128,30.054362,30.08962,99.88282337895924,0,True,1,thpack6.txt,https://people.brunel.ac.uk/~mastjjb/jeb/orlib/files/thpack6.txt
BR6,28,BR6-28,2505205,5870,2330,2200,15,152,29.935012,30.08962,99.48617496664963,0,True,1,thpack6.txt,https://people.brunel.ac.uk/~mastjjb/jeb/orlib/files/thpack6.txt
BR6,29,BR6-29,2505305,5870,2330,2200,15,138,30.008568,30.08962,99.73063136058215,0,True,1,thpack6.txt,https://people.brunel.ac.uk/~mastjjb/jeb/orlib/files/thpack6.txt
BR6,30,BR6-30,2505405,5870,2330,2200,15,135,29.991109,30.08962,99.67260802894819,0,True,1,thpack6.txt,https://people.brunel.ac.uk/~mastjjb/jeb/orlib/files/thpack6.txt
BR6,31,BR6-31,2505505,5870,2330,2200,15,159,30.023965,30.08962,99.78180183066453,0,True,1,thpack6.txt,https://people.brunel.ac.uk/~mastjjb/jeb/orlib/files/thpack6.txt
BR6,32,BR6-32,2505605,5870,2330,2200,15,143,30.080118,30.08962,99.96842100365508,0,True,1,thpack6.txt,https://people.brunel.ac.uk/~mastjjb/jeb/orlib/files/thpack6.txt
BR6,33,BR6-33,2505705,5870,2330,2200,15,141,29.94692,30.08962,99.52575007593981,0,True,1,thpack6.txt,https://people.brunel.ac.uk/~mastjjb/jeb/orlib/files/thpack6.txt
BR6,34,BR6-34,2505805,5870,2330,2200,15,113,29.5209,30.08962,98.10991298660468,0,True,1,thpack6.txt,https://people.brunel.ac.uk/~mastjjb/jeb/orlib/files/thpack6.txt
BR6,35,BR6-35,2505905,5870,2330,2200,15,152,29.85002,30.08962,99.203712110688,0,True,1,thpack6.txt,https://people.brunel.ac.uk/~mastjjb/jeb/orlib/files/thpack6.txt
BR6,36,BR6-36,2506005,5870,2330,2200,15,113,30.013304,30.08962,99.7463710076764,0,True,1,thpack6.txt,https://people.brunel.ac.uk/~mastjjb/jeb/orlib/files/thpack6.txt
BR6,37,BR6-37,2506105,5870,2330,2200,15,106,29.791437,30.08962,99.00901706302704,0,True,1,thpack6.txt,https://people.brunel.ac.uk/~mastjjb/jeb/orlib/files/thpack6.txt
BR6,38,BR6-38,2506205,5870,2330,2200,15,131,29.971402,30.08962,99.60711368239281,0,True,1,thpack6.txt,https://people.brunel.ac.uk/~mastjjb/jeb/orlib/files/thpack6.txt
BR6,39,BR6-39,2506305,5870,2330,2200,15,183,29.977429,30.08962,99.62714384561852,0,True,1,thpack6.txt,https://people.brunel.ac.uk/~mastjjb/jeb/orlib/files/thpack6.txt
BR6,40,BR6-40,2506405,5870,2330,2200,15,102,29.928589,30.08962,99.4648287349591,0,True,1,thpack6.txt,https://people.brunel.ac.uk/~mastjjb/jeb/orlib/files/thpack6.txt
BR6,41,BR6-41,2506505,5870,2330,2200,15,131,30.060716,30.08962,99.90394029569,0,True,1,thpack6.txt,https://people.brunel.ac.uk/~mastjjb/jeb/orlib/files/thpack6.txt
BR6,42,BR6-42,2506605,5870,2330,2200,15,125,30.030805,30.08962,99.80453392232937,0,True,1,thpack6.txt,https://people.brunel.ac.uk/~mastjjb/jeb/orlib/files/thpack6.txt
BR6,43,BR6-43,2506705,5870,2330,2200,15,108,30.016386,30.08962,99.75661374254643,0,True,1,thpack6.txt,https://people.brunel.ac.uk/~mastjjb/jeb/orlib/files/thpack6.txt
BR6,44,BR6-44,2506805,5870,2330,2200,15,140,29.970679,30.08962,99.60471086042297,0,True,1,thpack6.txt,https://people.brunel.ac.uk/~mastjjb/jeb/orlib/files/thpack6.txt
BR6,45,BR6-45,2506905,5870,2330,2200,15,157,29.850185,30.08962,99.20426047254834,0,True,1,thpack6.txt,https://people.brunel.ac.uk/~mastjjb/jeb/orlib/files/thpack6.txt
BR6,46,BR6-46,2507005,5870,2330,2200,15,111,29.905463,30.08962,99.38797166597651,0,True,1,thpack6.txt,https://people.brunel.ac.uk/~mastjjb/jeb/orlib/files/thpack6.txt
BR6,47,BR6-47,2507105,5870,2330,2200,15,147,30.065924,30.08962,99.92124859004534,0,True,1,thpack6.txt,https://people.brunel.ac.uk/~mastjjb/jeb/orlib/files/thpack6.txt
BR6,48,BR6-48,2507205,5870,2330,2200,15,110,29.962952,30.08962,99.57903090833318,0,True,1,thpack6.txt,https://people.brunel.ac.uk/~mastjjb/jeb/orlib/files/thpack6.txt
BR6,49,BR6-49,2507305,5870,2330,2200,15,108,29.559267,30.08962,98.23742207445623,0,True,1,thpack6.txt,https://people.brunel.ac.uk/~mastjjb/jeb/orlib/files/thpack6.txt
BR6,50,BR6-50,2507405,5870,2330,2200,15,145,30.083711,30.08962,99.98036199858956,0,True,1,thpack6.txt,https://people.brunel.ac.uk/~mastjjb/jeb/orlib/files/thpack6.txt
BR6,51,BR6-51,2507505,5870,2330,2200,15,175,29.960368,30.08962,99.57044322925978,0,True,1,thpack6.txt,https://people.brunel.ac.uk/~mastjjb/jeb/orlib/files/thpack6.txt
BR6,52,BR6-52,2507605,5870,2330,2200,15,140,30.025524,30.08962,99.78698301939339,0,True,1,thpack6.txt,https://people.brunel.ac.uk/~mastjjb/jeb/orlib/files/thpack6.txt
BR6,53,BR6-53,2507705,5870,2330,2200,15,128,29.858852,30.08962,99.23306442553944,0,True,1,thpack6.txt,https://people.brunel.ac.uk/~mastjjb/jeb/orlib/files/thpack6.txt
BR6,54,BR6-54,2507805,5870,2330,2200,15,165,30.058865,30.08962,99.8977886726386,0,True,1,thpack6.txt,https://people.brunel.ac.uk/~mastjjb/jeb/orlib/files/thpack6.txt
BR6,55,BR6-55,2507905,5870,2330,2200,15,144,29.994664,30.08962,99.68442273448451,0,True,1,thpack6.txt,https://people.brunel.ac.uk/~mastjjb/jeb/orlib/files/thpack6.txt
BR6,56,BR6-56,2508005,5870,2330,2200,15,153,29.95301,30.08962,99.54598961369402,0,True,1,thpack6.txt,https://people.brunel.ac.uk/~mastjjb/jeb/orlib/files/thpack6.txt
BR6,57,BR6-57,2508105,5870,2330,2200,15,111,30.077239,30.08962,99.95885292004353,0,True,1,thpack6.txt,https://people.brunel.ac.uk/~mastjjb/jeb/orlib/files/thpack6.txt
BR6,58,BR6-58,2508205,5870,2330,2200,15,116,30.011146,30.08962,99.73919909922425,0,True,1,thpack6.txt,https://people.brunel.ac.uk/~mastjjb/jeb/orlib/files/thpack6.txt
BR6,59,BR6-59,2508305,5870,2330,2200,15,126,29.799125,30.08962,99.03456740231348,0,True,1,thpack6.txt,https://people.brunel.ac.uk/~mastjjb/jeb/orlib/files/thpack6.txt
BR6,60,BR6-60,2508405,5870,2330,2200,15,132,30.009064,30.08962,99.73227976956838,0,True,1,thpack6.txt,https://people.brunel.ac.uk/~mastjjb/jeb/orlib/files/thpack6.txt
BR6,61,BR6-61,2508505,5870,2330,2200,15,110,30.009575,30.08962,99.73397802963281,0,True,1,thpack6.txt,https://people.brunel.ac.uk/~mastjjb/jeb/orlib/files/thpack6.txt
BR6,62,BR6-62,2508605,5870,2330,2200,15,123,29.989871,30.08962,99.66849365329307,0,True,1,thpack6.txt,https://people.brunel.ac.uk/~mastjjb/jeb/orlib/files/thpack6.txt
BR6,63,BR6-63,2508705,5870,2330,2200,15,114,30.071732,30.08962,99.94055092752916,0,True,1,thpack6.txt,https://people.brunel.ac.uk/~mastjjb/jeb/orlib/files/thpack6.txt
BR6,64,BR6-64,2508805,5870,2330,2200,15,125,29.646544,30.08962,98.52747891133221,0,True,1,thpack6.txt,https://people.brunel.ac.uk/~mastjjb/jeb/orlib/files/thpack6.txt
BR6,65,BR6-65,2508905,5870,2330,2200,15,156,30.051954,30.08962,99.87482061920356,0,True,1,thpack6.txt,https://people.brunel.ac.uk/~mastjjb/jeb/orlib/files/thpack6.txt
BR6,66,BR6-66,2509005,5870,2330,2200,15,116,29.919562,30.08962,99.4348283560909,0,True,1,thpack6.txt,https://people.brunel.ac.uk/~mastjjb/jeb/orlib/files/thpack6.txt
BR6,67,BR6-67,2509105,5870,2330,2200,15,150,29.970647,30.08962,99.6046045114561,0,True,1,thpack6.txt,https://people.brunel.ac.uk/~mastjjb/jeb/orlib/files/thpack6.txt
BR6,68,BR6-68,2509205,5870,2330,2200,15,103,29.631222,30.08962,98.4765576966409,0,True,1,thpack6.txt,https://people.brunel.ac.uk/~mastjjb/jeb/orlib/files/thpack6.txt
BR6,69,BR6-69,2509305,5870,2330,2200,15,167,29.806022,30.08962,99.05748892807553,0,True,1,thpack6.txt,https://people.brunel.ac.uk/~mastjjb/jeb/orlib/files/thpack6.txt
BR6,70,BR6-70,2509405,5870,2330,2200,15,106,30.046408,30.08962,99.85638901388585,0,True,1,thpack6.txt,https://people.brunel.ac.uk/~mastjjb/jeb/orlib/files/thpack6.txt
BR6,71,BR6-71,2509505,5870,2330,2200,15,137,30.047189,30.08962,99.85898459335812,0,True,1,thpack6.txt,https://people.brunel.ac.uk/~mastjjb/jeb/orlib/files/thpack6.txt
BR6,72,BR6-72,2509605,5870,2330,2200,15,132,30.014616,30.08962,99.75073131531738,0,True,1,thpack6.txt,https://people.brunel.ac.uk/~mastjjb/jeb/orlib/files/thpack6.txt
BR6,73,BR6-73,2509705,5870,2330,2200,15,114,29.882934,30.08962,99.31309866990676,0,True,1,thpack6.txt,https://people.brunel.ac.uk/~mastjjb/jeb/orlib/files/thpack6.txt
BR6,74,BR6-74,2509805,5870,2330,2200,15,100,29.601906,30.08962,98.37912874938269,0,True,1,thpack6.txt,https://people.brunel.ac.uk/~mastjjb/jeb/orlib/files/thpack6.txt
BR6,75,BR6-75,2509905,5870,2330,2200,15,123,29.99718,30.08962,99.69278442200333,0,True,1,thpack6.txt,https://people.brunel.ac.uk/~mastjjb/jeb/orlib/files/thpack6.txt
BR6,76,BR6-76,2510005,5870,2330,2200,15,122,30.086702,30.08962,99.99030230358508,0,True,1,thpack6.txt,https://people.brunel.ac.uk/~mastjjb/jeb/orlib/files/thpack6.txt
BR6,77,BR6-77,2510105,5870,2330,2200,15,158,30.011244,30.08962,99.73952479293524,0,True,1,thpack6.txt,https://people.brunel.ac.uk/~mastjjb/jeb/orlib/files/thpack6.txt
BR6,78,BR6-78,2510205,5870,2330,2200,15,155,30.008318,30.08962,99.7298005092786,0,True,1,thpack6.txt,https://people.brunel.ac.uk/~mastjjb/jeb/orlib/files/thpack6.txt
BR6,79,BR6-79,2510305,5870,2330,2200,15,168,30.05212,30.08962,99.87537230446911,0,True,1,thpack6.txt,https://people.brunel.ac.uk/~mastjjb/jeb/orlib/files/thpack6.txt
BR6,80,BR6-80,2510405,5870,2330,2200,15,158,29.874224,30.08962,99.28415181049147,0,True,1,thpack6.txt,https://people.brunel.ac.uk/~mastjjb/jeb/orlib/files/thpack6.txt
BR6,81,BR6-81,2510505,5870,2330,2200,15,94,29.915658,30.08962,99.42185378213483,0,True,1,thpack6.txt,https://people.brunel.ac.uk/~mastjjb/jeb/orlib/files/thpack6.txt
BR6,82,BR6-82,2510605,5870,2330,2200,15,139,29.656352,30.08962,98.56007486967266,0,True,1,thpack6.txt,https://people.brunel.ac.uk/~mastjjb/jeb/orlib/files/thpack6.txt
BR6,83,BR6-83,2510705,5870,2330,2200,15,129,29.841362,30.08962,99.17493806834383,0,True,1,thpack6.txt,https://people.brunel.ac.uk/~mastjjb/jeb/orlib/files/thpack6.txt
BR6,84,BR6-84,2510805,5870,2330,2200,15,137,29.994665,30.08962,99.68442605788972,0,True,1,thpack6.txt,https://people.brunel.ac.uk/~mastjjb/jeb/orlib/files/thpack6.txt
BR6,85,BR6-85,2510905,5870,2330,2200,15,128,29.822974,30.08962,99.11382729326593,0,True,1,thpack6.txt,https://people.brunel.ac.uk/~mastjjb/jeb/orlib/files/thpack6.txt
BR6,86,BR6-86,2511005,5870,2330,2200,15,138,30.054562,30.08962,99.8834880600021,0,True,1,thpack6.txt,https://people.brunel.ac.uk/~mastjjb/jeb/orlib/files/thpack6.txt
BR6,87,BR6-87,2511105,5870,2330,2200,15,108,29.894416,30.08962,99.35125800857571,0,True,1,thpack6.txt,https://people.brunel.ac.uk/~mastjjb/jeb/orlib/files/thpack6.txt
BR6,88,BR6-88,2511205,5870,2330,2200,15,171,30.03011,30.08962,99.80222415570552,0,True,1,thpack6.txt,https://people.brunel.ac.uk/~mastjjb/jeb/orlib/files/thpack6.txt
BR6,89,BR6-89,2511305,5870,2330,2200,15,100,29.709522,30.08962,98.73678032490939,0,True,1,thpack6.txt,https://people.brunel.ac.uk/~mastjjb/jeb/orlib/files/thpack6.txt
BR6,90,BR6-90,2511405,5870,2330,2200,15,85,30.010176,30.08962,99.73597539616652,0,True,1,thpack6.txt,https://people.brunel.ac.uk/~mastjjb/jeb/orlib/files/thpack6.txt
BR6,91,BR6-91,2511505,5870,2330,2200,15,123,30.020474,30.08962,99.77019982306192,0,True,1,thpack6.txt,https://people.brunel.ac.uk/~mastjjb/jeb/orlib/files/thpack6.txt
BR6,92,BR6-92,2511605,5870,2330,2200,15,114,30.036537,30.08962,99.82358368101691,0,True,1,thpack6.txt,https://people.brunel.ac.uk/~mastjjb/jeb/orlib/files/thpack6.txt
BR6,93,BR6-93,2511705,5870,2330,2200,15,86,29.831329,30.08962,99.14159434383019,0,True,1,thpack6.txt,https://people.brunel.ac.uk/~mastjjb/jeb/orlib/files/thpack6.txt
BR6,94,BR6-94,2511805,5870,2330,2200,15,138,29.783627,30.08962,98.98306126830448,0,True,1,thpack6.txt,https://people.brunel.ac.uk/~mastjjb/jeb/orlib/files/thpack6.txt
BR6,95,BR6-95,2511905,5870,2330,2200,15,155,30.0717,30.08962,99.9404445785623,0,True,1,thpack6.txt,https://people.brunel.ac.uk/~mastjjb/jeb/orlib/files/thpack6.txt
BR6,96,BR6-96,2512005,5870,2330,2200,15,131,30.07579,30.08962,99.9540373058882,0,True,1,thpack6.txt,https://people.brunel.ac.uk/~mastjjb/jeb/orlib/files/thpack6.txt
BR6,97,BR6-97,2512105,5870,2330,2200,15,141,29.802253,30.08962,99.04496301382338,0,True,1,thpack6.txt,https://people.brunel.ac.uk/~mastjjb/jeb/orlib/files/thpack6.txt
BR6,98,BR6-98,2512205,5870,2330,2200,15,147,30.001157,30.08962,99.70600160454003,0,True,1,thpack6.txt,https://people.brunel.ac.uk/~mastjjb/jeb/orlib/files/thpack6.txt
BR6,99,BR6-99,2512305,5870,2330,2200,15,120,29.959619,30.08962,99.56795399875439,0,True,1,thpack6.txt,https://people.brunel.ac.uk/~mastjjb/jeb/orlib/files/thpack6.txt
BR6,100,BR6-100,2512405,5870,2330,2200,15,139,29.868845,30.08962,99.26627521384451,0,True,1,thpack6.txt,https://people.brunel.ac.uk/~mastjjb/jeb/orlib/files/thpack6.txt
BR7,1,BR7-1,2502505,5870,2330,2200,20,110,29.451164,30.08962,97.87815200059023,0,True,1,thpack7.txt,https://people.brunel.ac.uk/~mastjjb/jeb/orlib/files/thpack7.txt
BR7,2,BR7-2,2502605,5870,2330,2200,20,129,29.637709,30.08962,98.49811662626514,0,True,1,thpack7.txt,https://people.brunel.ac.uk/~mastjjb/jeb/orlib/files/thpack7.txt
BR7,3,BR7-3,2502705,5870,2330,2200,20,126,30.033026,30.08962,99.81191520531002,0,True,1,thpack7.txt,https://people.brunel.ac.uk/~mastjjb/jeb/orlib/files/thpack7.txt
BR7,4,BR7-4,2502805,5870,2330,2200,20,153,30.088733,30.08962,99.99705213957503,0,True,1,thpack7.txt,https://people.brunel.ac.uk/~mastjjb/jeb/orlib/files/thpack7.txt
BR7,5,BR7-5,2502905,5870,2330,2200,20,126,29.977458,30.08962,99.62724022436973,0,True,1,thpack7.txt,https://people.brunel.ac.uk/~mastjjb/jeb/orlib/files/thpack7.txt
BR7,6,BR7-6,2503005,5870,2330,2200,20,156,29.993038,30.08962,99.6790188776063,0,True,1,thpack7.txt,https://people.brunel.ac.uk/~mastjjb/jeb/orlib/files/thpack7.txt
BR7,7,BR7-7,2503105,5870,2330,2200,20,109,30.006602,30.08962,99.72409754593113,0,True,1,thpack7.txt,https://people.brunel.ac.uk/~mastjjb/jeb/orlib/files/thpack7.txt
BR7,8,BR7-8,2503205,5870,2330,2200,20,119,30.049665,30.08962,99.86721334466836,0,True,1,thpack7.txt,https://people.brunel.ac.uk/~mastjjb/jeb/orlib/files/thpack7.txt
BR7,9,BR7-9,2503305,5870,2330,2200,20,129,29.89387,30.08962,99.34944342932879,0,True,1,thpack7.txt,https://people.brunel.ac.uk/~mastjjb/jeb/orlib/files/thpack7.txt
BR7,10,BR7-10,2503405,5870,2330,2200,20,135,30.046972,30.08962,99.85826341442664,0,True,1,thpack7.txt,https://people.brunel.ac.uk/~mastjjb/jeb/orlib/files/thpack7.txt
BR7,11,BR7-11,2503505,5870,2330,2200,20,143,30.000679,30.08962,99.70441301684767,0,True,1,thpack7.txt,https://people.brunel.ac.uk/~mastjjb/jeb/orlib/files/thpack7.txt
BR7,12,BR7-12,2503605,5870,2330,2200,20,146,30.067231,30.08962,99.92559228066024,0,True,1,thpack7.txt,https://people.brunel.ac.uk/~mastjjb/jeb/orlib/files/thpack7.txt
BR7,13,BR7-13,2503705,5870,2330,2200,20,172,29.787791,30.08962,98.99689992761623,0,True,1,thpack7.txt,https://people.brunel.ac.uk/~mastjjb/jeb/orlib/files/thpack7.txt
BR7,14,BR7-14,2503805,5870,2330,2200,20,119,30.014869,30.08962,99.75157213683656,0,True,1,thpack7.txt,https://people.brunel.ac.uk/~mastjjb/jeb/orlib/files/thpack7.txt
BR7,15,BR7-15,2503905,5870,2330,2200,20,117,30.082774,30.08962,99.97724796790388,0,True,1,thpack7.txt,https://people.brunel.ac.uk/~mastjjb/jeb/orlib/files/thpack7.txt
BR7,16,BR7-16,2504005,5870,2330,2200,20,118,30.039301,30.08962,99.83276957302884,0,True,1,thpack7.txt,https://people.brunel.ac.uk/~mastjjb/jeb/orlib/files/thpack7.txt
BR7,17,BR7-17,2504105,5870,2330,2200,20,125,29.671725,30.08962,98.6111655780299,0,True,1,thpack7.txt,https://people.brunel.ac.uk/~mastjjb/jeb/orlib/files/thpack7.txt
BR7,18,BR7-18,2504205,5870,2330,2200,20,103,30.014474,30.08962,99.75025939177696,0,True,1,thpack7.txt,https://people.brunel.ac.uk/~mastjjb/jeb/orlib/files/thpack7.txt
BR7,19,BR7-19,2504305,5870,2330,2200,20,135,29.696459,30.08962,98.69336668259685,0,True,1,thpack7.txt,https://people.brunel.ac.uk/~mastjjb/jeb/orlib/files/thpack7.txt
BR7,20,BR7-20,2504405,5870,2330,2200,20,130,29.97549,30.08962,99.62069976290827,0,True,1,thpack7.txt,https://people.brunel.ac.uk/~mastjjb/jeb/orlib/files/thpack7.txt
BR7,21,BR7-21,2504505,5870,2330,2200,20,133,29.697847,30.08962,98.6979795690341,0,True,1,thpack7.txt,https://people.brunel.ac.uk/~mastjjb/jeb/orlib/files/thpack7.txt
BR7,22,BR7-22,2504605,5870,2330,2200,20,130,29.987042,30.08962,99.65909173994221,0,True,1,thpack7.txt,https://people.brunel.ac.uk/~mastjjb/jeb/orlib/files/thpack7.txt
BR7,23,BR7-23,2504705,5870,2330,2200,20,157,29.897216,30.08962,99.36056354317535,0,True,1,thpack7.txt,https://people.brunel.ac.uk/~mastjjb/jeb/orlib/files/thpack7.txt
BR7,24,BR7-24,2504805,5870,2330,2200,20,105,29.956839,30.08962,99.55871493225902,0,True,1,thpack7.txt,https://people.brunel.ac.uk/~mastjjb/jeb/orlib/files/thpack7.txt
BR7,25,BR7-25,2504905,5870,2330,2200,20,130,29.852325,30.08962,99.21137255970663,0,True,1,thpack7.txt,https://people.brunel.ac.uk/~mastjjb/jeb/orlib/files/thpack7.txt
BR7,26,BR7-26,2505005,5870,2330,2200,20,151,30.060506,30.08962,99.90324238059503,0,True,1,thpack7.txt,https://people.brunel.ac.uk/~mastjjb/jeb/orlib/files/thpack7.txt
BR7,27,BR7-27,2505105,5870,2330,2200,20,121,29.965903,30.08962,99.58883827712015,0,True,1,thpack7.txt,https://people.brunel.ac.uk/~mastjjb/jeb/orlib/files/thpack7.txt
BR7,28,BR7-28,2505205,5870,2330,2200,20,144,29.774752,30.08962,98.95356604702884,0,True,1,thpack7.txt,https://people.brunel.ac.uk/~mastjjb/jeb/orlib/files/thpack7.txt
BR7,29,BR7-29,2505305,5870,2330,2200,20,117,29.972017,30.08962,99.6091575765995,0,True,1,thpack7.txt,https://people.brunel.ac.uk/~mastjjb/jeb/orlib/files/thpack7.txt
BR7,30,BR7-30,2505405,5870,2330,2200,20,143,30.015857,30.08962,99.75485566118815,0,True,1,thpack7.txt,https://people.brunel.ac.uk/~mastjjb/jeb/orlib/files/thpack7.txt
BR7,31,BR7-31,2505505,5870,2330,2200,20,161,30.022625,30.08962,99.77734846767757,0,True,1,thpack7.txt,https://people.brunel.ac.uk/~mastjjb/jeb/orlib/files/thpack7.txt
BR7,32,BR7-32,2505605,5870,2330,2200,20,149,29.958856,30.08962,99.56541824057598,0,True,1,thpack7.txt,https://people.brunel.ac.uk/~mastjjb/jeb/orlib/files/thpack7.txt
BR7,33,BR7-33,2505705,5870,2330,2200,20,142,29.96578,30.08962,99.58842949827881,0,True,1,thpack7.txt,https://people.brunel.ac.uk/~mastjjb/jeb/orlib/files/thpack7.txt
BR7,34,BR7-34,2505805,5870,2330,2200,20,106,29.809362,30.08962,99.06858910149082,0,True,1,thpack7.txt,https://people.brunel.ac.uk/~mastjjb/jeb/orlib/files/thpack7.txt
BR7,35,BR7-35,2505905,5870,2330,2200,20,162,30.072842,30.08962,99.94423990731688,0,True,1,thpack7.txt,https://people.brunel.ac.uk/~mastjjb/jeb/orlib/files/thpack7.txt
BR7,36,BR7-36,2506005,5870,2330,2200,20,133,29.739913,30.08962,98.83778193277283,0,True,1,thpack7.txt,https://people.brunel.ac.uk/~mastjjb/jeb/orlib/files/thpack7.txt
BR7,37,BR7-37,2506105,5870,2330,2200,20,99,29.816814,30.08962,99.09335511714671,0,True,1,thpack7.txt,https://people.brunel.ac.uk/~mastjjb/jeb/orlib/files/thpack7.txt
BR7,38,BR7-38,2506205,5870,2330,2200,20,120,29.983822,30.08962,99.64839037515263,0,True,1,thpack7.txt,https://people.brunel.ac.uk/~mastjjb/jeb/orlib/files/thpack7.txt
BR7,39,BR7-39,2506305,5870,2330,2200,20,167,29.868734,30.08962,99.26590631586573,0,True,1,thpack7.txt,https://people.brunel.ac.uk/~mastjjb/jeb/orlib/files/thpack7.txt
BR7,40,BR7-40,2506405,5870,2330,2200,20,119,30.022835,30.08962,99.77804638277253,0,True,1,thpack7.txt,https://people.brunel.ac.uk/~mastjjb/jeb/orlib/files/thpack7.txt
BR7,41,BR7-41,2506505,5870,2330,2200,20,127,29.729668,30.08962,98.80373364635379,0,True,1,thpack7.txt,https://people.brunel.ac.uk/~mastjjb/jeb/orlib/files/thpack7.txt
BR7,42,BR7-42,2506605,5870,2330,2200,20,108,29.753225,30.08962,98.88202310298368,0,True,1,thpack7.txt,https://people.brunel.ac.uk/~mastjjb/jeb/orlib/files/thpack7.txt
BR7,43,BR7-43,2506705,5870,2330,2200,20,96,29.58862,30.08962,98.33497398770739,0,True,1,thpack7.txt,https://people.brunel.ac.uk/~mastjjb/jeb/orlib/files/thpack7.txt
BR7,44,BR7-44,2506805,5870,2330,2200,20,156,29.781291,30.08962,98.97529779372421,0,True,1,thpack7.txt,https://people.brunel.ac.uk/~mastjjb/jeb/orlib/files/thpack7.txt
BR7,45,BR7-45,2506905,5870,2330,2200,20,140,29.747233,30.08962,98.86210925894045,0,True,1,thpack7.txt,https://people.brunel.ac.uk/~mastjjb/jeb/orlib/files/thpack7.txt
BR7,46,BR7-46,2507005,5870,2330,2200,20,116,29.75916,30.08962,98.9017475129297,0,True,1,thpack7.txt,https://people.brunel.ac.uk/~mastjjb/jeb/orlib/files/thpack7.txt
BR7,47,BR7-47,2507105,5870,2330,2200,20,150,29.87332,30.08962,99.28114745217786,0,True,1,thpack7.txt,https://people.brunel.ac.uk/~mastjjb/jeb/orlib/files/thpack7.txt
BR7,48,BR7-48,2507205,5870,2330,2200,20,113,29.696918,30.08962,98.69489212559014,0,True,1,thpack7.txt,https://people.brunel.ac.uk/~mastjjb/jeb/orlib/files/thpack7.txt
BR7,49,BR7-49,2507305,5870,2330,2200,20,131,29.907173,30.08962,99.39365468889272,0,True,1,thpack7.txt,https://people.brunel.ac.uk/~mastjjb/jeb/orlib/files/thpack7.txt
BR7,50,BR7-50,2507405,5870,2330,2200,20,149,29.911579,30.08962,99.4082976122663,0,True,1,thpack7.txt,https://people.brunel.ac.uk/~mastjjb/jeb/orlib/files/thpack7.txt
BR7,51,BR7-51,2507505,5870,2330,2200,20,166,30.030638,30.08962,99.8039789136586,0,True,1,thpack7.txt,https://people.brunel.ac.uk/~mastjjb/jeb/orlib/files/thpack7.txt
BR7,52,BR7-52,2507605,5870,2330,2200,20,138,30.001865,30.08962,99.70835457543166,0,True,1,thpack7.txt,https://people.brunel.ac.uk/~mastjjb/jeb/orlib/files/thpack7.txt
BR7,53,BR7-53,2507705,5870,2330,2200,20,122,30.023208,30.08962,99.77928601291741,0,True,1,thpack7.txt,https://people.brunel.ac.uk/~mastjjb/jeb/orlib/files/thpack7.txt
BR7,54,BR7-54,2507805,5870,2330,2200,20,143,29.593102,30.08962,98.34986948987724,0,True,1,thpack7.txt,https://people.brunel.ac.uk/~mastjjb/jeb/orlib/files/thpack7.txt
BR7,55,BR7-55,2507905,5870,2330,2200,20,142,29.898383,30.08962,99.36444195706028,0,True,1,thpack7.txt,https://people.brunel.ac.uk/~mastjjb/jeb/orlib/files/thpack7.txt
BR7,56,BR7-56,2508005,5870,2330,2200,20,162,29.910359,30.08962,99.40424305790502,0,True,1,thpack7.txt,https://people.brunel.ac.uk/~mastjjb/jeb/orlib/files/thpack7.txt
BR7,57,BR7-57,2508105,5870,2330,2200,20,127,29.954545,30.08962,99.55109104069776,0,True,1,thpack7.txt,https://people.brunel.ac.uk/~mastjjb/jeb/orlib/files/thpack7.txt
BR7,58,BR7-58,2508205,5870,2330,2200,20,116,29.598886,30.08962,98.36909206563593,0,True,1,thpack7.txt,https://people.brunel.ac.uk/~mastjjb/jeb/orlib/files/thpack7.txt
BR7,59,BR7-59,2508305,5870,2330,2200,20,129,29.782293,30.08962,98.9786278457488,0,True,1,thpack7.txt,https://people.brunel.ac.uk/~mastjjb/jeb/orlib/files/thpack7.txt
BR7,60,BR7-60,2508405,5870,2330,2200,20,126,30.057851,30.08962,99.89441873975144,0,True,1,thpack7.txt,https://people.brunel.ac.uk/~mastjjb/jeb/orlib/files/thpack7.txt
BR7,61,BR7-61,2508505,5870,2330,2200,20,100,29.476247,30.08962,97.96151297357693,0,True,1,thpack7.txt,https://people.brunel.ac.uk/~mastjjb/jeb/orlib/files/thpack7.txt
BR7,62,BR7-62,2508605,5870,2330,2200,20,126,29.950784,30.08962,99.53859171368731,0,True,1,thpack7.txt,https://people.brunel.ac.uk/~mastjjb/jeb/orlib/files/thpack7.txt
BR7,63,BR7-63,2508705,5870,2330,2200,20,107,29.732206,30.08962,98.81216844878732,0,True,1,thpack7.txt,https://people.brunel.ac.uk/~mastjjb/jeb/orlib/files/thpack7.txt
BR7,64,BR7-64,2508805,5870,2330,2200,20,108,29.897492,30.08962,99.36148080301446,0,True,1,thpack7.txt,https://people.brunel.ac.uk/~mastjjb/jeb/orlib/files/thpack7.txt
BR7,65,BR7-65,2508905,5870,2330,2200,20,168,30.03529,30.08962,99.81943939471486,0,True,1,thpack7.txt,https://people.brunel.ac.uk/~mastjjb/jeb/orlib/files/thpack7.txt
BR7,66,BR7-66,2509005,5870,2330,2200,20,117,29.825836,30.08962,99.12333887898883,0,True,1,thpack7.txt,https://people.brunel.ac.uk/~mastjjb/jeb/orlib/files/thpack7.txt
BR7,67,BR7-67,2509105,5870,2330,2200,20,162,30.087794,30.08962,99.99393146207895,0,True,1,thpack7.txt,https://people.brunel.ac.uk/~mastjjb/jeb/orlib/files/thpack7.txt
BR7,68,BR7-68,2509205,5870,2330,2200,20,105,30.060667,30.08962,99.90377744883452,0,True,1,thpack7.txt,https://people.brunel.ac.uk/~mastjjb/jeb/orlib/files/thpack7.txt
BR7,69,BR7-69,2509305,5870,2330,2200,20,155,30.021527,30.08962,99.77369936875242,0,True,1,thpack7.txt,https://people.brunel.ac.uk/~mastjjb/jeb/orlib/files/thpack7.txt
BR7,70,BR7-70,2509405,5870,2330,2200,20,111,29.923263,30.08962,99.4471282787885,0,True,1,thpack7.txt,https://people.brunel.ac.uk/~mastjjb/jeb/orlib/files/thpack7.txt
BR7,71,BR7-71,2509505,5870,2330,2200,20,127,29.995112,30.08962,99.68591162002046,0,True,1,thpack7.txt,https://people.brunel.ac.uk/~mastjjb/jeb/orlib/files/thpack7.txt
BR7,72,BR7-72,2509605,5870,2330,2200,20,127,29.879133,30.08962,99.30046640668776,0,True,1,thpack7.txt,https://people.brunel.ac.uk/~mastjjb/jeb/orlib/files/thpack7.txt
BR7,73,BR7-73,2509705,5870,2330,2200,20,121,29.991387,30.08962,99.67353193559772,0,True,1,thpack7.txt,https://people.brunel.ac.uk/~mastjjb/jeb/orlib/files/thpack7.txt
BR7,74,BR7-74,2509805,5870,2330,2200,20,108,29.88172,30.08962,99.30906405597678,0,True,1,thpack7.txt,https://people.brunel.ac.uk/~mastjjb/jeb/orlib/files/thpack7.txt
BR7,75,BR7-75,2509905,5870,2330,2200,20,129,30.034577,30.08962,99.81706980679716,0,True,1,thpack7.txt,https://people.brunel.ac.uk/~mastjjb/jeb/orlib/files/thpack7.txt
BR7,76,BR7-76,2510005,5870,2330,2200,20,105,30.066125,30.08962,99.92191659449338,0,True,1,thpack7.txt,https://people.brunel.ac.uk/~mastjjb/jeb/orlib/files/thpack7.txt
BR7,77,BR7-77,2510105,5870,2330,2200,20,158,29.925401,30.08962,99.45423371913637,0,True,1,thpack7.txt,https://people.brunel.ac.uk/~mastjjb/jeb/orlib/files/thpack7.txt
BR7,78,BR7-78,2510205,5870,2330,2200,20,142,29.78177,30.08962,98.97688970482179,0,True,1,thpack7.txt,https://people.brunel.ac.uk/~mastjjb/jeb/orlib/files/thpack7.txt
BR7,79,BR7-79,2510305,5870,2330,2200,20,166,29.985594,30.08962,99.65427944919212,0,True,1,thpack7.txt,https://people.brunel.ac.uk/~mastjjb/jeb/orlib/files/thpack7.txt
BR7,80,BR7-80,2510405,5870,2330,2200,20,128,30.065218,30.08962,99.91890226596414,0,True,1,thpack7.txt,https://people.brunel.ac.uk/~mastjjb/jeb/orlib/files/thpack7.txt
BR7,81,BR7-81,2510505,5870,2330,2200,20,110,29.934322,30.08962,99.48388181705185,0,True,1,thpack7.txt,https://people.brunel.ac.uk/~mastjjb/jeb/orlib/files/thpack7.txt
BR7,82,BR7-82,2510605,5870,2330,2200,20,131,29.869293,30.08962,99.26776409938046,0,True,1,thpack7.txt,https://people.brunel.ac.uk/~mastjjb/jeb/orlib/files/thpack7.txt
BR7,83,BR7-83,2510705,5870,2330,2200,20,139,29.945622,30.08962,99.52143629597184,0,True,1,thpack7.txt,https://people.brunel.ac.uk/~mastjjb/jeb/orlib/files/thpack7.txt
BR7,84,BR7-84,2510805,5870,2330,2200,20,154,29.880495,30.08962,99.30499288458944,0,True,1,thpack7.txt,https://people.brunel.ac.uk/~mastjjb/jeb/orlib/files/thpack7.txt
BR7,85,BR7-85,2510905,5870,2330,2200,20,108,29.46536,30.08962,97.92533106101041,0,True,1,thpack7.txt,https://people.brunel.ac.uk/~mastjjb/jeb/orlib/files/thpack7.txt
BR7,86,BR7-86,2511005,5870,2330,2200,20,134,29.531308,30.08962,98.14450298807363,0,True,1,thpack7.txt,https://people.brunel.ac.uk/~mastjjb/jeb/orlib/files/thpack7.txt
BR7,87,BR7-87,2511105,5870,2330,2200,20,117,30.003318,30.08962,99.71318348320783,0,True,1,thpack7.txt,https://people.brunel.ac.uk/~mastjjb/jeb/orlib/files/thpack7.txt
BR7,88,BR7-88,2511205,5870,2330,2200,20,142,29.647993,30.08962,98.53229452548753,0,True,1,thpack7.txt,https://people.brunel.ac.uk/~mastjjb/jeb/orlib/files/thpack7.txt
BR7,89,BR7-89,2511305,5870,2330,2200,20,105,30.061753,30.08962,99.9073866668971,0,True,1,thpack7.txt,https://people.brunel.ac.uk/~mastjjb/jeb/orlib/files/thpack7.txt
BR7,90,BR7-90,2511405,5870,2330,2200,20,97,30.008975,30.08962,99.73198398650432,0,True,1,thpack7.txt,https://people.brunel.ac.uk/~mastjjb/jeb/orlib/files/thpack7.txt
BR7,91,BR7-91,2511505,5870,2330,2200,20,106,29.813888,30.08962,99.08363083349009,0,True,1,thpack7.txt,https://people.brunel.ac.uk/~mastjjb/jeb/orlib/files/thpack7.txt
BR7,92,BR7-92,2511605,5870,2330,2200,20,118,30.055993,30.08962,99.88824385286354,0,True,1,thpack7.txt,https://people.brunel.ac.uk/~mastjjb/jeb/orlib/files/thpack7.txt
BR7,93,BR7-93,2511705,5870,2330,2200,20,90,29.984466,30.08962,99.65053064811055,0,True,1,thpack7.txt,https://people.brunel.ac.uk/~mastjjb/jeb/orlib/files/thpack7.txt
BR7,94,BR7-94,2511805,5870,2330,2200,20,134,29.956576,30.08962,99.5578408766877,0,True,1,thpack7.txt,https://people.brunel.ac.uk/~mastjjb/jeb/orlib/files/thpack7.txt
BR7,95,BR7-95,2511905,5870,2330,2200,20,146,29.853814,30.08962,99.21632111007051,0,True,1,thpack7.txt,https://people.brunel.ac.uk/~mastjjb/jeb/orlib/files/thpack7.txt
BR7,96,BR7-96,2512005,5870,2330,2200,20,151,29.992255,30.08962,99.6764166513236,0,True,1,thpack7.txt,https://people.brunel.ac.uk/~mastjjb/jeb/orlib/files/thpack7.txt
BR7,97,BR7-97,2512105,5870,2330,2200,20,124,29.798926,30.08962,99.03390604467587,0,True,1,thpack7.txt,https://people.brunel.ac.uk/~mastjjb/jeb/orlib/files/thpack7.txt
BR7,98,BR7-98,2512205,5870,2330,2200,20,144,30.064926,30.08962,99.91793183164161,0,True,1,thpack7.txt,https://people.brunel.ac.uk/~mastjjb/jeb/orlib/files/thpack7.txt
BR7,99,BR7-99,2512305,5870,2330,2200,20,145,29.837699,30.08962,99.16276443504438,0,True,1,thpack7.txt,https://people.brunel.ac.uk/~mastjjb/jeb/orlib/files/thpack7.txt
BR7,100,BR7-100,2512405,5870,2330,2200,20,122,30.000959,30.08962,99.70534357030763,0,True,1,thpack7.txt,https://people.brunel.ac.uk/~mastjjb/jeb/orlib/files/thpack7.txt
